action,target_id
inhibitor,BE0000048
antagonist,BE0000767
binder,BE0000658
agonist,BE0000651
antibody,BE0000704
agonist,BE0000203
agonist,BE0000385
agonist,BE0000661
activator,BE0000211
agonist,BE0000625
agonist,BE0000654
agonist,BE0000134
agonist,BE0000431
agonist,BE0000793
agonist,BE0000628
agonist,BE0001036
agonist,BE0002115
agonist,BE0002116
other/unknown,BE0004798
agonist,BE0000490
activator,BE0000216
cofactor,BE0000364
binder,BE0001043
antagonist,BE0002117
binder,BE0002118
chaperone,BE0001098
chaperone,BE0002109
chaperone,BE0001011
chaperone,BE0002119
modulator,BE0002110
modulator,BE0002120
antagonist,BE0000565
antagonist,BE0000710
antagonist,BE0004684
antagonist,BE0002098
antagonist,BE0002099
antagonist,BE0002100
antagonist,BE0002097
antagonist,BE0000901
binder,BE0003455
binder,BE0004685
binder,BE0004686
binder,BE0000855
agonist,BE0000033
binder,BE0000387
binder,BE0000711
binder,BE0000467
agonist,BE0000293
agonist,BE0000416
binder,BE0000748
agonist,BE0000527
modulator,BE0000651
agonist,BE0000658
modulator,BE0000658
agonist,BE0002102
binder,BE0002137
binder,BE0002136
inhibitor,BE0000015
inhibitor,BE0002139
other/unknown,BE0001164
metabolizer,BE0004823
antagonist,BE0000203
binder,BE0000075
other/unknown,BE0004806
antagonist,BE0001155
antagonist,BE0000439
multitarget,BE0000016
multitarget,BE0000041
antibody,BE0000674
other/unknown,BE0004842
inhibitor,BE0000394
metabolizer,BE0004828
binder,BE0000917
binder,BE0009576
inhibitor,BE0000704
agonist,BE0000387
binder,BE0000661
binder,BE0000385
other,BE0004821
inhibitor,BE0000984
binder,BE0000033
antibody,BE0000511
antibody,BE0000066
antibody,BE0000658
antibody,BE0000651
binder,BE0000274
other/unknown,BE0004837
incorporation into and destabilization,BE0004833
inhibitor,BE0004832
antagonist,BE0000075
inhibitor,BE0000390
cleavage,BE0004834
cleavage,BE0004835
cleavage,BE0004836
cleavage,BE0000928
antibody,BE0000083
other/unknown,BE0000568
other/unknown,BE0004822
binder,BE0000379
inhibitor,BE0002143
binder,BE0001399
inhibitor,BE0000719
agonist,BE0000165
antibody,BE0000516
inhibitor,BE0000598
antagonist,BE0003573
stimulator,BE0000793
other/unknown,BE0000394
ligand,BE0001021
ligand,BE0000333
cofactor,BE0000016
ligand,BE0004830
binder,BE0003528
agonist,BE0000844
binder,BE0000751
antibody,BE0000590
other/unknown,BE0000107
cofactor,BE0000102
cofactor,BE0000378
cofactor,BE0000323
cofactor,BE0000392
cofactor,BE0000331
cofactor,BE0000151
activator,BE0000529
cofactor,BE0000424
cofactor,BE0000404
cofactor,BE0000727
inhibitor,BE0000253
cofactor,BE0000181
cofactor,BE0000778
cofactor,BE0000692
cofactor,BE0000273
cofactor,BE0000482
cofactor,BE0000007
cofactor,BE0000660
cofactor,BE0000079
cofactor,BE0000002
cofactor,BE0000448
cofactor,BE0000164
cofactor,BE0000518
cofactor,BE0000618
cofactor,BE0000667
cofactor,BE0000603
cofactor,BE0000409
cofactor,BE0000316
cofactor,BE0000278
cofactor,BE0000441
cofactor,BE0000791
cofactor,BE0000517
cofactor,BE0000721
cofactor,BE0002149
cofactor,BE0000822
cofactor,BE0000383
cofactor,BE0002150
cofactor,BE0000916
cofactor,BE0002151
cofactor,BE0002152
cofactor,BE0002154
cofactor,BE0002155
cofactor,BE0002156
cofactor,BE0002157
cofactor,BE0002158
cofactor,BE0002159
cofactor,BE0002160
cofactor,BE0002161
cofactor,BE0002162
cofactor,BE0002163
cofactor,BE0004605
cofactor,BE0004612
cofactor,BE0002164
cofactor,BE0002165
cofactor,BE0000292
cofactor,BE0000898
cofactor,BE0002166
cofactor,BE0002167
cofactor,BE0002168
cofactor,BE0002169
cofactor,BE0002170
cofactor,BE0000388
cofactor,BE0002171
cofactor,BE0002172
cofactor,BE0002173
cofactor,BE0002174
cofactor,BE0000734
cofactor,BE0000777
cofactor,BE0000763
binder,BE0000320
cofactor,BE0002175
cofactor,BE0002176
cofactor,BE0000617
cofactor,BE0000268
cofactor,BE0000010
cofactor,BE0000933
cofactor,BE0001240
cofactor,BE0002177
cofactor,BE0000372
cofactor,BE0000101
cofactor,BE0000304
activator,BE0000323
cofactor,BE0000407
cofactor,BE0002089
binder,BE0000614
product of,BE0000494
product of,BE0000426
product of,BE0000615
product of,BE0002179
product of,BE0002180
product of,BE0002181
product of,BE0002186
activator,BE0000087
ligand,BE0000964
ligand,BE0000566
binder,BE0004796
product of,BE0000404
antagonist,BE0000874
product of,BE0000374
product of,BE0002240
activator,BE0000958
component of,BE0004796
product of,BE0001277
product of,BE0000487
activator,BE0000007
activator,BE0000254
product of,BE0001473
product of,BE0001287
product of,BE0000746
product of,BE0000350
activator,BE0000677
activator,BE0000774
product of,BE0000269
product of,BE0000639
antagonist,BE0002431
inhibitory allosteric modulator,BE0002431
product of,BE0003540
ligand,BE0000888
ligand,BE0002246
agonist,BE0001777
product of,BE0000763
product of,BE0000734
product of,BE0001534
product of,BE0000845
product of,BE0002249
antagonist,BE0000779
inhibitor,BE0000152
ligand,BE0000370
other,BE0003327
product of,BE0000595
activator,BE0000391
cofactor,BE0001135
cofactor,BE0002286
cofactor,BE0002289
cofactor,BE0000816
cofactor,BE0000817
cofactor,BE0000820
cofactor,BE0000821
antagonist,BE0000760
agonist,BE0000779
ligand,BE0000714
ligand,BE0000171
ligand,BE0000082
ligand,BE0000410
product of,BE0000567
inhibitor,BE0002311
inhibitor,BE0001343
inhibitor,BE0000228
ligand,BE0000157
binder,BE0003530
inhibitor,BE0000017
binder,BE0000655
binder,BE0000196
binder,BE0000503
binder,BE0000652
binder,BE0000271
inhibitor,BE0000262
agonist,BE0000215
agonist,BE0001007
agonist,BE0000888
inducer,BE0000996
inducer,BE0001093
agonist,BE0000688
inhibitor,BE0000986
inducer,BE0001023
ligand,BE0000042
agonist,BE0000395
cofactor,BE0000403
cofactor,BE0000713
cofactor,BE0002329
activator,BE0000048
activator,BE0000333
activator,BE0000364
activator,BE0000380
activator,BE0000943
activator,BE0000547
agonist,BE0000724
inhibitor,BE0000435
inhibitor,BE0000014
cofactor,BE0001195
binder,BE0002332
binder,BE0001014
inhibitor,BE0000574
inhibitor,BE0000749
antagonist,BE0000062
inhibitor,BE0000221
inhibitor,BE0000248
agonist,BE0000794
agonist,BE0000217
agonist,BE0002340
inhibitor,BE0000118
negative modulator,BE0000647
agonist,BE0000867
agonist,BE0001044
stimulator,BE0000486
agonist,BE0004888
agonist,BE0004872
binder,BE0000756
inhibitor,BE0002196
binder,BE0000749
inhibitor,BE0004909
agonist,BE0001158
agonist,BE0000849
agonist,BE0002341
agonist,BE0000850
agonist,BE0000738
agonist,BE0003585
agonist,BE0003586
agonist,BE0003587
agonist,BE0002343
agonist,BE0000411
agonist,BE0003588
agonist,BE0003584
inhibitor,BE0002090
inhibitor,BE0000519
agonist,BE0000045
agonist,BE0000092
positive allosteric modulator,BE0004797
other,BE0000736
antagonist,BE0000172
inhibitor,BE0002348
inhibitor,BE0002347
inhibitor,BE0002151
inhibitor,BE0000486
inhibitor,BE0000647
antagonist,BE0002198
antagonist,BE0002196
inhibitor,BE0003476
inhibitor,BE0000197
agonist,BE0000770
antagonist,BE0000533
agonist,BE0000632
agonist,BE0000420
antagonist,BE0000641
antagonist,BE0003438
antagonist,BE0000045
antagonist,BE0000092
inhibitor,BE0002350
incorporation into and destabilization,BE0004796
inducer,BE0004499
inducer,BE0000458
antagonist,BE0000694
inhibitor,BE0000233
inhibitor,BE0000996
antagonist,BE0000240
inhibitor,BE0001204
inverse agonist,BE0002088
inverse agonist,BE0003722
inhibitor,BE0000584
other,BE0002705
inhibitor,BE0000914
inhibitor,BE0003200
inhibitor,BE0004800
agonist,BE0003521
inhibitor,BE0000090
other,BE0000763
other/unknown,BE0000320
other,BE0000238
other,BE0000340
other,BE0000936
other,BE0000456
other/unknown,BE0002175
antagonist,BE0000013
multitarget,BE0000013
antagonist,BE0000924
multitarget,BE0000924
inhibitor,BE0000487
inhibitor,BE0004922
inhibitor,BE0002385
inhibitor,BE0002406
inhibitor,BE0002379
inhibitor,BE0002407
inhibitor,BE0004914
inhibitor,BE0004874
agonist,BE0003438
agonist,BE0000560
inhibitor,BE0000182
inhibitor,BE0003556
inhibitor,BE0003557
inhibitor,BE0000210
inhibitor,BE0001131
inhibitor,BE0000330
inhibitor,BE0000563
inhibitor,BE0004674
inhibitor,BE0001092
inhibitor,BE0009625
antagonist,BE0000110
agonist,BE0000144
agonist,BE0000206
agonist,BE0000707
agonist,BE0000078
agonist,BE0000663
other/unknown,BE0000412
agonist,BE0000501
agonist,BE0000575
agonist,BE0000715
inhibitor,BE0000270
inhibitor,BE0000349
inhibitor,BE0000502
inhibitor,BE0000281
binder,BE0000442
agonist,BE0000659
agonist,BE0000797
agonist,BE0000460
agonist,BE0000291
agonist,BE0000476
agonist,BE0000393
agonist,BE0000650
agonist,BE0004864
inhibitor,BE0000644
antagonist,BE0004872
inhibitor,BE0000429
inhibitor,BE0000366
inhibitor,BE0000742
inhibitor,BE0000664
agonist,BE0000172
agonist,BE0000694
inhibitor,BE0000708
inducer,BE0000207
inhibitor,BE0004854
partial agonist,BE0000486
other/unknown,BE0000516
other,BE0002366
agonist,BE0004857
inhibitor,BE0000415
inducer,BE0000781
inhibitor,BE0000218
antagonist,BE0000640
other/unknown,BE0000484
inducer,BE0000576
potentiator,BE0000795
potentiator,BE0000381
potentiator,BE0000523
potentiator,BE0000478
potentiator,BE0000471
potentiator,BE0000764
potentiator,BE0002344
potentiator,BE0002346
potentiator,BE0002345
potentiator,BE0003593
potentiator,BE0003592
potentiator,BE0003594
potentiator,BE0003599
potentiator,BE0003595
potentiator,BE0003596
potentiator,BE0000129
potentiator,BE0003598
potentiator,BE0003619
potentiator,BE0003597
inhibitor,BE0000267
inhibitor,BE0000322
inhibitor,BE0000535
inhibitor,BE0004655
unknown,BE0003768
unknown,BE0000054
inhibitor,BE0000436
cross-linking/alkylation,BE0004796
antagonist,BE0000849
antagonist,BE0002341
antagonist,BE0000829
antagonist,BE0000826
inhibitor,BE0004136
inhibitor,BE0004668
partial agonist,BE0000956
inhibitor,BE0000325
inhibitor,BE0002450
inhibitor,BE0003613
other/unknown,BE0004796
inhibitor,BE0000546
inhibitor,BE0003614
inhibitor,BE0003615
inhibitor,BE0003617
inhibitor,BE0003616
inducer,BE0000250
inhibitor,BE0008662
inhibitor,BE0009631
inhibitor,BE0008715
antagonist,BE0004863
other/unknown,BE0009632
inhibitor,BE0001154
antagonist,BE0000442
antagonist,BE0000756
antagonist,BE0000020
antagonist,BE0000145
antagonist,BE0000451
antagonist,BE0000581
antagonist,BE0000389
antagonist,BE0000797
antagonist,BE0000659
antagonist,BE0000476
antagonist,BE0000311
antagonist,BE0000945
antagonist,BE0000650
antagonist,BE0000501
antagonist,BE0000575
antagonist,BE0000289
antagonist,BE0000572
antagonist,BE0000342
antagonist,BE0000560
antagonist,BE0000405
antagonist,BE0000247
antagonist,BE0000393
binder,BE0000797
binder,BE0000460
binder,BE0000476
agonist,BE0000756
agonist,BE0000581
agonist,BE0000451
agonist,BE0000389
agonist,BE0000145
agonist,BE0000020
agonist,BE0000533
binder,BE0000501
binder,BE0000575
binder,BE0000715
binder,BE0000172
binder,BE0000694
agonist,BE0004889
agonist,BE0004916
agonist,BE0004915
other,BE0004796
unknown,BE0000458
inhibitor,BE0002087
inhibitor,BE0002086
antagonist,BE0000233
inhibitor,BE0000141
binder,BE0004799
agonist,BE0000123
agonist,BE0002088
agonist,BE0000792
antagonist,BE0000132
inhibitor,BE0000127
inhibitor,BE0000019
activator,BE0000956
partial agonist,BE0000635
inhibitor,BE0004803
binder,BE0004815
inhibitor,BE0000803
inhibitor,BE0000733
inhibitor,BE0000806
inhibitor,BE0000648
other/unknown,BE0004810
inhibitor,BE0000713
inhibitor,BE0001184
inhibitor,BE0001185
inhibitor,BE0000576
inhibitor,BE0002393
antagonist,BE0004888
inhibitor,BE0000430
inhibitor,BE0000691
inhibitor,BE0002354
inhibitor,BE0000864
inhibitor,BE0002396
inhibitor,BE0002359
inhibitor,BE0002355
agonist,BE0000112
agonist,BE0000795
antagonist,BE0000346
inhibitor,BE0003625
inhibitor,BE0003577
inhibitor,BE0000588
inhibitor,BE0000488
inhibitor,BE0002063
inhibitor,BE0003685
intercalation,BE0004796
antagonist,BE0000241
inhibitor,BE0001133
activator,BE0002366
agonist,BE0000687
agonist,BE0000315
antagonist,BE0009045
inhibitor,BE0003603
inhibitor,BE0003604
inhibitor,BE0000177
inhibitor,BE0001143
inhibitor,BE0000776
antagonist,BE0004801
inhibitor,BE0000837
inhibitor,BE0002639
inhibitor,BE0000876
inhibitor,BE0001176
agonist,BE0000610
agonist,BE0000422
binder,BE0000647
blocker,BE0004956
inhibitor,BE0000199
cleavage,BE0004796
inhibitor,BE0000167
agonist,BE0000572
inhibitor,BE0000324
antagonist,BE0000700
agonist,BE0000557
activator,BE0004024
other/unknown,BE0000064
antagonist,BE0000715
inhibitor,BE0000308
inducer,BE0000514
inhibitor,BE0000312
inhibitor,BE0000211
inhibitor,BE0000103
inhibitor,BE0003579
inhibitor,BE0000001
inhibitor,BE0000744
antagonist,BE0004796
agonist,BE0000412
activator,BE0000430
activator,BE0000303
activator,BE0000691
activator,BE0000679
inhibitor,BE0000154
inhibitor,BE0000680
inhibitor,BE0000462
inhibitor,BE0000699
inhibitor,BE0000026
inhibitor,BE0003629
antagonist,BE0004956
inhibitor,BE0000881
inhibitor,BE0000573
inhibitor,BE0000162
inhibitor,BE0004901
inhibitor,BE0002366
inhibitor,BE0004846
inhibitor,BE0004892
substrate,BE0002194
activator,BE0001023
inhibitor,BE0004643
inhibitor,BE0003624
inhibitor,BE0004644
inhibitor,BE0004335
agonist,BE0000289
inhibitor,BE0000291
inducer,BE0000291
agonist,BE0001039
activator,BE0001039
agonist,BE0003605
inhibitor,BE0000501
inhibitor,BE0000897
inhibitor,BE0000781
blocker,BE0000112
binder,BE0000146
agonist,BE0000156
binder,BE0000659
binder,BE0000770
inhibitor,BE0002398
antagonist,BE0004882
blocker,BE0009629
inhibitor,BE0002089
agonist,BE0000556
partial agonist,BE0000420
inhibitor,BE0001640
inhibitor,BE0003560
activator,BE0000215
inhibitor,BE0000962
other/unknown,BE0003561
agonist,BE0000071
inhibitor,BE0000592
inhibitor,BE0000591
inhibitor,BE0000122
inhibitor,BE0000034
inducer,BE0000254
inhibitor,BE0009657
inhibitor,BE0000208
antagonist,BE0000411
antagonist,BE0000291
antagonist,BE0004688
antagonist,BE0004889
antagonist,BE0000112
antagonist,BE0000146
inhibitor,BE0004797
inhibitor,BE0004872
inhibitor,BE0004915
inhibitor,BE0004916
inhibitor,BE0000694
inhibitor,BE0000768
inhibitor,BE0000298
inhibitor,BE0000056
inhibitor,BE0000805
potentiator,BE0002386
potentiator,BE0000695
agonist,BE0003721
inhibitor,BE0004848
binder,BE0000092
binder,BE0000247
binder,BE0000405
binder,BE0000560
inhibitor,BE0000679
inhibitor,BE0000483
inhibitor,BE0000455
inducer,BE0000644
inducer,BE0000017
inhibitor,BE0000790
potentiator,BE0001444
inhibitor,BE0003537
antagonist,BE0004805
antagonist,BE0000130
inhibitor,BE0002360
cofactor,BE0000753
cofactor,BE0000263
cofactor,BE0000614
cofactor,BE0000121
antagonist,BE0000143
inhibitor,BE0000143
inhibitor,BE0004669
unknown,BE0000666
inhibitor,BE0004791
agonist,BE0001015
inducer,BE0000953
antagonist,BE0000538
antagonist,BE0002091
antagonist,BE0002092
binder,BE0000557
inhibitor,BE0000539
other,BE0000123
agonist,BE0000132
agonist,BE0000342
agonist,BE0001012
inhibitor,BE0000753
binder,BE0000118
binder,BE0004674
inhibitor,BE0000343
binder,BE0000342
inhibitor,BE0000650
binding,BE0000650
binder,BE0004863
inhibitor,BE0000756
inhibitor,BE0000581
binder,BE0000486
binder,BE0000393
inhibitor,BE0004889
binder,BE0004889
antagonist,BE0000968
agonist,BE0000381
agonist,BE0000523
agonist,BE0000478
agonist,BE0000471
agonist,BE0000764
agonist,BE0000475
agonist,BE0000110
binder,BE0004809
inhibitor,BE0002226
inhibitor,BE0000303
inhibitor,BE0003563
inhibitor,BE0000973
blocker,BE0004902
inhibitor,BE0000012
inhibitor,BE0009351
inhibitor,BE0000426
inhibitor,BE0002180
inhibitor,BE0000497
inhibitor,BE0000190
inhibitor,BE0000024
inhibitor,BE0000495
inhibitor,BE0000507
inhibitor,BE0002357
inhibitor,BE0002358
inhibitor,BE0002356
antagonist,BE0000668
activator,BE0000795
modulator,BE0000795
modulator,BE0002346
modulator,BE0000471
modulator,BE0000523
inhibitor,BE0000123
downregulator,BE0000123
agonist,BE0000668
substrate,BE0000344
inhibitor,BE0000344
activator,BE0000632
potentiator,BE0000632
binder,BE0000925
partial agonist,BE0000794
potentiator,BE0000132
binder,BE0000685
potentiator,BE0000685
downregulator,BE0000792
partial agonist,BE0000020
inhibitor,BE0000634
inhibitor,BE0000036
antagonist,BE0000023
antagonist,BE0000369
antagonist,BE0000147
antagonist,BE0000205
antagonist,BE0000453
inhibitor,BE0002131
inhibitor,BE0002411
inhibitor,BE0000029
inhibitor,BE0003570
inhibitor,BE0000283
inhibitor,BE0000646
other/unknown,BE0004660
agonist,BE0000736
inducer,BE0000402
potentiator,BE0000280
agonist,BE0000775
binder,BE0000291
binder,BE0000311
binder,BE0004688
binder,BE0000945
binder,BE0000650
binder,BE0000289
binder,BE0000572
binder,BE0000045
binder,BE0000581
binder,BE0000389
binder,BE0000145
binder,BE0000112
other/unknown,BE0000451
antagonist,BE0000156
inhibitor,BE0000804
unknown,BE0000572
unknown,BE0000291
unknown,BE0000659
partial agonist,BE0000289
unknown,BE0000797
unknown,BE0000451
unknown,BE0000393
unknown,BE0000533
unknown,BE0000342
unknown,BE0000020
unknown,BE0000145
inhibitor,BE0004290
antagonist,BE0000738
inhibitor,BE0003618
inhibitor,BE0000477
antagonist,BE0000794
antagonist,BE0003542
antagonist,BE0004886
antagonist,BE0004885
antagonist,BE0004887
inhibitor,BE0004902
inhibitor,BE0004911
agonist,BE0003592
inhibitor,BE0000633
ligand,BE0001045
antagonist,BE0004258
agonist,BE0000064
inhibitor,BE0003686
inhibitor,BE0003687
antagonist,BE0002344
antagonist,BE0000433
antagonist,BE0000745
antagonist,BE0000414
antagonist,BE0000055
inducer,BE0003578
inhibitor,BE0000419
inducer,BE0000553
inhibitor,BE0002204
inhibitor,BE0004648
inhibitor,BE0004649
inhibitor,BE0000637
antagonist,BE0000531
inhibitor,BE0004650
antagonist,BE0001544
other,BE0000929
substrate,BE0002180
inhibitor,BE0004799
inhibitor,BE0000279
antagonist,BE0000919
antagonist,BE0000365
antagonist,BE0000417
antagonist,BE0000454
antagonist,BE0000396
binder,BE0004890
binding,BE0000749
inhibitor,BE0001349
potentiator,BE0001358
binder,BE0000533
activator,BE0000291
agonist,BE0000301
inhibitor,BE0000380
inhibitor,BE0000943
antagonist,BE0000129
antagonist,BE0000795
other,BE0000866
agonist,BE0000061
agonist,BE0000095
antagonist,BE0000705
other/unknown,BE0000248
antagonist,BE0003585
antagonist,BE0003584
inhibitor,BE0000145
binder,BE0004881
inhibitor,BE0004863
inhibitor,BE0004864
inhibitor,BE0000418
binder,BE0004879
other/unknown,BE0000630
inhibitor,BE0004755
inhibitor,BE0003517
antagonist,BE0003403
negative modulator,BE0000262
inhibitor,BE0001193
substrate,BE0002369
inhibitor,BE0009126
partial agonist,BE0000095
partial agonist,BE0000061
inhibitor,BE0004950
partial agonist,BE0000291
antagonist,BE0000837
antagonist,BE0000876
antagonist,BE0004698
antagonist,BE0004699
inhibitor,BE0002449
agonist,BE0004899
inverse agonist,BE0000581
partial agonist,BE0000770
antagonist,BE0002674
inhibitor,BE0002674
inhibitor,BE0000732
ligand,BE0004826
antagonist,BE0001088
other,BE0001283
agonist,BE0000290
binder,BE0004896
antagonist,BE0000850
inhibitor,BE0004904
inhibitor,BE0004789
inhibitor,BE0001340
inhibitor,BE0001367
inhibitor,BE0001487
partial agonist,BE0000172
ligand,BE0002128
inhibitor,BE0004670
agonist,BE0000956
other/unknown,BE0001046
inducer,BE0000502
inhibitor,BE0003621
inhibitor,BE0003622
inhibitor,BE0001075
modulator,BE0000123
antagonist,BE0004864
binder,BE0004897
inhibitor,BE0001391
antagonist,BE0004890
binder,BE0004797
other/unknown,BE0000324
incorporation into and destabilization,BE0004810
antagonist,BE0000426
antagonist,BE0002180
inhibitor,BE0000474
inhibitor,BE0003610
inhibitor,BE0000585
inhibitor,BE0000252
inhibitor,BE0000498
inhibitor,BE0000334
inhibitor,BE0001198
inhibitor,BE0002214
inhibitor,BE0009300
inhibitor,BE0002081
inhibitor,BE0000013
inhibitor,BE0000924
inhibitor,BE0000289
inhibitor,BE0000172
inhibitor,BE0008668
inhibitor,BE0000442
inhibitor,BE0000632
inhibitor,BE0004890
inhibitor,BE0000451
inhibitor,BE0000311
inhibitor,BE0000057
inhibitor,BE0003527
antagonist,BE0000521
antagonist,BE0000043
adduct,BE0004799
adduct,BE0000127
adduct,BE0000279
adduct,BE0003709
adduct,BE0003708
adduct,BE0003710
inhibitor,BE0003582
inhibitor,BE0003583
inhibitor,BE0002437
inhibitor,BE0001653
chelator,BE0004808
chelator,BE0004814
chelator,BE0004802
chelator,BE0004813
other/unknown,BE0000756
inhibitor,BE0000216
adduct,BE0001340
adduct,BE0000143
adduct,BE0003711
adduct,BE0003713
adduct,BE0003712
other/unknown,BE0001040
antagonist,BE0001012
other/unknown,BE0000291
other/unknown,BE0000797
activator,BE0000071
substrate,BE0000458
inhibitor,BE0009650
inhibitor,BE0009653
inhibitor,BE0009654
inhibitor,BE0009652
inhibitor,BE0009655
inhibitor,BE0004840
other,BE0000116
activator,BE0000406
potentiator,BE0000248
inhibitor,BE0002083
inhibitor,BE0000353
other,BE0000897
other,BE0002398
inhibitor,BE0000657
other/unknown,BE0000289
other/unknown,BE0000572
other/unknown,BE0000342
inducer,BE0000422
inducer,BE0001170
inducer,BE0003201
inducer,BE0008969
inducer,BE0004149
agonist,BE0002345
inhibitor,BE0000351
inhibitor,BE0000678
inhibitor,BE0000752
inhibitor,BE0000895
inhibitor,BE0002194
agonist,BE0000414
agonist,BE0000084
agonist,BE0000311
inhibitor,BE0000747
inhibitor,BE0001062
negative modulator,BE0001007
antagonist,BE0003561
inhibitor,BE0004353
inhibitor,BE0000229
inhibitor,BE0009094
inhibitor,BE0002659
adduct,BE0000332
other/unknown,BE0000466
partial antagonist,BE0000770
adduct,BE0004805
inhibitor,BE0002436
inhibitor,BE0000461
inhibitor,BE0000257
inhibitor,BE0003707
other/unknown,BE0001120
other/unknown,BE0001165
inhibitor,BE0000266
suppressor,BE0000012
inhibitor,BE0003600
multitarget,BE0000453
inhibitor,BE0001104
antagonist,BE0001039
antagonist,BE0000853
antagonist,BE0000852
antagonist,BE0001124
inhibitor,BE0003565
inhibitor,BE0003323
other/unknown,BE0000418
antagonist,BE0004829
inhibitor,BE0001183
inhibitor,BE0000910
agonist,BE0000836
agonist,BE0000635
binder,BE0000526
binder,BE0000783
inhibitor,BE0000980
inhibitor,BE0003567
inhibitor,BE0003568
inhibitor,BE0003569
intercalation,BE0000594
intercalation,BE0000712
inhibitor,BE0004657
inhibitor,BE0004658
ligand,BE0000329
binder,BE0002352
other,BE0004803
agonist,BE0000924
agonist,BE0000241
agonist,BE0000354
agonist,BE0000013
other,BE0001041
inhibitor,BE0000516
inhibitor,BE0001240
inhibitor,BE0000882
agonist,BE0000472
binder,BE0004803
antagonist,BE0000632
inducer,BE0000731
unknown,BE0000242
inhibitor,BE0002353
inhibitor,BE0001287
inhibitor,BE0000706
inhibitor,BE0000627
antagonist,BE0000770
positive modulator,BE0004797
antagonist,BE0004852
antagonist,BE0001192
inhibitor,BE0000356
other,BE0000197
other/unknown,BE0000749
antagonist,BE0000704
agonist,BE0000704
inhibitor,BE0000207
antagonist,BE0000384
allosteric modulator,BE0004661
allosteric modulator,BE0004662
allosteric modulator,BE0004663
allosteric modulator,BE0004664
allosteric modulator,BE0004665
allosteric modulator,BE0000738
allosteric modulator,BE0003585
allosteric modulator,BE0000849
allosteric modulator,BE0003586
allosteric modulator,BE0003587
allosteric modulator,BE0002341
allosteric modulator,BE0002343
allosteric modulator,BE0000411
allosteric modulator,BE0000850
allosteric modulator,BE0003588
allosteric modulator,BE0003584
antagonist,BE0000123
antagonist,BE0000792
inhibitor,BE0004877
inhibitor,BE0004895
antagonist,BE0001015
antagonist,BE0000689
inhibitor,BE0000326
inhibitor,BE0000761
inhibitor,BE0000722
antagonist,BE0009128
inhibitor,BE0000982
other,BE0003837
inhibitor,BE0002425
partial agonist,BE0000501
partial agonist,BE0000575
partial agonist,BE0000715
partial agonist,BE0000572
agonist,BE0003580
potentiator,BE0002361
potentiator,BE0000621
antagonist,BE0000420
antagonist,BE0000290
other/unknown,BE0000499
adduct,BE0004796
inhibitor,BE0000555
agonist,BE0000666
suppressor,BE0000705
antagonist,BE0000099
antagonist,BE0000995
unknown,BE0000296
other,BE0000312
inhibitor,BE0000599
inhibitor,BE0000709
inhibitor,BE0000624
binder,BE0004906
inhibitor,BE0004891
inhibitor,BE0004917
agonist,BE0000155
agonist,BE0003518
desensitize the target,BE0000289
binder,BE0004872
binder,BE0004882
inhibitor,BE0000548
activator,BE0000426
activator,BE0002180
inhibitor,BE0000577
inverse agonist,BE0003848
other,BE0002517
inducer,BE0000030
chelator,BE0004807
chelator,BE0004818
other,BE0000412
unknown,BE0000501
unknown,BE0000289
inhibitor,BE0002198
agonist,BE0000433
unknown,BE0000484
agonist,BE0000653
inhibitor,BE0000114
inhibitor,BE0002252
inhibitor,BE0000180
inhibitor,BE0004653
inhibitor,BE0003708
inhibitor,BE0004651
inhibitor,BE0004652
inhibitor,BE0003710
inhibitor,BE0001105
binder,BE0000502
inhibitor,BE0000971
inhibitor,BE0000091
inhibitor,BE0000302
antagonist,BE0001090
antagonist,BE0001206
other/unknown,BE0001177
other/unknown,BE0000885
antagonist,BE0003602
agonist,BE0000368
agonist,BE0003561
other/unknown,BE0000732
other/unknown,BE0000553
inhibitor,BE0000743
inhibitor,BE0001002
inhibitor,BE0000667
inhibitor,BE0002166
inhibitor,BE0002173
ligand,BE0002088
inhibitor,BE0000920
inhibitor,BE0000642
antagonist,BE0001116
antagonist,BE0003690
inhibitor,BE0001182
inhibitor,BE0000058
antagonist,BE0003689
antagonist,BE0003691
inhibitor,BE0000966
inhibitor,BE0003692
inhibitor,BE0003693
inhibitor,BE0001637
inhibitor,BE0003694
inhibitor,BE0003695
inhibitor,BE0003696
inhibitor,BE0003697
inhibitor,BE0003698
inhibitor,BE0003699
inhibitor,BE0003700
inhibitor,BE0003701
inhibitor,BE0003702
inhibitor,BE0003703
potentiator,BE0001403
inhibitor,BE0003559
inhibitor,BE0000030
inhibitor,BE0000069
antagonist,BE0001893
antagonist,BE0003997
agonist,BE0000442
other/unknown,BE0000942
inhibitor,BE0000575
inhibitor,BE0000715
inhibitor,BE0001096
antagonist,BE0000681
inhibitor,BE0000282
inducer,BE0000261
inhibitor,BE0000457
inhibitor,BE0000117
inhibitor,BE0000799
inhibitor,BE0000798
inhibitor,BE0003634
inhibitor,BE0000880
inhibitor,BE0003558
inhibitor,BE0000133
inhibitor,BE0000138
inhibitor,BE0000354
inducer,BE0001186
inducer,BE0001122
inducer,BE0003416
antagonist,BE0008715
inhibitor,BE0000468
potentiator,BE0000736
antagonist,BE0000666
inhibitor,BE0004350
antagonist,BE0000557
modulator,BE0000947
blocker,BE0008670
agonist,BE0004863
inhibitor,BE0000620
cleavage,BE0004827
binder,BE0001070
other/unknown,BE0002419
inhibitor,BE0000896
activator,BE0004925
activator,BE0004926
activator,BE0004927
activator,BE0004928
other/unknown,BE0000716
partial agonist,BE0000694
inhibitor,BE0004878
inhibitor,BE0004898
inhibitor,BE0004924
inhibitor,BE0001029
inducer,BE0000050
chelator,BE0004825
allosteric modulator,BE0003556
allosteric modulator,BE0003557
inhibitor,BE0000695
inducer,BE0000118
antagonist,BE0000197
antagonist,BE0000165
antagonist,BE0000293
inhibitor,BE0002386
other,BE0000695
other/unknown,BE0001015
inhibitor,BE0000601
inhibitor,BE0000047
antagonist,BE0001195
inhibitor,BE0000120
activator,BE0000629
activator,BE0000130
other,BE0000399
other,BE0000085
agonist,BE0000049
agonist,BE0000015
agonist,BE0000745
inhibitor,BE0000814
other/unknown,BE0000770
agonist,BE0002375
inhibitor,BE0000249
inhibitor,BE0000192
inhibitor,BE0002082
inhibitor,BE0003635
inhibitor,BE0003636
inhibitor,BE0003637
inhibitor,BE0003638
inhibitor,BE0003626
inhibitor,BE0003627
inhibitor,BE0003628
inhibitor,BE0003630
inhibitor,BE0003631
inhibitor,BE0003632
inhibitor,BE0003633
inhibitor,BE0002441
inhibitor,BE0000630
potentiator,BE0004435
inhibitor,BE0000564
agonist,BE0003522
potentiator,BE0001024
inducer,BE0000708
inducer,BE0002441
inhibitor,BE0003688
inhibitor,BE0000892
other,BE0004810
binder,BE0000451
inhibitor,BE0000126
activator,BE0004907
inhibitor,BE0000521
acetylation,BE0003380
binding,BE0001098
inhibitor,BE0004876
inhibitor,BE0003469
antagonist,BE0004903
partial agonist,BE0000132
partial agonist,BE0000215
inhibitor,BE0004951
inhibitor,BE0000105
inhibitor,BE0000802
other,BE0001078
chelator,BE0004812
inhibitor,BE0000631
multitarget,BE0000515
multitarget,BE0000327
other/unknown,BE0000663
inhibitor,BE0000113
inducer,BE0000647
ligand,BE0000138
antibody,BE0000710
inhibitor,BE0000077
inhibitor,BE0000907
inhibitor,BE0004956
inhibitor,BE0000553
antagonist,BE0001191
inducer,BE0001403
antagonist,BE0002090
inhibitor,BE0000875
other,BE0003552
inhibitor,BE0000731
other/unknown,BE0001246
agonist,BE0000509
inhibitor,BE0000124
inhibitor,BE0002218
modulator,BE0000469
inhibitor,BE0000703
inhibitor,BE0000119
inhibitor,BE0004923
inhibitor,BE0000406
modulator,BE0001051
inhibitor,BE0000163
negative modulator,BE0000444
negative modulator,BE0001162
negative modulator,BE0001009
inducer,BE0000403
other,BE0000418
other,BE0003566
other,BE0001024
antagonist,BE0000885
antagonist,BE0000125
inhibitor,BE0000689
binder,BE0000132
inhibitor,BE0004884
inhibitor,BE0004873
inhibitor,BE0004883
antagonist,BE0000956
unknown,BE0000503
inhibitor,BE0001066
inhibitor,BE0000879
inhibitor,BE0003645
antagonist,BE0003719
inhibitor,BE0000374
inhibitor,BE0004941
inhibitor,BE0000801
inhibitor,BE0000800
inhibitor,BE0000558
inhibitor,BE0000959
other,BE0000892
inhibitor,BE0001020
antagonist,BE0001086
antagonist,BE0000748
antagonist,BE0000262
binder,BE0000365
inhibitor,BE0003724
inhibitor,BE0003725
inhibitor,BE0003726
inhibitor,BE0003727
inducer,BE0000765
agonist,BE0004659
antagonist,BE0009376
agonist,BE0009376
antagonist,BE0004862
agonist,BE0004862
modulator,BE0000246
inducer,BE0001151
binder,BE0003591
inhibitor,BE0001195
inducer,BE0001025
inducer,BE0003756
inhibitor,BE0002388
inhibitor,BE0004654
inhibitor,BE0000331
inhibitor,BE0001047
other/unknown,BE0004851
inducer,BE0000923
agonist,BE0000955
agonist,BE0002383
agonist,BE0002384
activator,BE0003429
agonist,BE0000515
agonist,BE0000327
agonist,BE0003554
inhibitor,BE0003555
other/unknown,BE0000736
agonist,BE0002804
inhibitor,BE0000179
inhibitor,BE0000854
inhibitor,BE0008669
antagonist,BE0000084
partial agonist,BE0000084
inhibitor,BE0000683
inhibitor,BE0003620
partial agonist,BE0000405
other/unknown,BE0002459
inhibitor,BE0000220
inducer,BE0001133
inducer,BE0000487
inducer,BE0002353
inducer,BE0001287
other/unknown,BE0001088
inhibitor,BE0005034
inhibitor,BE0005047
inhibitor,BE0004608
antagonist,BE0000232
inhibitor,BE0000382
antagonist,BE0000871
inhibitor,BE0000021
inhibitor,BE0001077
inhibitor,BE0001081
antagonist,BE0004897
partial antagonist,BE0000464
inhibitor,BE0000051
inhibitor,BE0000059
allosteric modulator,BE0000123
allosteric modulator,BE0000792
inhibitor,BE0001159
inhibitor,BE0000263
inhibitor,BE0000005
inhibitor,BE0004422
inhibitor,BE0003196
inhibitor,BE0004423
inhibitor,BE0004424
inhibitor,BE0004425
inhibitor,BE0004426
inhibitor,BE0004427
inhibitor,BE0004428
inhibitor,BE0000612
other,BE0000732
other,BE0000553
unknown,BE0000419
binder,BE0000207
other/unknown,BE0000163
other/unknown,BE0000048
inhibitor,BE0000403
inhibitor,BE0000623
inhibitor,BE0000173
other,BE0000163
other,BE0000979
other,BE0001095
inhibitor,BE0001114
inhibitor,BE0001074
modulator,BE0002374
inhibitor,BE0001069
inhibitor,BE0000785
inhibitor,BE0004782
inducer,BE0000896
inducer,BE0000457
inducer,BE0001358
inhibitor,BE0000142
inhibitor,BE0004647
inhibitor,BE0002475
other/unknown,BE0000575
antagonist,BE0000090
inhibitor,BE0003395
inhibitor,BE0002392
other,BE0000172
binder,BE0004864
antagonist,BE0004803
binder,BE0003582
binder,BE0003583
antagonist,BE0000534
allosteric modulator,BE0000433
other,BE0001200
inhibitor,BE0001030
inhibitor,BE0001028
inhibitor,BE0000503
other/unknown,BE0000218
other/unknown,BE0000795
other/unknown,BE0001080
other/unknown,BE0000948
antagonist,BE0000475
inhibitor,BE0000690
inducer,BE0001154
inhibitor,BE0001979
inducer,BE0001040
antagonist,BE0001027
inducer,BE0001062
inducer,BE0000428
inducer,BE0000486
antagonist,BE0004909
inhibitor,BE0000951
other/unknown,BE0000958
other/unknown,BE0000123
inhibitor,BE0002442
antagonist,BE0000345
inhibitor,BE0000131
binder,BE0000732
antagonist,BE0001100
antagonist,BE0001169
other/unknown,BE0000792
inhibitor,BE0001680
inhibitor,BE0000186
agonist,BE0000993
antagonist,BE0003592
antagonist,BE0000471
antagonist,BE0004003
antagonist,BE0000759
inhibitor,BE0001893
inhibitor,BE0000227
inhibitor,BE0000400
inhibitor,BE0000465
inhibitor,BE0001207
inhibitor,BE0001694
antagonist,BE0000739
partial agonist,BE0000756
binder,BE0000420
antagonist,BE0004957
antagonist,BE0004958
potentiator,BE0000311
inhibitor,BE0000067
antagonist,BE0000354
other/unknown,BE0000659
other/unknown,BE0000476
other/unknown,BE0000311
other/unknown,BE0000945
partial agonist,BE0000560
other/unknown,BE0003584
inhibitor,BE0000246
inducer,BE0000956
stimulator,BE0000074
negative modulator,BE0000005
partial agonist,BE0000145
partial agonist,BE0000581
partial agonist,BE0000389
inducer,BE0000117
inhibitor,BE0000672
binder,BE0000418
partial agonist,BE0000738
binder,BE0000956
inhibitor,BE0000987
multitarget,BE0000014
multitarget,BE0000838
antagonist,BE0000841
multitarget,BE0000842
inhibitor,BE0000840
inhibitor,BE0000891
multitarget,BE0000435
multitarget,BE0000839
inhibitor,BE0000843
antibody,BE0000855
antagonist,BE0000511
inhibitor,BE0000205
inhibitor,BE0000453
inhibitor,BE0000369
inhibitor,BE0000023
inhibitor,BE0000147
inhibitor,BE0000853
inhibitor,BE0000852
suppressor,BE0000767
binder,BE0004494
cleavage,BE0004831
partial agonist,BE0000849
partial agonist,BE0003585
partial agonist,BE0003587
partial agonist,BE0000850
inhibitor,BE0000060
agonist,BE0000857
agonist,BE0000858
agonist,BE0000859
agonist,BE0000860
agonist,BE0000861
antagonist,BE0000847
antagonist,BE0000846
antagonist,BE0000848
agonist,BE0000848
agonist,BE0001026
antagonist,BE0000058
antagonist,BE0002387
inhibitor,BE0003720
inhibitor,BE0003723
inhibitor,BE0000930
inhibitor,BE0003486
inhibitor,BE0004430
binder,BE0004816
antagonist,BE0003426
inhibitor,BE0001065
inhibitor,BE0001152
inhibitor,BE0000983
potentiator,BE0000831
negative modulator,BE0000486
negative modulator,BE0000749
inverse agonist,BE0000486
activator,BE0000246
inhibitor,BE0002464
inhibitor,BE0001091
ligand,BE0000430
agonist,BE0000218
agonist,BE0003566
agonist,BE0001024
agonist,BE0004593
stimulator,BE0001024
inhibitor,BE0002468
inhibitor,BE0002469
inhibitor,BE0002470
negative modulator,BE0000795
negative modulator,BE0002346
negative modulator,BE0003592
other/unknown,BE0000644
neutralizer,BE0004849
inhibitor,BE0004905
antagonist,BE0000918
negative modulator,BE0000203
negative modulator,BE0000472
stimulator,BE0001094
other/unknown,BE0000704
antagonist,BE0001208
other/unknown,BE0000908
other/unknown,BE0001086
other/unknown,BE0001034
inhibitor,BE0003676
inhibitor,BE0001534
chelator,BE0004811
inhibitor,BE0004908
agonist,BE0004841
agonist,BE0002344
agonist,BE0002378
agonist,BE0001063
inducer,BE0000194
positive allosteric modulator,BE0000051
inducer,BE0001638
inducer,BE0000592
partial agonist,BE0000533
partial agonist,BE0000451
agonist,BE0000947
inducer,BE0000622
cofactor,BE0001608
cofactor,BE0000123
cofactor,BE0002365
cofactor,BE0003523
cofactor,BE0000187
cofactor,BE0008994
cofactor,BE0005538
cofactor,BE0009092
cofactor,BE0009093
cofactor,BE0003392
other/unknown,BE0000141
inhibitor,BE0001148
other/unknown,BE0000302
inhibitor,BE0002015
inhibitor,BE0001568
antagonist,BE0000155
antagonist,BE0001171
agonist,BE0000997
other/unknown,BE0000092
agonist,BE0005001
agonist,BE0003722
binder,BE0000123
activator,BE0000792
antagonist,BE0004797
agonist,BE0004956
activator,BE0003848
agonist,BE0001023
agonist,BE0003416
activator,BE0003416
inhibitor,BE0001122
activator,BE0001186
inhibitor,BE0001238
ligand,BE0000748
inhibitor,BE0000417
agonist,BE0004797
inhibitor,BE0000890
binder,BE0001082
inhibitor,BE0001072
inhibitor,BE0002700
inhibitor,BE0001551
inhibitor,BE0001452
inhibitor,BE0001197
inhibitor,BE0000329
inhibitor,BE0001055
inhibitor,BE0001165
inhibitor,BE0002365
inhibitor,BE0002367
inhibitor,BE0002368
inhibitor,BE0002101
stimulator,BE0000165
ligand,BE0001534
binder,BE0001717
inhibitor,BE0001796
inhibitor,BE0001800
inhibitor,BE0001542
inhibitor,BE0003074
inhibitor,BE0000428
inhibitor,BE0000230
inhibitor,BE0000923
inhibitor,BE0000424
substrate,BE0001521
inhibitor,BE0002199
cofactor,BE0000305
antagonist,BE0001379
antagonist,BE0000126
partial agonist,BE0000792
ligand,BE0000215
inhibitor,BE0001149
ligand,BE0000071
activator,BE0000412
activator,BE0000078
activator,BE0000707
inhibitor,BE0005540
inhibitor,BE0001082
antagonist,BE0001156
inhibitor,BE0001156
blocker,BE0005300
inhibitor,BE0005461
substrate,BE0005530
inhibitor,BE0002201
inhibitor,BE0003722
inhibitor,BE0001759
ligand,BE0009096
inhibitor,BE0003997
inducer,BE0002376
ligand,BE0001777
inhibitor,BE0001016
antagonist,BE0002401
inhibitor,BE0003362
antagonist,BE0000387
agonist,BE0000739
inhibitor,BE0004946
antagonist,BE0000911
inhibitor,BE0001415
antagonist,BE0004800
blocker,BE0004800
antagonist,BE0004749
antagonist,BE0003833
inhibitor,BE0001032
inducer,BE0003528
agonist,BE0002147
binder,BE0000556
inducer,BE0001032
antagonist,BE0004746
inhibitor,BE0002414
ligand,BE0002417
ligand,BE0001132
inhibitor,BE0008667
antagonist,BE0003513
ligand,BE0003508
inhibitor,BE0000870
binder,BE0002416
inhibitor,BE0003813
antagonist,BE0000724
modulator,BE0004801
inhibitor,BE0003003
antagonist,BE0001051
antagonist,BE0002423
inhibitor,BE0000767
inhibitor,BE0004731
inhibitor,BE0003379
inhibitor,BE0002440
inverse agonist,BE0000451
agonist,BE0003440
inhibitor,BE0000619
agonist,BE0000968
agonist,BE0000146
inhibitor,BE0004701
inhibitor,BE0001004
inhibitor,BE0001042
binder,BE0004845
unknown,BE0000993
inhibitor,BE0001315
antibody,BE0003405
antagonist,BE0001287
antagonist,BE0001133
antagonist,BE0000487
inhibitor,BE0000232
antibody,BE0000981
activator,BE0003508
activator,BE0004703
antagonist,BE0000961
modulator,BE0000993
blocker,BE0002226
binding,BE0004857
antibody,BE0000183
suppressor,BE0000956
binder,BE0003473
binding,BE0008666
inhibitor,BE0000988
inhibitor,BE0000132
antagonist,BE0000843
blocker,BE0000291
inhibitor,BE0004826
stimulator,BE0000185
activator,BE0000030
reducer,BE0004839
ligand,BE0000481
activator,BE0000417
activator,BE0000365
activator,BE0000760
activator,BE0000396
activator,BE0000641
antagonist,BE0000012
agonist,BE0000012
agonist,BE0000130
agonist,BE0000629
antagonist,BE0009339
antagonist,BE0000061
binder,BE0001051
antagonist,BE0002365
antagonist,BE0002366
inhibitor,BE0003523
inhibitor,BE0001078
inhibitor,BE0001192
modulator,BE0001143
negative modulator,BE0000123
inverse agonist,BE0000095
antagonist,BE0000588
antagonist,BE0000488
antagonist,BE0003579
antagonist,BE0004647
antagonist,BE0008485
inhibitor,BE0008485
blocker,BE0000197
blocker,BE0004717
blocker,BE0003604
blocker,BE0000090
binder,BE0004826
antagonist,BE0000216
partial agonist,BE0000632
antagonist,BE0000404
blocker,BE0000404
antibody,BE0002859
antagonist,BE0003516
binder,BE0003508
inhibitor,BE0004004
antagonist,BE0004753
inhibitor,BE0004753
modulator,BE0003492
binder,BE0004734
binder,BE0004735
inhibitor,BE0002093
inhibitor,BE0001529
inhibitor,BE0004672
inhibitor,BE0001021
inhibitor,BE0001088
suppressor,BE0000779
activator,BE0000132
antagonist,BE0000647
antagonist,BE0002371
inhibitor,BE0000239
inhibitor,BE0000110
ligand,BE0000581
inverse agonist,BE0000533
agonist,BE0003513
partial agonist,BE0008668
inhibitor,BE0002133
inhibitor,BE0001341
inhibitor,BE0004714
antagonist,BE0001132
inhibitor,BE0001132
ligand,BE0002446
agonist,BE0002098
agonist,BE0002097
agonist,BE0000901
agonist,BE0000274
agonist,BE0000710
inhibitor,BE0004743
inhibitor,BE0001424
inhibitor,BE0000838
inhibitor,BE0004744
inhibitor,BE0004745
inhibitor,BE0004384
antagonist,BE0000781
antagonist,BE0004715
antagonist,BE0004716
antagonist,BE0004502
antagonist,BE0004717
antagonist,BE0004718
antagonist,BE0004719
antagonist,BE0004720
antagonist,BE0004721
antagonist,BE0004722
antagonist,BE0004723
antagonist,BE0004724
antagonist,BE0004725
antagonist,BE0004726
antagonist,BE0003603
antagonist,BE0003604
antibody,BE0003517
inhibitor,BE0000066
inhibitor,BE0003417
inverse agonist,BE0000442
inverse agonist,BE0004957
other,BE0001102
chelator,BE0004817
activator,BE0004672
binder,BE0004824
other,BE0004844
negative modulator,BE0004843
activator,BE0000557
inhibitor,BE0003659
degradation,BE0002114
positive allosteric modulator,BE0000280
binder,BE0009339
antisense oligonucleotide,BE0009326
antisense oligonucleotide,BE0009327
antagonist,BE0000429
antagonist,BE0003726
antagonist,BE0000366
antagonist,BE0003724
binder,BE0001391
binder,BE0000026
incorporation into and destabilization,BE0008968
allosteric modulator,BE0004671
binder,BE0004817
other,BE0001777
substrate,BE0000622
inhibitor,BE0000967
activator,BE0004659
agonist,BE0003528
antagonist,BE0003628
inhibitor,BE0004855
inhibitor,BE0000590
binder,BE0001150
inhibitor,BE0001167
weak inhibitor,BE0000507
inhibitor,BE0003862
inhibitor,BE0002085
inhibitor,BE0001126
inhibitor,BE0004689
antagonist,BE0000017
agonist,BE0000005
antagonist,BE0000631
binder,BE0004512
binder,BE0004606
binder,BE0004930
binder,BE0004933
binder,BE0004935
binder,BE0004936
binder,BE0004940
binder,BE0004944
binder,BE0004948
binder,BE0004952
binder,BE0004942
binder,BE0004943
potentiator,BE0001195
antagonist,BE0004659
ligand,BE0000568
inhibitor,BE0001355
inhibitor,BE0002343
inhibitor,BE0004784
blocker,BE0000781
antagonist,BE0004661
antagonist,BE0000644
antagonist,BE0002226
agonist,BE0004768
inhibitor,BE0001209
inhibitor,BE0003761
inhibitor,BE0000872
inhibitor,BE0001316
inhibitor,BE0004776
inhibitor,BE0004733
inhibitor,BE0004777
agonist,BE0000402
agonist,BE0000036
agonist,BE0000872
inhibitor,BE0000359
inhibitor,BE0000915
modulator,BE0000557
modulator,BE0002432
binder,BE0000625
binder,BE0003479
inhibitor,BE0004732
antagonist,BE0000915
antagonist,BE0002411
inhibitor,BE0004145
inhibitor,BE0002408
neutralizer,BE0000999
binder,BE0000163
binder,BE0003148
binder,BE0004736
cleavage,BE0001180
ligand,BE0000910
ligand,BE0001125
inhibitor,BE0004739
inhibitor,BE0004737
inhibitor,BE0002349
inhibitor,BE0004738
agonist,BE0003502
stimulator,BE0000654
antagonist,BE0002408
inhibitor,BE0003493
inhibitor,BE0000748
inhibitor,BE0004741
inhibitor,BE0001039
inhibitor,BE0000841
inhibitor,BE0003390
inhibitor,BE0004742
metabolizer,BE0004838
agonist,BE0002134
inhibitor,BE0001203
inhibitor,BE0000842
inhibitor,BE0004315
antibody,BE0004747
inhibitor,BE0004748
neutralizer,BE0000704
inhibitor,BE0004754
binder,BE0004756
antagonist,BE0000870
antagonist,BE0004744
antagonist,BE0000634
antagonist,BE0000036
antagonist,BE0004757
inhibitor,BE0004757
antagonist,BE0004758
inhibitor,BE0004758
antagonist,BE0004759
inhibitor,BE0004759
inhibitor,BE0000511
inhibitor,BE0004772
agonist,BE0003578
stimulator,BE0003578
inhibitor,BE0002403
antagonist,BE0000749
inhibitor,BE0008651
antagonist,BE0005863
antagonist,BE0000928
antibody,BE0003414
antagonist,BE0005864
antagonist,BE0005865
antibody,BE0003436
antibody,BE0000918
antagonist,BE0003436
antagonist,BE0000477
inhibitor,BE0002395
agonist,BE0003376
activator,BE0003496
activator,BE0003456
inhibitor,BE0001284
inhibitor,BE0008633
antagonist,BE0000844
antagonist,BE0000773
inhibitor,BE0003894
inhibitor,BE0002831
inhibitor,BE0004139
inhibitor,BE0002029
inhibitor,BE0004185
inhibitor,BE0008648
inhibitor,BE0008649
inhibitor,BE0008650
inhibitor,BE0008647
modulator,BE0000061
antagonist,BE0000095
inverse agonist,BE0009153
allosteric modulator,BE0004857
potentiator,BE0000414
antagonist,BE0005802
agonist,BE0001122
activator,BE0009158
activator,BE0009159
activator,BE0000013
antagonist,BE0000359
ligand,BE0008658
partial agonist,BE0000797
ligand,BE0000172
blocker,BE0008636
inhibitor,BE0004521
inhibitor,BE0002216
inhibitor,BE0002212
inhibitor,BE0001717
inhibitor,BE0003798
inhibitor,BE0004049
inhibitor,BE0008624
inhibitor,BE0008625
inhibitor,BE0008626
inhibitor,BE0008628
inhibitor,BE0004631
modulator,BE0000739
modulator,BE0005295
antagonist,BE0008662
inhibitor,BE0004906
activator,BE0008716
antagonist,BE0002355
binder,BE0000794
stimulator,BE0002366
binder,BE0003833
cofactor,BE0000008
cofactor,BE0000542
cofactor,BE0000011
cofactor,BE0000162
cofactor,BE0000780
agonist,BE0000075
agonist,BE0000452
agonist,BE0003529
agonist,BE0009273
inhibitor,BE0008645
agonist,BE0000453
agonist,BE0008652
ligand,BE0008653
binding,BE0001043
binder,BE0000048
oxidizer,BE0000130
oxidizer,BE0000629
oxidizer,BE0004467
antagonist,BE0000193
inhibitor,BE0000193
inhibitor,BE0000425
inhibitor,BE0000068
antagonist,BE0005793
ligand,BE0000557
ligand,BE0000134
activator,BE0000033
aggregation inhibitor,BE0003392
allosteric modulator,BE0001684
cofactor,BE0005816
cofactor,BE0003394
agonist,BE0000335
activator,BE0000335
agonist,BE0005803
activator,BE0005803
component of,BE0000130
binder,BE0000085
binder,BE0000130
binder,BE0000629
binder,BE0003392
ligand,BE0004961
ligand,BE0008720
antagonist,BE0005561
inhibitor,BE0008655
antagonist,BE0005582
negative modulator,BE0000246
modulator,BE0001151
modulator,BE0001088
activator,BE0000469
inhibitor,BE0000918
inhibitor,BE0000125
agonist,BE0000029
agonist,BE0001094
agonist,BE0000205
agonist,BE0001120
agonist,BE0001898
antagonist,BE0000486
antagonist,BE0000430
antagonist,BE0002359
antagonist,BE0002357
agonist,BE0000303
antagonist,BE0008716
agonist,BE0000263
blocker,BE0008715
blocker,BE0008716
antagonist,BE0003578
antagonist,BE0000067
inhibitor,BE0000960
antagonist,BE0000280
antagonist,BE0000775
antibody,BE0008656
ligand,BE0009334
cofactor,BE0000027
cofactor,BE0000176
inhibitor,BE0003393
inhibitor,BE0008642
antagonist,BE0003089
modulator,BE0001195
antagonist,BE0008628
antagonist,BE0000248
antagonist,BE0003490
antagonist,BE0001023
modulator,BE0000640
antagonist,BE0008644
antagonist,BE0000266
antagonist,BE0002376
inhibitor,BE0008643
ligand,BE0000123
antagonist,BE0000960
antagonist,BE0000324
antibody,BE0005459
agonist,BE0000048
agonist,BE0000333
agonist,BE0000364
agonist,BE0000216
agonist,BE0000380
agonist,BE0000403
agonist,BE0000943
antagonist,BE0009333
binder,BE0002446
binder,BE0000066
antagonist,BE0003546
antagonist,BE0000669
inhibitor,BE0002193
ligand,BE0004852
inhibitor,BE0009346
ligand,BE0008659
blocker,BE0004852
substrate,BE0008660
binding,BE0000085
binding,BE0000130
binding,BE0000629
ligand,BE0000318
inhibitor,BE0004525
ligand,BE0000033
antagonist,BE0008719
potentiator,BE0000317
potentiator,BE0004500
potentiator,BE0000377
potentiator,BE0002247
stimulator,BE0000239
agonist,BE0000918
agonist,BE0000565
agonist,BE0001861
agonist,BE0000689
agonist,BE0000944
agonist,BE0000748
agonist,BE0000984
agonist,BE0000767
agonist,BE0001051
agonist,BE0000852
agonist,BE0000163
binder,BE0001057
other,BE0000457
inactivator,BE0000180
agonist,BE0000090
ligand,BE0002109
ligand,BE0008691
agonist,BE0005812
ligand,BE0008692
agonist,BE0008693
ligand,BE0002145
ligand,BE0001011
ligand,BE0008694
ligand,BE0001177
ligand,BE0008695
ligand,BE0005259
ligand,BE0008696
ligand,BE0002950
ligand,BE0008697
ligand,BE0008698
ligand,BE0000885
ligand,BE0008699
ligand,BE0008700
ligand,BE0008701
agonist,BE0000418
ligand,BE0008702
ligand,BE0008703
agonist,BE0008704
agonist,BE0008705
agonist,BE0008706
ligand,BE0008707
ligand,BE0008708
ligand,BE0008709
agonist,BE0008710
ligand,BE0008711
agonist,BE0005274
ligand,BE0004557
coating agent,BE0009373
activator,BE0002375
substrate,BE0001173
antagonist,BE0004905
antagonist,BE0004347
antagonist,BE0009063
agonist,BE0003789
antagonist,BE0004660
inverse agonist,BE0009144
protector,BE0009373
activator,BE0002442
antagonist,BE0009546
antagonist,BE0009547
dilator,BE0009547
inhibitor,BE0001035
partial agonist,BE0004889
binder,BE0003482
binder,BE0004790
activator,BE0001021
activator,BE0000004
activator,BE0009075
activator,BE0000538
activator,BE0002091
activator,BE0002092
activator,BE0000041
activator,BE0000016
cleavage,BE0000538
cleavage,BE0002091
agonist,BE0000004
agonist,BE0003407
antagonist,BE0000005
antagonist,BE0001161
agonist,BE0009352
antagonist,BE0001114
binder,BE0009555
binder,BE0009556
binder,BE0009557
inhibitor,BE0009550
antibody,BE0005863
antagonist,BE0004701
inhibitor,BE0000855
antagonist,BE0003517
antagonist,BE0008654
deoxidizer,BE0004467
diffusing substance,BE0009366
antagonist,BE0000734
antagonist,BE0000030
antagonist,BE0000229
antibody,BE0003441
antibody,BE0002389
agonist,BE0000280
ligand,BE0001164
antibody,BE0008689
antibody,BE0001411
antagonist,BE0001777
antagonist,BE0000516
antagonist,BE0000685
agonist,BE0001139
agonist,BE0000949
antagonist,BE0002089
inhibitor,BE0005190
inhibitor,BE0004717
antagonist,BE0001032
ligand,BE0005013
ligand,BE0000135
ligand,BE0001170
ligand,BE0003840
ligand,BE0009022
ligand,BE0009097
ligand,BE0000904
ligand,BE0004554
ligand,BE0004174
ligand,BE0005284
ligand,BE0009098
ligand,BE0005806
ligand,BE0009074
ligand,BE0004528
ligand,BE0005807
ligand,BE0009099
ligand,BE0005795
ligand,BE0001089
ligand,BE0000720
ligand,BE0001199
ligand,BE0008960
ligand,BE0009100
ligand,BE0009026
ligand,BE0009101
ligand,BE0003432
ligand,BE0009102
ligand,BE0009095
ligand,BE0000425
ligand,BE0000068
ligand,BE0004493
ligand,BE0003475
ligand,BE0000589
ligand,BE0003419
ligand,BE0004118
ligand,BE0004454
ligand,BE0000088
ligand,BE0001014
ligand,BE0005844
ligand,BE0009104
ligand,BE0009105
ligand,BE0009106
ligand,BE0003828
ligand,BE0009107
ligand,BE0009108
ligand,BE0009109
ligand,BE0009110
ligand,BE0009111
ligand,BE0009112
ligand,BE0009113
ligand,BE0009114
ligand,BE0009115
ligand,BE0009116
ligand,BE0009117
ligand,BE0009118
ligand,BE0008965
ligand,BE0009119
ligand,BE0004503
ligand,BE0009120
ligand,BE0009160
ligand,BE0009122
ligand,BE0003844
ligand,BE0009037
ligand,BE0001340
ligand,BE0004469
ligand,BE0009123
ligand,BE0003775
ligand,BE0003402
ligand,BE0001408
ligand,BE0000143
ligand,BE0001683
ligand,BE0000542
ligand,BE0001009
ligand,BE0008977
ligand,BE0009161
ligand,BE0002467
ligand,BE0009162
ligand,BE0000292
ligand,BE0004598
ligand,BE0009103
ligand,BE0009163
antagonist,BE0009164
ligand,BE0009165
ligand,BE0009166
ligand,BE0009167
ligand,BE0009168
ligand,BE0009170
ligand,BE0009171
ligand,BE0009172
ligand,BE0009173
ligand,BE0009174
ligand,BE0009175
ligand,BE0009176
ligand,BE0001448
ligand,BE0009177
ligand,BE0009178
ligand,BE0009179
ligand,BE0009180
ligand,BE0009181
ligand,BE0009182
ligand,BE0001516
ligand,BE0009183
ligand,BE0009184
ligand,BE0009185
ligand,BE0009186
ligand,BE0009187
ligand,BE0009188
ligand,BE0009189
ligand,BE0009190
ligand,BE0009191
ligand,BE0009192
ligand,BE0009193
ligand,BE0009194
ligand,BE0009195
ligand,BE0009196
ligand,BE0009197
ligand,BE0009198
ligand,BE0009199
ligand,BE0009200
ligand,BE0009201
ligand,BE0009202
ligand,BE0009203
ligand,BE0009204
ligand,BE0009205
ligand,BE0009206
ligand,BE0009207
ligand,BE0009208
ligand,BE0009209
ligand,BE0009210
ligand,BE0009211
ligand,BE0009212
ligand,BE0009213
ligand,BE0009214
ligand,BE0009215
ligand,BE0009216
ligand,BE0009217
ligand,BE0009218
ligand,BE0009219
ligand,BE0009220
ligand,BE0001694
ligand,BE0009221
ligand,BE0009222
ligand,BE0009223
ligand,BE0009224
ligand,BE0003172
ligand,BE0009225
ligand,BE0009226
ligand,BE0009227
ligand,BE0009228
ligand,BE0009229
ligand,BE0009230
ligand,BE0009231
ligand,BE0009232
ligand,BE0009233
ligand,BE0009234
ligand,BE0009235
ligand,BE0009236
ligand,BE0009237
ligand,BE0009238
ligand,BE0009239
ligand,BE0009240
ligand,BE0009241
ligand,BE0009242
ligand,BE0009243
ligand,BE0009244
ligand,BE0009245
ligand,BE0009246
ligand,BE0009247
ligand,BE0009248
ligand,BE0009249
ligand,BE0009250
ligand,BE0009251
ligand,BE0009252
ligand,BE0009253
ligand,BE0009254
ligand,BE0009255
ligand,BE0009256
ligand,BE0009257
ligand,BE0009258
ligand,BE0009259
ligand,BE0009260
ligand,BE0009261
ligand,BE0009262
ligand,BE0009263
ligand,BE0009264
ligand,BE0009265
ligand,BE0009266
ligand,BE0009267
ligand,BE0009268
ligand,BE0009269
ligand,BE0009270
ligand,BE0009271
ligand,BE0000530
ligand,BE0009324
ligand,BE0009272
inverse agonist,BE0000968
chaperone,BE0000337
inhibitor,BE0003639
activator,BE0001195
binder,BE0003441
binder,BE0000847
inhibitor,BE0001027
partial agonist,BE0002341
antagonist,BE0002216
antagonist,BE0002212
antibody,BE0000767
nucleotide exchange blocker,BE0000143
inhibitor,BE0003335
binder,BE0000257
binder,BE0000461
binder,BE0003707
partial agonist,BE0005802
agonist,BE0009158
antagonist,BE0001186
antagonist,BE0002859
unknown,BE0000710
unknown,BE0002098
unknown,BE0002099
unknown,BE0002097
unknown,BE0000901
antagonist,BE0001717
antagonist,BE0003798
antagonist,BE0004136
antagonist,BE0004855
inhibitor,BE0000871
inhibitor,BE0004281
agonist,BE0003394
blocker,BE0003415
agonist,BE0000062
antagonist,BE0008661
inhibitor,BE0008382
antagonist,BE0003441
inhibitor,BE0003430
inhibitor,BE0004659
antagonist,BE0000066
inhibitor,BE0003781
inhibitor,BE0001598
inhibitor,BE0008672
inhibitor,BE0002433
inhibitor,BE0004866
inhibitor,BE0003533
inhibitor,BE0002793
inhibitor,BE0002363
inhibitor,BE0001067
inhibitor,BE0008661
inhibitor,BE0003541
inhibitor,BE0001646
inhibitor,BE0002135
inhibitor,BE0009379
inhibitor,BE0001580
inhibitor,BE0009380
inhibitor,BE0004146
inhibitor,BE0009381
inhibitor,BE0009382
inhibitor,BE0004109
inhibitor,BE0009383
inhibitor,BE0009384
inhibitor,BE0009385
inhibitor,BE0009386
inhibitor,BE0009387
inhibitor,BE0009388
inhibitor,BE0009389
inhibitor,BE0009390
inhibitor,BE0009391
inhibitor,BE0009392
inhibitor,BE0004632
inhibitor,BE0009393
inhibitor,BE0009394
inhibitor,BE0009395
inhibitor,BE0003782
inhibitor,BE0001861
inhibitor,BE0009396
inhibitor,BE0009397
inhibitor,BE0009398
inhibitor,BE0009399
inhibitor,BE0009400
inhibitor,BE0000772
inhibitor,BE0009401
inhibitor,BE0009402
inhibitor,BE0003791
inhibitor,BE0009403
inhibitor,BE0009404
inhibitor,BE0009405
inhibitor,BE0009406
inhibitor,BE0009407
inhibitor,BE0009408
inhibitor,BE0005595
inhibitor,BE0001312
inhibitor,BE0009409
inhibitor,BE0000264
inhibitor,BE0000665
inhibitor,BE0009410
inhibitor,BE0009411
inhibitor,BE0000991
inhibitor,BE0003404
inhibitor,BE0004601
inhibitor,BE0009412
inhibitor,BE0009413
inhibitor,BE0009414
inhibitor,BE0009415
inhibitor,BE0009324
inhibitor,BE0009416
inhibitor,BE0009417
inhibitor,BE0004324
inhibitor,BE0004147
inhibitor,BE0004076
inhibitor,BE0003792
inhibitor,BE0004108
inhibitor,BE0009418
inhibitor,BE0009419
inhibitor,BE0002641
inhibitor,BE0009420
inhibitor,BE0009421
inhibitor,BE0009422
inhibitor,BE0009423
inhibitor,BE0003382
inhibitor,BE0003381
inhibitor,BE0009424
inhibitor,BE0001824
inhibitor,BE0009425
inhibitor,BE0004043
inhibitor,BE0009426
inhibitor,BE0001356
inhibitor,BE0009427
inhibitor,BE0003984
inhibitor,BE0001776
inhibitor,BE0009428
inhibitor,BE0003788
inhibitor,BE0009429
inhibitor,BE0009430
inhibitor,BE0009431
inhibitor,BE0001124
inhibitor,BE0004012
inhibitor,BE0009432
inhibitor,BE0009433
inhibitor,BE0009434
inhibitor,BE0009435
inhibitor,BE0009436
inhibitor,BE0009437
inhibitor,BE0009438
inhibitor,BE0005587
inhibitor,BE0009439
inhibitor,BE0004140
inhibitor,BE0009440
inhibitor,BE0009441
inhibitor,BE0004549
inhibitor,BE0002453
inhibitor,BE0009442
inhibitor,BE0003839
inhibitor,BE0009443
inhibitor,BE0009444
inhibitor,BE0005539
inhibitor,BE0000839
inhibitor,BE0009445
inhibitor,BE0009446
inhibitor,BE0009447
inhibitor,BE0009448
inhibitor,BE0009449
inhibitor,BE0009450
inhibitor,BE0000033
inhibitor,BE0009451
inhibitor,BE0009452
inhibitor,BE0009453
inhibitor,BE0004344
inhibitor,BE0009454
inhibitor,BE0009455
inhibitor,BE0009456
inhibitor,BE0009457
inhibitor,BE0009458
inhibitor,BE0009459
inhibitor,BE0009460
inhibitor,BE0009461
inhibitor,BE0009462
inhibitor,BE0009463
inhibitor,BE0009464
inhibitor,BE0009465
inhibitor,BE0009466
inhibitor,BE0009467
inhibitor,BE0009468
inhibitor,BE0009469
inhibitor,BE0004386
inhibitor,BE0009470
inhibitor,BE0009471
inhibitor,BE0009472
inhibitor,BE0009473
inhibitor,BE0009474
inhibitor,BE0001097
inhibitor,BE0003391
inhibitor,BE0001019
inhibitor,BE0009475
inhibitor,BE0009476
inhibitor,BE0009477
inhibitor,BE0003772
inhibitor,BE0009478
inhibitor,BE0009479
inhibitor,BE0009480
inhibitor,BE0009481
inhibitor,BE0009482
inhibitor,BE0009483
inhibitor,BE0009484
inhibitor,BE0009485
inhibitor,BE0009486
inhibitor,BE0004271
inhibitor,BE0009487
inhibitor,BE0009488
inhibitor,BE0009489
inhibitor,BE0009490
inhibitor,BE0009491
inhibitor,BE0009492
inhibitor,BE0009493
inhibitor,BE0009494
inhibitor,BE0009495
inhibitor,BE0009496
inhibitor,BE0003796
inhibitor,BE0009497
inhibitor,BE0009498
inhibitor,BE0009499
inhibitor,BE0009500
inhibitor,BE0003605
inhibitor,BE0009501
inhibitor,BE0009502
inhibitor,BE0009503
inhibitor,BE0009504
inhibitor,BE0009505
inhibitor,BE0009506
inhibitor,BE0009507
inhibitor,BE0009508
inhibitor,BE0009509
inhibitor,BE0009510
inhibitor,BE0004077
inhibitor,BE0009511
inhibitor,BE0000437
inhibitor,BE0009512
inhibitor,BE0009513
inhibitor,BE0009514
inhibitor,BE0009515
inhibitor,BE0001277
inhibitor,BE0009516
inhibitor,BE0009517
inhibitor,BE0009518
inhibitor,BE0009519
inhibitor,BE0009520
inhibitor,BE0009521
inhibitor,BE0003745
inhibitor,BE0009522
inhibitor,BE0009523
inhibitor,BE0009524
inhibitor,BE0000677
inhibitor,BE0004907
inhibitor,BE0004475
inhibitor,BE0002417
inhibitor,BE0003431
inhibitor,BE0009279
inhibitor,BE0003889
inhibitor,BE0001385
inhibitor,BE0009525
inhibitor,BE0009526
inhibitor,BE0009527
inhibitor,BE0003090
inhibitor,BE0009528
inhibitor,BE0009529
inhibitor,BE0009530
inhibitor,BE0009531
inhibitor,BE0009532
inhibitor,BE0009533
inhibitor,BE0004191
inhibitor,BE0009534
inhibitor,BE0004274
inhibitor,BE0009535
inhibitor,BE0009536
inhibitor,BE0009537
inhibitor,BE0009538
inhibitor,BE0004041
inhibitor,BE0009539
inhibitor,BE0009540
inhibitor,BE0009541
inhibitor,BE0009542
inhibitor,BE0009543
inhibitor,BE0004328
inhibitor,BE0009544
inhibitor,BE0009559
antibody,BE0003471
binding,BE0002097
inhibitor,BE0009146
inhibitor,BE0009145
inhibitor,BE0009147
antagonist,BE0000080
antagonist,BE0000121
inhibitor,BE0001430
inhibitor,BE0009365
inhibitor,BE0009363
inhibitor,BE0009361
inhibitor,BE0009360
antagonist,BE0001065
inhibitor,BE0004862
antagonist,BE0002420
inhibitor,BE0009630
inhibitor,BE0000858
binding,BE0000033
inhibitor,BE0003536
antagonist,BE0000014
Vesicant,BE0009373
antagonist,BE0004049
substrate,BE0003543
inhibitor,BE0001120
inhibition of synthesis,BE0009548
inhibitor,BE0001739
inhibitor,BE0001085
inhibitor,BE0000950
inhibitor,BE0009558
binder,BE0000183
inactivator,BE0004281
antagonist,BE0003488
antagonist,BE0003522
stabilization,BE0000016
binder,BE0000025
inhibitor,BE0009562
binder,BE0008688
binder,BE0001140
binder,BE0000530
binder,BE0000910
blocker,BE0000756
blocker,BE0000581
agonist,BE0003383
antagonist,BE0004653
antibody,BE0008671
ligand,BE0005577
ligand,BE0004796
binder,BE0000236
binder,BE0004769
binder,BE0000136
inhibitor,BE0004852
inhibitor,BE0000640
inhibitor,BE0000829
inhibitor,BE0000831
inhibitor,BE0000830
antagonist,BE0000041
cofactor,BE0000380
activator,BE0001178
agonist,BE0000041
agonist,BE0000016
antisense oligonucleotide,BE0009143
ligand,BE0003623
inhibitor,BE0003675
inhibitor,BE0003674
agonist,BE0009339
inducer,BE0009339
antagonist,BE0004901
inhibitor,BE0009275
inhibitor,BE0009350
blocker,BE0009339
inhibitor,BE0001421
disruptor,BE0009374
ligand,BE0002442
ligand,BE0009323
modulator,BE0008662
modulator,BE0009367
agonist,BE0009351
blocker,BE0008717
antagonist,BE0000329
antagonist,BE0001162
translocation inhibitor,BE0004903
inducer,BE0000239
cleavage,BE0009344
agonist,BE0008699
agonist,BE0008708
positive allosteric modulator,BE0000381
positive allosteric modulator,BE0003592
positive allosteric modulator,BE0000523
positive allosteric modulator,BE0000471
positive allosteric modulator,BE0000795
unknown,BE0001020
unknown,BE0001007
inhibitor,BE0004527
antibody,BE0003496
antagonist,BE0000070
activator,BE0000308
activator,BE0000633
antibody,BE0009355
antibody,BE0009353
antibody,BE0009357
antibody,BE0004101
antibody,BE0009356
antibody,BE0009354
antibody,BE0001263
chelator,BE0009339
inhibitor,BE0003643
stimulator,BE0001039
inhibitor,BE0008636
gene replacement,BE0009149
cofactor,BE0000333
binder,BE0001379
agonist,BE0008725
oxidizer,BE0009370
agonist,BE0008719
agonist,BE0003399
inhibits downstream inflammation cascades,BE0003399
regulator,BE0004903
regulator,BE0005540
regulator,BE0000071
regulator,BE0001007
inhibitor,BE0002461
ligand,BE0008668
binder,BE0000399
inhibitor,BE0009575
antagonist,BE0008663
chelator,BE0009341
negative modulator,BE0000061
antagonist,BE0009345
agonist,BE0009347
agonist,BE0009348
inhibitor,BE0009359
antibody,BE0001103
antibody,BE0002370
inhibitor,BE0009155
ligand,BE0009551
inhibitor,BE0009553
inhibitor,BE0009554
inhibitor,BE0002369
ligand,BE0009570
inhibitor,BE0001251
suppressor,BE0009563
binder,BE0000016
inhibitor,BE0003436
inhibitor,BE0009563
neutralizer,BE0000944
degradation,BE0004798
binder,BE0001036
binder,BE0009577
