ref-id,pubmed-id,citation,parent_key
A11627,10036158,"Maingonnat C, Victor R, Bertrand P, Courel MN, Maunoury R, Delpech B: Activation and inhibition of human cancer cell hyaluronidase by proteins. Anal Biochem. 1999 Mar 1;268(1):30-4.",BE0000530
A11628,10466114,"Parameswaran S, Brown LV, Ibbott GS, Lai-Fook SJ: Effect of concentration and hyaluronidase on albumin diffusion across rabbit mesentery. Microcirculation. 1999 Jun;6(2):117-26.",BE0000530
A13643,10854433,"Balendiran GK, Schnutgen F, Scapin G, Borchers T, Xhong N, Lim K, Godbout R, Spener F, Sacchettini JC: Crystal structure and thermodynamic analysis of human brain fatty acid-binding protein. J Biol Chem. 2000 Sep 1;275(35):27045-54.",BE0001821
A175717,27742848,Davey RX: Vitamin D-binding protein as it is understood in 2016: is it a critical key with which to help to solve the calcitriol conundrum? Ann Clin Biochem. 2017 Mar;54(2):199-208. doi: 10.1177/0004563216677100. Epub 2016 Dec 11.,BE0001141
A20277,8370586,"Arnaud J, Constans J: Affinity differences for vitamin D metabolites associated with the genetic isoforms of the human serum carrier protein (DBP). Hum Genet. 1993 Sep;92(2):183-8.",BE0001141
A11676,16678417,"Zsila F, Nadolski G, Lockwood SF: Association studies of aggregated aqueous lutein diphosphate with human serum albumin and alpha1-acid glycoprotein in vitro: evidence from circular dichroism and electronic absorption spectroscopy. Bioorg Med Chem Lett. 2006 Jul 15;16(14):3797-801. Epub 2006 May 5.",BE0000530
A11677,11273666,"Yemelyanov AY, Katz NB, Bernstein PS: Ligand-binding characterization of xanthophyll carotenoids to solubilized membrane proteins derived from human retina. Exp Eye Res. 2001 Apr;72(4):381-92.",BE0000530
A1713,17139284,"Overington JP, Al-Lazikani B, Hopkins AL: How many drug targets are there? Nat Rev Drug Discov. 2006 Dec;5(12):993-6.",BE0001821
A1715,17016423,"Imming P, Sinning C, Meyer A: Drugs, their targets and the nature and number of drug targets. Nat Rev Drug Discov. 2006 Oct;5(10):821-34.",BE0001821
A13868,17547694,"Liu YE, Pu W, Wang J, Kang JX, Shi YE: Activation of Stat5 and induction of a pregnancy-like mammary gland differentiation by eicosapentaenoic and docosapentaenoic omega-3 fatty acids. FEBS J. 2007 Jul;274(13):3351-62. Epub 2007 Jun 5.",BE0001821
A20242,25451573,"Pavicevic ID, Jovanovic VB, Takic MM, Penezic AZ, Acimovic JM, Mandic LM: Fatty acids binding to human serum albumin: Changes of reactivity and glycation level of Cysteine-34 free thiol group with methylglyoxal. Chem Biol Interact. 2014 Dec 5;224:42-50. doi: 10.1016/j.cbi.2014.10.008. Epub 2014 Oct 17.",BE0000530
A10205,16115871,"O'Byrne SM, Wongsiriroj N, Libien J, Vogel S, Goldberg IJ, Baehr W, Palczewski K, Blaner WS: Retinoid absorption and storage is impaired in mice lacking lecithin:retinol acyltransferase (LRAT). J Biol Chem. 2005 Oct 21;280(42):35647-57. Epub 2005 Aug 22.",BE0000682
A1713,17139284,"Overington JP, Al-Lazikani B, Hopkins AL: How many drug targets are there? Nat Rev Drug Discov. 2006 Dec;5(12):993-6.",BE0000532
A1715,17016423,"Imming P, Sinning C, Meyer A: Drugs, their targets and the nature and number of drug targets. Nat Rev Drug Discov. 2006 Oct;5(10):821-34.",BE0000532
A10206,15493015,"Caprioli A, Zhu H, Sato TN: CRBP-III:lacZ expression pattern reveals a novel heterogeneity of vascular endothelial cells. Genesis. 2004 Nov;40(3):139-45.",BE0000532
A10207,17001693,"Goodman AB: Retinoid receptors, transporters, and metabolizers as therapeutic targets in late onset Alzheimer disease. J Cell Physiol. 2006 Dec;209(3):598-603.",BE0000314
A10208,17529981,"Ziouzenkova O, Orasanu G, Sharlach M, Akiyama TE, Berger JP, Viereck J, Hamilton JA, Tang G, Dolnikowski GG, Vogel S, Duester G, Plutzky J: Retinaldehyde represses adipogenesis and diet-induced obesity. Nat Med. 2007 Jun;13(6):695-702. Epub 2007 May 27.",BE0000314
A10209,17566551,"Wolf G: Serum retinol-binding protein: a link between obesity, insulin resistance, and type 2 diabetes. Nutr Rev. 2007 May;65(5):251-6.",BE0000314
A10210,16150442,"Liden M, Eriksson U: Development of a versatile reporter assay for studies of retinol uptake and metabolism in vivo. Exp Cell Res. 2005 Nov 1;310(2):401-8. Epub 2005 Sep 8.",BE0000314
A10211,16181461,"Hinterhuber G, Cauza K, Dingelmaier-Hovorka R, Diem E, Horvat R, Wolff K, Foedinger D: Expression of RPE65, a putative receptor for plasma retinol-binding protein, in nonmelanocytic skin tumours. Br J Dermatol. 2005 Oct;153(4):785-9.",BE0000314
A10212,16351764,"Suruga K, Kitagawa M, Yasutake H, Takase S, Goda T: Diet-related variation in cellular retinol-binding protein type II gene expression in rat jejunum. Br J Nutr. 2005 Dec;94(6):890-5.",BE0000505
A19989,17217919,"Karnaukhova E: Interactions of human serum albumin with retinoic acid, retinal and retinyl acetate. Biochem Pharmacol. 2007 Mar 15;73(6):901-10. Epub 2006 Dec 2.",BE0000530
A176137,20166147,"Lemaire-Ewing S, Desrumaux C, Neel D, Lagrost L: Vitamin E transport, membrane incorporation and cell metabolism: Is alpha-tocopherol in lipid rafts an oar in the lifeboat? Mol Nutr Food Res. 2010 May;54(5):631-40. doi: 10.1002/mnfr.200900445.",BE0000256
A176137,20166147,"Lemaire-Ewing S, Desrumaux C, Neel D, Lagrost L: Vitamin E transport, membrane incorporation and cell metabolism: Is alpha-tocopherol in lipid rafts an oar in the lifeboat? Mol Nutr Food Res. 2010 May;54(5):631-40. doi: 10.1002/mnfr.200900445.",BE0000339
A176137,20166147,"Lemaire-Ewing S, Desrumaux C, Neel D, Lagrost L: Vitamin E transport, membrane incorporation and cell metabolism: Is alpha-tocopherol in lipid rafts an oar in the lifeboat? Mol Nutr Food Res. 2010 May;54(5):631-40. doi: 10.1002/mnfr.200900445.",BE0009656
A13916,10052453,"Nykjaer A, Dragun D, Walther D, Vorum H, Jacobsen C, Herz J, Melsen F, Christensen EI, Willnow TE: An endocytic pathway essential for renal uptake and activation of the steroid 25-(OH) vitamin D3. Cell. 1999 Feb 19;96(4):507-15.",BE0001141
A13917,11799400,"Verboven C, Rabijns A, De Maeyer M, Van Baelen H, Bouillon R, De Ranter C: A structural basis for the unique binding features of the human vitamin D-binding protein. Nat Struct Biol. 2002 Feb;9(2):131-6.",BE0001141
A13918,17023693,"Houghton LA, Vieth R: The case against ergocalciferol (vitamin D2) as a vitamin supplement. Am J Clin Nutr. 2006 Oct;84(4):694-7.",BE0001141
A13919,8660814,"Yamamoto N, Naraparaju VR: Vitamin D3-binding protein as a precursor for macrophage activating factor in the inflammation-primed macrophage activation cascade in rats. Cell Immunol. 1996 Jun 15;170(2):161-7.",BE0001141
A13920,8759764,"Yamamoto N, Naraparaju VR: Role of vitamin D3-binding protein in activation of mouse macrophages. J Immunol. 1996 Aug 15;157(4):1744-9.",BE0001141
A1713,17139284,"Overington JP, Al-Lazikani B, Hopkins AL: How many drug targets are there? Nat Rev Drug Discov. 2006 Dec;5(12):993-6.",BE0000209
A1715,17016423,"Imming P, Sinning C, Meyer A: Drugs, their targets and the nature and number of drug targets. Nat Rev Drug Discov. 2006 Oct;5(10):821-34.",BE0000209
A16900,8415778,"Begley JA, Colligan PD, Chu RC: Transcobalamin II mediated delivery of albumin-bound hydroxocobalamin to human liver cells. Proc Soc Exp Biol Med. 1993 Nov;204(2):206-10.",BE0000362
A16901,5126165,"Skouby AP, Hippe E, Olesen H: Antibody to transcobalamin II and B12 binding capacity in patients treated with hydroxocobalamin. Blood. 1971 Dec;38(6):769-74.",BE0000362
A16902,5488577,"Hippe E, Olesen H, Skouby A: [Occurrence of antibodies against transcobalamin II in relation to the number of and the intervals between depot therapy with hydroxocobalamin]. Nord Med. 1970 Dec 3;84(49):1570.",BE0000362
A16903,3338997,"Brown KL, Marques HM, Jacobsen DW: Heteronuclear NMR studies of cobalamins. 31P NMR observations of cobalamins bound to a haptocorrin from chicken serum. J Biol Chem. 1988 Feb 5;263(4):1872-7.",BE0000362
A16904,8487649,"Chu RC, Begley JA, Colligan PD, Hall CA: The methylcobalamin metabolism of cultured human fibroblasts. Metabolism. 1993 Mar;42(3):315-9.",BE0000362
A293,14585166,"Seetharam B, Yammani RR: Cobalamin transport proteins and their cell-surface receptors. Expert Rev Mol Med. 2003 Jun 13;5(18):1-18.",BE0000362
A174475,9474471,"Knauf H, Mutschler E: Clinical pharmacokinetics and pharmacodynamics of torasemide. Clin Pharmacokinet. 1998 Jan;34(1):1-24. doi: 10.2165/00003088-199834010-00001.",BE0000530
A19948,15814459,"Bocedi A, Notaril S, Narciso P, Bolli A, Fasano M, Ascenzi P: Binding of anti-HIV drugs to human serum albumin. IUBMB Life. 2004 Oct;56(10):609-14.",BE0000530
A19949,16336266,"Bocedi A, Notari S, Menegatti E, Fanali G, Fasano M, Ascenzi P: Allosteric modulation of anti-HIV drug and ferric heme binding to human serum albumin. FEBS J. 2005 Dec;272(24):6287-96.",BE0000530
A174583,9160173,"Lennernas H, Fager G: Pharmacodynamics and pharmacokinetics of the HMG-CoA reductase inhibitors. Similarities and differences. Clin Pharmacokinet. 1997 May;32(5):403-25. doi: 10.2165/00003088-199732050-00005.",BE0000530
A15479,15791110,"Liu R, Eckenhoff RG: Weak polar interactions confer albumin binding site selectivity for haloether anesthetics. Anesthesiology. 2005 Apr;102(4):799-805.",BE0000530
A15480,15449957,"Sawas AH, Pentyala SN, Rebecchi MJ: Binding of volatile anesthetics to serum albumin: measurements of enthalpy and solvent contributions. Biochemistry. 2004 Oct 5;43(39):12675-85.",BE0000530
A9,11752352,"Chen X, Ji ZL, Chen YZ: TTD: Therapeutic Target Database. Nucleic Acids Res. 2002 Jan 1;30(1):412-5.",BE0000209
A174946,29666676,"Mezincescu A, Karthikeyan VJ, Nadar SK: Ranolazine: A true pluripotent cardiovascular drug or jack of all trades, master of none? Sultan Qaboos Univ Med J. 2018 Feb;18(1):e13-e23. doi: 10.18295/squmj.2018.18.01.003. Epub 2018 Apr 4.",BE0000530
A175030,16717165,Chaitman BR: Ranolazine for the treatment of chronic angina and potential use in other cardiovascular conditions. Circulation. 2006 May 23;113(20):2462-72. doi: 10.1161/CIRCULATIONAHA.105.597500.,BE0000925
A15482,15282104,"Chen J, Ohnmacht C, Hage DS: Studies of phenytoin binding to human serum albumin by high-performance affinity chromatography. J Chromatogr B Analyt Technol Biomed Life Sci. 2004 Sep 25;809(1):137-45.",BE0000530
A15483,16621742,"Ohnmacht CM, Chen S, Tong Z, Hage DS: Studies by biointeraction chromatography of binding by phenytoin metabolites to human serum albumin. J Chromatogr B Analyt Technol Biomed Life Sci. 2006 May 19;836(1-2):83-91. Epub 2006 Apr 18.",BE0000530
A175141,30422518,"Morris J, Dunham A: Metoprolol .",BE0000530
A20268,1376777,"Rahman MH, Miyoshi T, Sukimoto K, Takadate A, Otagiri M: Interaction mode of dicumarol and its derivatives with human serum albumin, alpha 1-acid glycoprotein and asialo alpha 1-acid glycoprotein. J Pharmacobiodyn. 1992 Jan;15(1):7-16.",BE0000530
A12629,3339510,"Robertson A, Fink S, Karp W: Effect of cephalosporins on bilirubin-albumin binding. J Pediatr. 1988 Feb;112(2):291-4.",BE0000530
A15457,15082720,"Eneqvist T, Lundberg E, Karlsson A, Huang S, Santos CR, Power DM, Sauer-Eriksson AE: High resolution crystal structures of piscine transthyretin reveal different binding modes for triiodothyronine and thyroxine. J Biol Chem. 2004 Jun 18;279(25):26411-6. Epub 2004 Apr 13.",BE0000337
A15458,12553433,Palha JA: Transthyretin as a thyroid hormone carrier: function revisited. Clin Chem Lab Med. 2002 Dec;40(12):1292-300.,BE0000337
A15458,12553433,Palha JA: Transthyretin as a thyroid hormone carrier: function revisited. Clin Chem Lab Med. 2002 Dec;40(12):1292-300.,BE0000537
A15458,12553433,Palha JA: Transthyretin as a thyroid hormone carrier: function revisited. Clin Chem Lab Med. 2002 Dec;40(12):1292-300.,BE0000530
A11790,10322928,"Chu JS, Kishion S, Nomura A, Miyazaki K: Serum alpha 1-acid glycoprotein, sialic acid, and protein binding of disopyramide in normal subjects and cardiac patients. Zhongguo Yao Li Xue Bao. 1997 Sep;18(5):408-10.",BE0000925
A11791,10824133,"Hanada K, Ohta T, Hirai M, Arai M, Ogata H: Enantioselective binding of propranolol, disopyramide, and verapamil to human alpha(1)-acid glycoprotein. J Pharm Sci. 2000 Jun;89(6):751-7.",BE0000925
A11792,14616427,"Nakagawa T, Kishino S, Itoh S, Sugawara M, Miyazaki K: Differential binding of disopyramide and warfarin enantiomers to human alpha(1)-acid glycoprotein variants. Br J Clin Pharmacol. 2003 Dec;56(6):664-9.",BE0000925
A11793,2860235,"Haughey DB, Steinberg I, Lee MH: Protein binding of disopyramide--displacement by mono-N-dealkyldisopyramide and variation with source of alpha-1-acid glycoprotein. J Pharm Pharmacol. 1985 Apr;37(4):285-8.",BE0000925
A11794,2862237,"Brunner F, Muller WE: Prazosin binding to human alpha 1-acid glycoprotein (orosomucoid), human serum albumin, and human serum. Further characterization of the 'single drug binding site' of orosomucoid. J Pharm Pharmacol. 1985 May;37(5):305-9.",BE0000925
A38238,24715748,"Cada DJ, Baker DE: Conjugated estrogens and bazedoxifene. Hosp Pharm. 2014 Mar;49(3):273-83. doi: 10.1310/hpj4903-273.",BE0000685
A38238,24715748,"Cada DJ, Baker DE: Conjugated estrogens and bazedoxifene. Hosp Pharm. 2014 Mar;49(3):273-83. doi: 10.1310/hpj4903-273.",BE0000530
A175750,24732041,"Aman MG, Smith T, Arnold LE, Corbett-Dick P, Tumuluru R, Hollway JA, Hyman SL, Mendoza-Burcham M, Pan X, Mruzek DW, Lecavalier L, Levato L, Silverman LB, Handen B: A review of atomoxetine effects in young people with developmental disabilities. Res Dev Disabil. 2014 Jun;35(6):1412-24. doi: 10.1016/j.ridd.2014.03.006. Epub 2014 Apr 16.",BE0000530
A175723,27721971,"Hutchison SL, Ghuman JK, Ghuman HS, Karpov I, Schuster JM: Efficacy of atomoxetine in the treatment of attention-deficit hyperactivity disorder in patients with common comorbidities in children, adolescents and adults: a review. Ther Adv Psychopharmacol. 2016 Oct;6(5):317-334. doi: 10.1177/2045125316647686. Epub 2016 May 20.",BE0000530
A175723,27721971,"Hutchison SL, Ghuman JK, Ghuman HS, Karpov I, Schuster JM: Efficacy of atomoxetine in the treatment of attention-deficit hyperactivity disorder in patients with common comorbidities in children, adolescents and adults: a review. Ther Adv Psychopharmacol. 2016 Oct;6(5):317-334. doi: 10.1177/2045125316647686. Epub 2016 May 20.",BE0004879
A175750,24732041,"Aman MG, Smith T, Arnold LE, Corbett-Dick P, Tumuluru R, Hollway JA, Hyman SL, Mendoza-Burcham M, Pan X, Mruzek DW, Lecavalier L, Levato L, Silverman LB, Handen B: A review of atomoxetine effects in young people with developmental disabilities. Res Dev Disabil. 2014 Jun;35(6):1412-24. doi: 10.1016/j.ridd.2014.03.006. Epub 2014 Apr 16.",BE0004879
A175723,27721971,"Hutchison SL, Ghuman JK, Ghuman HS, Karpov I, Schuster JM: Efficacy of atomoxetine in the treatment of attention-deficit hyperactivity disorder in patients with common comorbidities in children, adolescents and adults: a review. Ther Adv Psychopharmacol. 2016 Oct;6(5):317-334. doi: 10.1177/2045125316647686. Epub 2016 May 20.",BE0000710
A175750,24732041,"Aman MG, Smith T, Arnold LE, Corbett-Dick P, Tumuluru R, Hollway JA, Hyman SL, Mendoza-Burcham M, Pan X, Mruzek DW, Lecavalier L, Levato L, Silverman LB, Handen B: A review of atomoxetine effects in young people with developmental disabilities. Res Dev Disabil. 2014 Jun;35(6):1412-24. doi: 10.1016/j.ridd.2014.03.006. Epub 2014 Apr 16.",BE0000710
A16851,10927023,"Stephenson KN, Croxen RL, El-Barbary A, Fenstermacher JD, Haspel HC: Inhibition of glucose transport and direct interactions with type 1 facilitative glucose transporter (GLUT-1) by etomidate, ketamine, and propofol: a comparison with barbiturates. Biochem Pharmacol. 2000 Sep 1;60(5):651-9.",BE0001057
A176059,24985077,"Klimas R, Mikus G: Morphine-6-glucuronide is responsible for the analgesic effect after morphine administration: a quantitative review of morphine, morphine-6-glucuronide, and morphine-3-glucuronide. Br J Anaesth. 2014 Dec;113(6):935-44. doi: 10.1093/bja/aeu186. Epub 2014 Jul 1.",BE0000530
A20284,8946661,"Dasgupta A, Emerson L: Interaction of valproic acid with nonsteroidal antiinflammatory drugs mefenamic acid and fenoprofen in normal and uremic sera: lack of interaction in uremic sera due to the presence of endogenous factors. Ther Drug Monit. 1996 Dec;18(6):654-9.",BE0000530
A15487,6108517,"Brinkschulte M, Breyer-Pfaff U: The contribution of alpha 1-acid glycoprotein, lipoproteins, and albumin to the plasma binding of perazine, amitriptyline, and nortriptyline in healthy man. Naunyn Schmiedebergs Arch Pharmacol. 1980 Oct;314(1):61-6.",BE0000530
A15488,17125386,"Banerjee T, Singh SK, Kishore N: Binding of naproxen and amitriptyline to bovine serum albumin: biophysical aspects. J Phys Chem B. 2006 Nov 30;110(47):24147-56.",BE0000530
A15487,6108517,"Brinkschulte M, Breyer-Pfaff U: The contribution of alpha 1-acid glycoprotein, lipoproteins, and albumin to the plasma binding of perazine, amitriptyline, and nortriptyline in healthy man. Naunyn Schmiedebergs Arch Pharmacol. 1980 Oct;314(1):61-6.",BE0000925
A15489,2870173,"Ferry DG, Caplan NB, Cubeddu LX: Interaction between antidepressants and alpha 1-adrenergic receptor antagonists on the binding to alpha 1-acid glycoprotein. J Pharm Sci. 1986 Feb;75(2):146-9.",BE0000925
A176468,29261877,"Abi-Aad KR, Derian A: Hydromorphone .",BE0000530
A12195,9275312,"Bertucci C, Wainer IW: Improved chromatographic performance of a modified human albumin based stationary phase. Chirality. 1997;9(4):335-40.",BE0000530
A14767,10511917,"Callaghan JT, Bergstrom RF, Ptak LR, Beasley CM: Olanzapine. Pharmacokinetic and pharmacodynamic profile. Clin Pharmacokinet. 1999 Sep;37(3):177-93.",BE0000530
A14767,10511917,"Callaghan JT, Bergstrom RF, Ptak LR, Beasley CM: Olanzapine. Pharmacokinetic and pharmacodynamic profile. Clin Pharmacokinet. 1999 Sep;37(3):177-93.",BE0000925
A1713,17139284,"Overington JP, Al-Lazikani B, Hopkins AL: How many drug targets are there? Nat Rev Drug Discov. 2006 Dec;5(12):993-6.",BE0000530
A1715,17016423,"Imming P, Sinning C, Meyer A: Drugs, their targets and the nature and number of drug targets. Nat Rev Drug Discov. 2006 Oct;5(10):821-34.",BE0000530
A11831,6892775,"Terao N, Yoshida N, Nagashima R: Sucralfate, a basic aluminum salt of sucrose sulfate. III. Inhibition of peptic hydrolysis of fibrinogen by sucrose sulfate. Arzneimittelforschung. 1980;30(1):76-8.",BE0000530
A4781,7770804,"Landyshev IuS, Grigorenko AA, Marikhina NS, Molochnaia SV: [A comparative assessment of the effect of different methods of glucocorticosteroid therapy on the hypophyseal-adrenal system in bronchial asthma patients]. Ter Arkh. 1995;67(3):43-7.",BE0000209
A20110,20435530,"Joseph KS, Hage DS: Characterization of the binding of sulfonylurea drugs to HSA by high-performance affinity chromatography. J Chromatogr B Analyt Technol Biomed Life Sci. 2010 Jun 1;878(19):1590-8. doi: 10.1016/j.jchromb.2010.04.019.",BE0000530
A20139,20829128,"Joseph KS, Anguizola J, Jackson AJ, Hage DS: Chromatographic analysis of acetohexamide binding to glycated human serum albumin. J Chromatogr B Analyt Technol Biomed Life Sci. 2010 Oct 15;878(28):2775-81. doi:  10.1016/j.jchromb.2010.08.021. Epub 2010 Aug 21.",BE0000530
A20111,20956006,"Yoo MJ, Hage DS: Use of peak decay analysis and affinity microcolumns containing silica monoliths for rapid determination of drug-protein dissociation rates. J Chromatogr A. 2011 Apr 15;1218(15):2072-8. doi: 10.1016/j.chroma.2010.09.070. Epub 2010 Oct 16.",BE0000530
A20112,20974553,"Basiaga SB, Hage DS: Chromatographic studies of changes in binding of sulfonylurea drugs to human serum albumin due to glycation and fatty acids. J Chromatogr B Analyt Technol Biomed Life Sci. 2010 Nov 15;878(30):3193-7. doi: 10.1016/j.jchromb.2010.09.033. Epub 2010 Oct 23.",BE0000530
A20140,21612784,"Tong Z, Joseph KS, Hage DS: Detection of heterogeneous drug-protein binding by frontal analysis and high-performance affinity chromatography. J Chromatogr A. 2011 Dec 9;1218(49):8915-24. doi: 10.1016/j.chroma.2011.04.078. Epub 2011 May 6.",BE0000530
A15505,1031216,"Bratlid D, Bergan T: Displacement of albumin-bound antimicrobial agents by bilirubin. Pharmacology. 1976;14(5):464-72.",BE0000530
A16718,1686912,"Ohshima T, Hasegawa T, Johno I, Kitazawa S: Protein binding of cefpiramide in the plasma of various species. J Pharm Pharmacol. 1991 Nov;43(11):805-6.",BE0000530
A17236,6754208,"Edwards DJ, Svensson CK, Visco JP, Lalka D: Clinical pharmacokinetics of pethidine: 1982. Clin Pharmacokinet. 1982 Sep-Oct;7(5):421-33.",BE0000530
A17236,6754208,"Edwards DJ, Svensson CK, Visco JP, Lalka D: Clinical pharmacokinetics of pethidine: 1982. Clin Pharmacokinet. 1982 Sep-Oct;7(5):421-33.",BE0000925
A16860,1625169,"Terasaki T, Nouda H, Tsuji A: Selective analysis of mutual displacement effects at the primary binding sites of phenoxymethylpenicillin and cephalothin bindings to human serum albumin. J Pharmacobiodyn. 1992 Mar;15(3):91-7.",BE0000530
A11851,1449542,"Urien S, Claudepierre P, Meyer J, Brandt R, Tillement JP: Comparative binding of etretinate and acitretin to plasma proteins and erythrocytes. Biochem Pharmacol. 1992 Nov 3;44(9):1891-3.",BE0000530
A11852,15902381,"Preiss JC, Zouboulis CC, Zeitz M, Duchmann R: [Severe erythrodermic psoriasis in a patient with 22q11 deletion syndrome]. Med Klin (Munich). 2005 May 13;100(5):275-8.",BE0000530
A11853,2146977,"Carillet V, Morliere P, Maziere JC, Huppe G, Santus R, Dubertret L: In vitro interactions of the aromatic retinoids Ro 10-9359 (etretinate) and Ro 10-1670 (acitretin), its main metabolite, with human serum lipoproteins and albumin. Biochim Biophys Acta. 1990 Nov 12;1055(2):98-101.",BE0000530
A15484,16819214,"Kitamura K, Omran AA, Nagata C, Kamijima Y, Tanaka R, Takegami S, Kitade T: Effects of inorganic ions on the binding of triflupromazine and chlorpromazine to bovine serum albumin studied by spectrometric methods. Chem Pharm Bull (Tokyo). 2006 Jul;54(7):972-6.",BE0000530
A15485,11559920,"Rukhadze MD, Bezarashvili GS, Sidamonidze NS, Tsagareli SK: Investigation of binding process of chlorpromazine to bovine serum albumin by means of passive and active experiments. Biomed Chromatogr. 2001 Oct;15(6):365-73.",BE0000530
A15486,15264002,"Silva D, Cortez CM, Louro SR: Quenching of the intrinsic fluorescence of bovine serum albumin by chlorpromazine and hemin. Braz J Med Biol Res. 2004 Jul;37(7):963-8. Epub 2004 Jun 22.",BE0000530
A15511,11689002,"Quevedo MA, Moroni GN, Brinon MC: Human serum albumin binding of novel antiretroviral nucleoside derivatives of AZT. Biochem Biophys Res Commun. 2001 Nov 9;288(4):954-60.",BE0000530
A20270,8027947,"Ojingwa JC, Spahn-Langguth H, Benet LZ: Reversible binding of tolmetin, zomepirac, and their glucuronide conjugates to human serum albumin and plasma. J Pharmacokinet Biopharm. 1994 Feb;22(1):19-40.",BE0000530
A20276,9353694,"Borga O, Borga B: Serum protein binding of nonsteroidal antiinflammatory drugs: a comparative study. J Pharmacokinet Biopharm. 1997 Feb;25(1):63-77.",BE0000530
A31980,16495369,"Balamurugan K, Said HM: Role of reduced folate carrier in intestinal folate uptake. Am J Physiol Cell Physiol. 2006 Jul;291(1):C189-93. doi: 10.1152/ajpcell.00594.2005. Epub 2006 Feb 22.",BE0004711
A18349,19164148,"Baneres-Roquet F, Gualtieri M, Villain-Guillot P, Pugniere M, Leonetti JP: Use of a surface plasmon resonance method to investigate antibiotic and plasma protein interactions. Antimicrob Agents Chemother. 2009 Apr;53(4):1528-31. doi: 10.1128/AAC.00971-08. Epub 2009 Jan 21.",BE0000530
A18349,19164148,"Baneres-Roquet F, Gualtieri M, Villain-Guillot P, Pugniere M, Leonetti JP: Use of a surface plasmon resonance method to investigate antibiotic and plasma protein interactions. Antimicrob Agents Chemother. 2009 Apr;53(4):1528-31. doi: 10.1128/AAC.00971-08. Epub 2009 Jan 21.",BE0004879
A18349,19164148,"Baneres-Roquet F, Gualtieri M, Villain-Guillot P, Pugniere M, Leonetti JP: Use of a surface plasmon resonance method to investigate antibiotic and plasma protein interactions. Antimicrob Agents Chemother. 2009 Apr;53(4):1528-31. doi: 10.1128/AAC.00971-08. Epub 2009 Jan 21.",BE0009144
A20003,16773208,"Khalaila I, Bergamo A, Bussy F, Sava G, Dyson PJ: The role of cisplatin and NAMI-A plasma-protein interactions in relation to combination therapy. Int J Oncol. 2006 Jul;29(1):261-8.",BE0000530
A10598,16109390,"Hoegberg P, Schmidt CK, Fletcher N, Nilsson CB, Trossvik C, Gerlienke Schuur A, Brouwer A, Nau H, Ghyselinck NB, Chambon P, Hakansson H: Retinoid status and responsiveness to 2,3,7,8-tetrachlorodibenzo-p-dioxin (TCDD) in mice lacking retinoid binding protein or retinoid receptor forms. Chem Biol Interact. 2005 Sep 10;156(1):25-39.",BE0000782
A11883,16166294,"Donato LJ, Noy N: Suppression of mammary carcinoma growth by retinoic acid: proapoptotic genes are targets for retinoic acid receptor and cellular retinoic acid-binding protein II signaling. Cancer Res. 2005 Sep 15;65(18):8193-9.",BE0000782
A11884,16813970,"Bry K, Lappalainen U: Pathogenesis of bronchopulmonary dysplasia: the role of interleukin 1beta in the regulation of inflammation-mediated pulmonary retinoic acid pathways in transgenic mice. Semin Perinatol. 2006 Jun;30(3):121-8.",BE0000782
A11885,17407572,"Wei T, Geiser AG, Qian HR, Su C, Helvering LM, Kulkarini NH, Shou J, N'Cho M, Bryant HU, Onyia JE: DNA microarray data integration by ortholog gene analysis reveals potential molecular mechanisms of estrogen-dependent growth of human uterine fibroids. BMC Womens Health. 2007 Apr 2;7:5.",BE0000782
A11886,17667529,"Boorjian SA, Milowsky MI, Kaplan J, Albert M, Cobham MV, Coll DM, Mongan NP, Shelton G, Petrylak D, Gudas LJ, Nanus DM: Phase 1/2 clinical trial of interferon alpha2b and weekly liposome-encapsulated all-trans retinoic acid in patients with advanced renal cell carcinoma. J Immunother. 2007 Sep;30(6):655-62.",BE0000782
A10598,16109390,"Hoegberg P, Schmidt CK, Fletcher N, Nilsson CB, Trossvik C, Gerlienke Schuur A, Brouwer A, Nau H, Ghyselinck NB, Chambon P, Hakansson H: Retinoid status and responsiveness to 2,3,7,8-tetrachlorodibenzo-p-dioxin (TCDD) in mice lacking retinoid binding protein or retinoid receptor forms. Chem Biol Interact. 2005 Sep 10;156(1):25-39.",BE0000508
A11887,16215318,"Goelden U, Pfoertner S, Hansen W, Toepfer T, von Knobloch R, Hofmann R, Buer J, Schrader AJ: Expression and functional influence of cellular retinoic acid-binding protein II in renal cell carcinoma. Urol Int. 2005;75(3):269-76.",BE0000508
A11888,16376305,"Levadoux-Martin M, Li Y, Blackburn A, Chabanon H, Hesketh JE: Perinuclear localisation of cellular retinoic acid binding protein I mRNA. Biochem Biophys Res Commun. 2006 Feb 3;340(1):326-31.",BE0000508
A11889,16788631,Jetten AM: Multi-stage program of differentiation in human epidermal keratinocytes: regulation by retinoids. J Invest Dermatol. 1990 Nov;95(5 Suppl):44S-46S.,BE0000508
A11884,16813970,"Bry K, Lappalainen U: Pathogenesis of bronchopulmonary dysplasia: the role of interleukin 1beta in the regulation of inflammation-mediated pulmonary retinoic acid pathways in transgenic mice. Semin Perinatol. 2006 Jun;30(3):121-8.",BE0000508
A15495,15150801,"Sulkowska A, Bojko B, Rownicka J, Sulkowski W: Competition of drugs to serum albumin in combination therapy. Biopolymers. 2004 Jun 15;74(3):256-62.",BE0000530
A15496,8573632,"Bertucci C, Ascoli G, Uccello-Barretta G, Di Bari L, Salvadori P: The binding of 5-fluorouracil to native and modified human serum albumin: UV, CD, and 1H and 19F NMR investigation. J Pharm Biomed Anal. 1995 Aug;13(9):1087-93.",BE0000530
A15419,17628030,"Warnecke A, Fichtner I, Sass G, Kratz F: Synthesis, cleavage profile, and antitumor efficacy of an albumin-binding prodrug of methotrexate that is cleaved by plasmin and cathepsin B. Arch Pharm (Weinheim). 2007 Aug;340(8):389-95.",BE0000530
A15420,17205742,"Xie WJ, Feng YP, Cao SL, Zhao YF: [Study of the interaction between methotrexate and bovine serum albumin by spectrometry]. Guang Pu Xue Yu Guang Pu Fen Xi. 2006 Oct;26(10):1876-9.",BE0000530
A11910,2545072,"Brodersen R, Honore B: Drug binding properties of neonatal albumin. Acta Paediatr Scand. 1989 May;78(3):342-6.",BE0000530
A11911,5421619,"Agren A, Elofsson R, Meresaar U, Nilsson SO: Complex formation between macromolecules and drugs. 3. A study of the influence of ionic strength and pH. Binding between Aptin, nortriptyline, sulfamethizole or tripelenamine and serum albumin, poly-arginine, poly-lysine, poly-ornithine, protamine or dextran sulfate. Acta Pharm Suec. 1970 Apr;7(2):105-12.",BE0000530
A11912,7380930,"Nakano NI, Shimamori Y, Yamaguchi S: Mutual displacement interactions in the binding of two drugs to human serum albumin by frontal affinity chromatography. J Chromatogr. 1980 Feb 1;188(2):347-56.",BE0000530
A11913,8099962,"Angelakou A, Valsami G, Koupparis M, Macheras P: Use of 1-anilino-8-napthalenesulphonate as an ion probe for the potentiometric study of the binding of sulphonamides to bovine serum albumin and plasma. J Pharm Pharmacol. 1993 May;45(5):434-8.",BE0000530
A11914,14968122,"Miller SR, Sekijima Y, Kelly JW: Native state stabilization by NSAIDs inhibits transthyretin amyloidogenesis from the most common familial disease variants. Lab Invest. 2004 May;84(5):545-52.",BE0000337
A11915,15080795,"Almeida MR, Macedo B, Cardoso I, Alves I, Valencia G, Arsequell G, Planas A, Saraiva MJ: Selective binding to transthyretin and tetramer stabilization in serum from patients with familial amyloidotic polyneuropathy by an iodinated diflunisal derivative. Biochem J. 2004 Jul 15;381(Pt 2):351-6.",BE0000337
A15410,14727845,"Yamasaki K, Rahman MH, Tsutsumi Y, Maruyama T, Ahmed S, Kragh-Hansen U, Otagiri M: Circular dichroism simulation shows a site-II-to-site-I displacement of human serum albumin-bound diclofenac by ibuprofen. AAPS PharmSciTech. 2000 May 14;1(2):E12.",BE0000530
A15459,12705172,"Russeva VN, Zhivkova ZD: Molecular basis of sulindac competition with specific markers for the major binding sites on human serum albumin. Arzneimittelforschung. 2003;53(3):174-81.",BE0000530
A15460,671241,"Shams-Eldeen MA, Vallner JJ, Needham TE: Interaction of sulindac and metabolite with human serum albumin. J Pharm Sci. 1978 Aug;67(8):1077-80.",BE0000530
A15461,12608015,"Zhivkova ZD, Russeva VN: Thermodynamic characterization of the binding process of sulindac to human serum albumin. Arzneimittelforschung. 2003;53(1):53-6.",BE0000530
A5271,3996417,"Groyer A, Le Bouc Y, Joab I, Radanyi C, Renoir JM, Robel P, Baulieu EE: Chick oviduct glucocorticosteroid receptor. Specific binding of the synthetic steroid RU 486 and immunological studies with antibodies to chick oviduct progesterone receptor. Eur J Biochem. 1985 Jun 3;149(2):445-51.",BE0000209
A5272,7222146,"Svec F, Harrison RW: Conditions affecting AtT-20 cell glucocorticoid uptake. Steroids. 1981 Feb;37(2):143-56.",BE0000209
A5273,7001446,Eisen HJ: An antiserum to the rat liver glucocorticoid receptor. Proc Natl Acad Sci U S A. 1980 Jul;77(7):3893-7.,BE0000209
A12103,3521955,Pardridge WM: Serum bioavailability of sex steroid hormones. Clin Endocrinol Metab. 1986 May;15(2):259-78.,BE0000530
A12103,3521955,Pardridge WM: Serum bioavailability of sex steroid hormones. Clin Endocrinol Metab. 1986 May;15(2):259-78.,BE0000685
A17951,3593903,"Ferry JJ, Wagner JG: The nonlinear pharmacokinetics of prednisone and prednisolone. II. Plasma protein binding of prednisone and prednisolone in rabbit and human plasma. Biopharm Drug Dispos. 1987 May-Jun;8(3):261-72.",BE0000530
A13979,16551731,"Nader N, Raverot G, Emptoz-Bonneton A, Dechaud H, Bonnay M, Baudin E, Pugeat M: Mitotane has an estrogenic effect on sex hormone-binding globulin and corticosteroid-binding globulin in humans. J Clin Endocrinol Metab. 2006 Jun;91(6):2165-70. Epub 2006 Mar 21.",BE0000685
A13980,1903011,"van Seters AP, Moolenaar AJ: Mitotane increases the blood levels of hormone-binding proteins. Acta Endocrinol (Copenh). 1991 May;124(5):526-33.",BE0000685
A13979,16551731,"Nader N, Raverot G, Emptoz-Bonneton A, Dechaud H, Bonnay M, Baudin E, Pugeat M: Mitotane has an estrogenic effect on sex hormone-binding globulin and corticosteroid-binding globulin in humans. J Clin Endocrinol Metab. 2006 Jun;91(6):2165-70. Epub 2006 Mar 21.",BE0000209
A13981,5520073,"Tron'ko MD: [Effect of chlodithane (o,p'-DDD) on transcortin binding ability in Itsenko-Cushing's disease]. Fiziol Zh. 1970 Nov-Dec;16(6):844-5.",BE0000209
A15472,11259571,"Tan E, Lu T, Pang KS: Futile cycling of estrone sulfate and estrone in the recirculating perfused rat liver preparation. J Pharmacol Exp Ther. 2001 Apr;297(1):423-36.",BE0000530
A19924,15525694,"Peeples ES, Schopfer LM, Duysen EG, Spaulding R, Voelker T, Thompson CM, Lockridge O: Albumin, a new biomarker of organophosphorus toxicant exposure, identified by mass spectrometry. Toxicol Sci. 2005 Feb;83(2):303-12. Epub 2004 Nov 3.",BE0000530
A19925,17188226,"Li B, Schopfer LM, Hinrichs SH, Masson P, Lockridge O: Matrix-assisted laser desorption/ionization time-of-flight mass spectrometry assay for organophosphorus toxicants bound to human albumin at Tyr411. Anal Biochem. 2007 Feb 15;361(2):263-72. Epub 2006 Dec 4.",BE0000530
A14238,8695640,"Yamasaki K, Maruyama T, Kragh-Hansen U, Otagiri M: Characterization of site I on human serum albumin: concept about the structure of a drug binding site. Biochim Biophys Acta. 1996 Jul 18;1295(2):147-57.",BE0000530
A15493,20537832,"Joseph KS, Hage DS: The effects of glycation on the binding of human serum albumin to warfarin and L-tryptophan. J Pharm Biomed Anal. 2010 Nov 2;53(3):811-8. doi: 10.1016/j.jpba.2010.04.035. Epub 2010 May 6.",BE0000530
A15494,18721856,"Wybranowski T, Cyrankiewicz M, Ziomkowska B, Kruszewski S: The HSA affinity of warfarin and flurbiprofen determined by fluorescence anisotropy measurements of camptothecin. Biosystems. 2008 Dec;94(3):258-62. doi: 10.1016/j.biosystems.2008.05.034. Epub 2008 Jul 31.",BE0000530
A12212,16290938,"Hazai E, Visy J, Fitos I, Bikadi Z, Simonyi M: Selective binding of coumarin enantiomers to human alpha1-acid glycoprotein genetic variants. Bioorg Med Chem. 2006 Mar 15;14(6):1959-65. Epub 2005 Nov 15.",BE0000925
A15492,2792351,"Lebedev AA, Samokrutova OV: [Study of the binding of diuretics by serum proteins according to changes in tryptophan fluorescence]. Farmakol Toksikol. 1989 May-Jun;52(3):40-3.",BE0000530
A12048,10737910,"Matsushima H, Watanabe T, Higuchi S: Effect of alpha(1)-acid glycoprotein on the pharmacokinetics of tamsulosin in rats treated with turpentine oil. J Pharm Sci. 2000 Apr;89(4):490-8.",BE0000925
A12049,17666829,"Hanada K, Tochikura N, Ogata H: Selective binding of tamsulosin to genetic variants of human alpha1-acid glycoprotein. Biol Pharm Bull. 2007 Aug;30(8):1593-5.",BE0000925
A12050,8973992,"Koiso K, Akaza H, Kikuchi K, Aoyagi K, Ohba S, Miyazaki M, Ito M, Sueyoshi T, Matsushima H, Kamimura H, Watanabe T, Higuchi S: Pharmacokinetics of tamsulosin hydrochloride in patients with renal impairment: effects of alpha 1-acid glycoprotein. J Clin Pharmacol. 1996 Nov;36(11):1029-38.",BE0000925
A15772,2867185,"Aarons L, Khan AZ, Grennan DM, Alam-Siddiqi M: The binding of flurbiprofen to plasma proteins. J Pharm Pharmacol. 1985 Sep;37(9):644-6.",BE0000530
A15773,16867708,"Takla PG, Schulman SG, Perrin JH: Measurement of flurbiprofen-human serum albumin interaction by fluorimetry. J Pharm Biomed Anal. 1985;3(1):41-50.",BE0000530
A12068,16912126,"Khoromi S, Muniyappa R, Nackers L, Gray N, Baldwin H, Wong KA, Matheny LA, Moquin B, Rainer A, Hill S, Remaley A, Johnson LL, Max MB, Blackman MR: Effects of chronic osteoarthritis pain on neuroendocrine function in men. J Clin Endocrinol Metab. 2006 Nov;91(11):4313-8. Epub 2006 Aug 15.",BE0000685
A12069,17270355,"Stroud LR, Solomon C, Shenassa E, Papandonatos G, Niaura R, Lipsitt LP, Lewinn K, Buka SL: Long-term stability of maternal prenatal steroid hormones from the National Collaborative Perinatal Project: still valid after all these years. Psychoneuroendocrinology. 2007 Feb;32(2):140-50. Epub 2007 Jan 31.",BE0000685
A12070,17494102,"Lombardi G, Mondaini N, Macchiarella A, Del Popolo G: Female sexual dysfunction and hormonal status in spinal cord injured (SCI) patients. J Androl. 2007 Sep-Oct;28(5):722-6. Epub 2007 May 9.",BE0000685
A12071,17507833,"Shifren JL, Desindes S, McIlwain M, Doros G, Mazer NA: A randomized, open-label, crossover study comparing the effects of oral versus transdermal estrogen therapy on serum androgens, thyroid hormones, and adrenal hormones in naturally menopausal women. Menopause. 2007 Nov-Dec;14(6):985-94.",BE0000685
A12072,17628912,"Rizzo L, Dobrovsky V, Danilowicz K, Kral M, Cross G, Serra HA, Bruno OD: Low-dose glucocorticoids in hyperandrogenism. Medicina (B Aires). 2007;67(3):247-52.",BE0000685
A18381,21371536,"Henley DE, Lightman SL: New insights into corticosteroid-binding globulin and glucocorticoid delivery. Neuroscience. 2011 Apr 28;180:1-8. doi: 10.1016/j.neuroscience.2011.02.053. Epub  2011 Mar 1.",BE0000209
A12073,16118549,"Port M, Corot C, Violas X, Robert P, Raynal I, Gagneur G: How to compare the efficiency of albumin-bound and nonalbumin-bound contrast agents in vivo: the concept of dynamic relaxivity. Invest Radiol. 2005 Sep;40(9):565-73.",BE0000530
A12074,9055236,"Wendland MF, Saeed M, Lauerma K, Derugin N, Mintorovitch J, Cavagna FM, Higgins CB: Alterations in T1 of normal and reperfused infarcted myocardium after Gd-BOPTA versus GD-DTPA on inversion recovery EPI. Magn Reson Med. 1997 Mar;37(3):448-56.",BE0000530
A12075,9406019,"Cavagna FM, Maggioni F, Castelli PM, Dapra M, Imperatori LG, Lorusso V, Jenkins BG: Gadolinium chelates with weak binding to serum proteins. A new class of high-efficiency, general purpose contrast agents for magnetic resonance imaging. Invest Radiol. 1997 Dec;32(12):780-96.",BE0000530
A9,11752352,"Chen X, Ji ZL, Chen YZ: TTD: Therapeutic Target Database. Nucleic Acids Res. 2002 Jan 1;30(1):412-5.",BE0000530
A20069,17944539,"Li F, Chordia MD, Woodling KA, Macdonald TL: Irreversible alkylation of human serum albumin by zileuton metabolite 2-acetylbenzothiophene-S-oxide: a potential model for hepatotoxicity. Chem Res Toxicol. 2007 Dec;20(12):1854-61. Epub 2007 Oct 19.",BE0000530
A15462,8777148,"Mignot I, Presle N, Lapicque F, Monot C, Dropsy R, Netter P: Albumin binding sites for etodolac enantiomers. Chirality. 1996;8(3):271-80.",BE0000530
A15463,1389961,"Muller N, Lapicque F, Monot C, Payan E, Dropsy R, Netter P: Stereoselective binding of etodolac to human serum albumin. Chirality. 1992;4(4):240-6.",BE0000530
A15464,1362954,"Smith PC, Song WQ, Rodriguez RJ: Covalent binding of etodolac acyl glucuronide to albumin in vitro. Drug Metab Dispos. 1992 Nov-Dec;20(6):962-5.",BE0000530
A19987,16569428,"Maiti TK, Ghosh KS, Debnath J, Dasgupta S: Binding of all-trans retinoic acid to human serum albumin: fluorescence, FT-IR and circular dichroism studies. Int J Biol Macromol. 2006 May 30;38(3-5):197-202. Epub 2006 Mar 6.",BE0000530
A19988,17184834,"N'soukpoe-Kossi CN, Sedaghat-Herati R, Ragi C, Hotchandani S, Tajmir-Riahi HA: Retinol and retinoic acid bind human serum albumin: stability and structural features. Int J Biol Macromol. 2007 Apr 10;40(5):484-90. Epub 2006 Nov 24.",BE0000530
A12097,17171213,"Campusano M C, Brusco G F, Campino J C, Rodriguez P L, Arteaga U E: [Assessment of androgenic decline in the elderly]. Rev Med Chil. 2006 Sep;134(9):1123-8. Epub 2006 Dec 12.",BE0000685
A12098,17201714,"Kuba R, Pohanka M, Zakopcan J, Novotna I, Rektor I: Sexual dysfunctions and blood hormonal profile in men with focal epilepsy. Epilepsia. 2006 Dec;47(12):2135-40.",BE0000685
A12099,17258903,"Bendlova B, Zavadilova J, Vankova M, Vejrazkova D, Lukasova P, Vcelak J, Hill M, Cibula D, Vondra K, Starka L, Vrbikova J: Role of D327N sex hormone-binding globulin gene polymorphism in the pathogenesis of polycystic ovary syndrome. J Steroid Biochem Mol Biol. 2007 Apr;104(1-2):68-74. Epub 2007 Jan 26.",BE0000685
A12100,17274467,"Sablik Z, Samborska-Sablik A, Bolinska-Soltysiak H, Goch JH, Kula K: [Hyperandrogenism as a risk factor of coronary artery disease in young women]. Pol Arch Med Wewn. 2006 Feb;115(2):118-24.",BE0000685
A12101,17435665,"Mohamad MJ, Mohammad MA, Karayyem M, Hairi A, Hader AA: Serum levels of sex hormones in men with acute myocardial infarction. Neuro Endocrinol Lett. 2007 Apr;28(2):182-6.",BE0000685
A12102,8530713,O'Connell MB: Pharmacokinetic and pharmacologic variation between different estrogen products. J Clin Pharmacol. 1995 Sep;35(9 Suppl):18S-24S.,BE0000685
A12102,8530713,O'Connell MB: Pharmacokinetic and pharmacologic variation between different estrogen products. J Clin Pharmacol. 1995 Sep;35(9 Suppl):18S-24S.,BE0000530
A15510,19398502,"Rowland A, Knights KM, Mackenzie PI, Miners JO: Characterization of the binding of drugs to human intestinal fatty acid binding protein (IFABP): potential role of IFABP as an alternative to albumin for in vitro-in vivo extrapolation of drug kinetic parameters. Drug Metab Dispos. 2009 Jul;37(7):1395-403. doi: 10.1124/dmd.109.027656. Epub 2009 Apr 27.",BE0003591
A1991,10592235,"Berman HM, Westbrook J, Feng Z, Gilliland G, Bhat TN, Weissig H, Shindyalov IN, Bourne PE: The Protein Data Bank. Nucleic Acids Res. 2000 Jan 1;28(1):235-42.",BE0000530
A15476,2071261,"Belpaire FM, Bogaert MG: Binding of alfentanil to human alpha 1-acid glycoprotein, albumin and serum. Int J Clin Pharmacol Ther Toxicol. 1991 Mar;29(3):96-102.",BE0000925
A15477,3146505,"Kumar K, Crankshaw DP, Morgan DJ, Beemer GH: The effect of cardiopulmonary bypass on plasma protein binding of alfentanil. Eur J Clin Pharmacol. 1988;35(1):47-52.",BE0000925
A15476,2071261,"Belpaire FM, Bogaert MG: Binding of alfentanil to human alpha 1-acid glycoprotein, albumin and serum. Int J Clin Pharmacol Ther Toxicol. 1991 Mar;29(3):96-102.",BE0000530
A15477,3146505,"Kumar K, Crankshaw DP, Morgan DJ, Beemer GH: The effect of cardiopulmonary bypass on plasma protein binding of alfentanil. Eur J Clin Pharmacol. 1988;35(1):47-52.",BE0000530
A12111,16085141,"Chang-Ying Y, An-Xin H, Yi L, Hui T, Song-Sheng Q: Some properties of the interaction between 2,2'-diselenadibenzoic acid and serum albumins. J Pharm Biomed Anal. 2005 Sep 1;39(1-2):263-7.",BE0000530
A12112,16256532,"Choi EJ, Foster MD: Surfactant displacement of human serum albumin adsorbed on loosely packed self-assembled monolayers: cetyltrimethylammonium bromide versus sodium dodecyl sulfate. J Colloid Interface Sci. 2003 May 15;261(2):273-82.",BE0000530
A12113,16256620,"Santos SF, Zanette D, Fischer H, Itri R: A systematic study of bovine serum albumin (BSA) and sodium dodecyl sulfate (SDS) interactions by surface tension and small angle X-ray scattering. J Colloid Interface Sci. 2003 Jun 15;262(2):400-8.",BE0000530
A12114,16379295,"Cao WG, Jiao QC, Liu Q: [Spatial orientation interaction mechanism of three component complex of protein--BSA/SDS/Azur a system]. Guang Pu Xue Yu Guang Pu Fen Xi. 2005 Sep;25(9):1478-81.",BE0000530
A12115,16457837,"Schweitzer B, Felippe AC, Dal Bo A, Minatti E, Zanette D, Lopes A: Sodium dodecyl sulfate promoting a cooperative association process of sodium cholate with bovine serum albumin. J Colloid Interface Sci. 2006 Jun 1;298(1):457-66. Epub 2006 Feb 2.",BE0000530
A15478,17311911,"Bright DP, Adham SD, Lemaire LC, Benavides R, Gruss M, Taylor GW, Smith EH, Franks NP: Identification of anesthetic binding sites on human serum albumin using a novel etomidate photolabel. J Biol Chem. 2007 Apr 20;282(16):12038-47. Epub 2007 Feb 20.",BE0000530
A15481,16032968,"Schywalsky M, Ihmsen H, Knoll R, Schwilden H: Binding of propofol to human serum albumin. Arzneimittelforschung. 2005;55(6):303-6.",BE0000530
A5743,10634411,"Emptoz-Bonneton A, Cousin P, Seguchi K, Avvakumov GV, Bully C, Hammond GL, Pugeat M: Novel human corticosteroid-binding globulin variant with low cortisol-binding affinity. J Clin Endocrinol Metab. 2000 Jan;85(1):361-7.",BE0000209
A5744,1504007,"Smith CL, Power SG, Hammond GL: A Leu----His substitution at residue 93 in human corticosteroid binding globulin results in reduced affinity for cortisol. J Steroid Biochem Mol Biol. 1992 Aug;42(7):671-6.",BE0000209
A1713,17139284,"Overington JP, Al-Lazikani B, Hopkins AL: How many drug targets are there? Nat Rev Drug Discov. 2006 Dec;5(12):993-6.",BE0000685
A1715,17016423,"Imming P, Sinning C, Meyer A: Drugs, their targets and the nature and number of drug targets. Nat Rev Drug Discov. 2006 Oct;5(10):821-34.",BE0000685
A5766,6800390,"Frey BM, Frey FJ: Estimation of transcortin concentration by measurements of plasma protein-binding of prednisolone and by electroimmunodiffusion. Br J Clin Pharmacol. 1982 Feb;13(2):245-9.",BE0000209
A5767,7667198,"Ko HC, Almon RR, Jusko WJ: Effect of corticosteroid binding globulin on the pharmacokinetics of prednisolone in rats. Pharm Res. 1995 Jun;12(6):902-4.",BE0000209
A5768,563315,"Angeli A, Frajria R, De Paoli R, Fonzo D, Ceresa F: Diurnal variation of prednisolone binding to serum corticosteroid-binding globulin in man. Clin Pharmacol Ther. 1978 Jan;23(1):47-53.",BE0000209
A12156,14711308,"Adamski-Werner SL, Palaninathan SK, Sacchettini JC, Kelly JW: Diflunisal analogues stabilize the native state of transthyretin. Potent inhibition of amyloidogenesis. J Med Chem. 2004 Jan 15;47(2):355-74.",BE0000337
A12157,15689188,"Gales L, Macedo-Ribeiro S, Arsequell G, Valencia G, Saraiva MJ, Damas AM: Human transthyretin in complex with iododiflunisal: structural features associated with a potent amyloid inhibitor. Biochem J. 2005 Jun 1;388(Pt 2):615-21.",BE0000337
A12158,17028027,"Tojo K, Sekijima Y, Kelly JW, Ikeda S: Diflunisal stabilizes familial amyloid polyneuropathy-associated transthyretin variant tetramers in serum against dissociation required for amyloidogenesis. Neurosci Res. 2006 Dec;56(4):441-9. Epub 2006 Oct 6.",BE0000337
A15465,17132209,"Davilas A, Koupparis M, Macheras P, Valsami G: In-vitro study on the competitive binding of diflunisal and uraemic toxins to serum albumin and human plasma using a potentiometric ion-probe technique. J Pharm Pharmacol. 2006 Nov;58(11):1467-74.",BE0000530
A10900,11673972,"Mao H, Hajduk PJ, Craig R, Bell R, Borre T, Fesik SW: Rational design of diflunisal analogues with reduced affinity for human serum albumin. J Am Chem Soc. 2001 Oct 31;123(43):10429-35.",BE0000530
A12216,2751413,"Rehse K, Fiedler B: [Determination of the protein binding of drugs by continuous ultrafiltration. 9. Comparison of the binding of nonsteroid antirheumatics to human serum albumin and their interaction with phenprocoumon]. Arch Pharm (Weinheim). 1989 Apr;322(4):241-3.",BE0000530
A15466,7371361,"Verbeeck RK, De Schepper PJ: Influence of chronic renal failure and hemodialysis on diflunisal plasma protein binding. Clin Pharmacol Ther. 1980 May;27(5):628-35.",BE0000530
A16855,10084288,Macdougall IC: Strategies for iron supplementation: oral versus intravenous. Kidney Int Suppl. 1999 Mar;69:S61-6.,BE0000510
A16856,11576368,"Salahudeen AK, Oliver B, Bower JD, Roberts LJ 2nd: Increase in plasma esterified F2-isoprostanes following intravenous iron infusion in patients on hemodialysis. Kidney Int. 2001 Oct;60(4):1525-31.",BE0000510
A16857,17316146,"Pai AB, Boyd AV, McQuade CR, Harford A, Norenberg JP, Zager PG: Comparison of oxidative stress markers after intravenous administration of iron dextran, sodium ferric gluconate, and iron sucrose in patients undergoing hemodialysis. Pharmacotherapy. 2007 Mar;27(3):343-50.",BE0000510
A16858,2208657,"Jacobs JC, Alexander NM: Colorimetry and constant-potential coulometry determinations of transferrin-bound iron, total iron-binding capacity, and total iron in serum containing iron-dextran, with use of sodium dithionite and alumina columns. Clin Chem. 1990 Oct;36(10):1803-7.",BE0000510
A16859,272031,"Speyer BE, Doney VJ, Fielding J: Transfer of iron from Ferastral and other organic complexes to transferrin as measured by reticulocyte uptake. Scand J Haematol Suppl. 1977;32:215-21.",BE0000510
A15490,9863950,"Bertucci C, Nanni B, Raffaelli A, Salvadori P: Chemical modification of human albumin at cys34 by ethacrynic acid: structural characterisation and binding properties. J Pharm Biomed Anal. 1998 Oct;18(1-2):127-36.",BE0000530
A15491,3714803,"Fehske KJ, Muller WE: High-affinity binding of ethacrynic acid is mediated by the two most important drug binding sites of human serum albumin. Pharmacology. 1986;32(4):208-13.",BE0000530
A12174,11814462,"Li JH, Xu JQ, Cao XM, Ni L, Li Y, Zhuang YY, Gong JB: Influence of the ORM1 phenotypes on serum unbound concentration and protein binding of quinidine. Clin Chim Acta. 2002 Mar;317(1-2):85-92.",BE0000925
A12175,9620113,"McCollam PL, Crouch MA, Arnaud P: Caucasian versus African-American differences in orosomucoid: potential implications for therapy. Pharmacotherapy. 1998 May-Jun;18(3):620-6.",BE0000925
A12194,3017242,"Madani K, Bazzano G, Chou A: Evaluation of retinoids as inhibitors of [3H] all-trans retinoic acid binding to cellular retinoic acid-binding protein in rat skin and testes. Arch Dermatol Res. 1986;278(4):302-6.",BE0000508
A15597,3368020,"Eap CB, Cuendet C, Baumann P: Selectivity in the binding of psychotropic drugs to the variants of alpha-1 acid glycoprotein. Naunyn Schmiedebergs Arch Pharmacol. 1988 Feb;337(2):220-4.",BE0000925
A15598,7461027,"Lynn K, Braithwaite R, Dawling S, Rosser R: Comparison of the serum protein binding of maprotiline and phenytoin in uraemic patients on haemodialysis. Eur J Clin Pharmacol. 1981 Jan;19(1):73-7.",BE0000925
A12196,15768982,"Xiao HR, Sheng LQ, Shi CH, Xu XL, Xie YS, Liu QL: [Fluorescence study on the interaction of salicylic acid and bovine serum albumin]. Guang Pu Xue Yu Guang Pu Fen Xi. 2004 Jan;24(1):78-81.",BE0000530
A12197,17320187,"Yin T, Wei W, Yang L, Liu K, Gao X: Kinetics parameter estimation for the binding process of salicylic acid to human serum albumin (HSA) with capacitive sensing technique. J Biochem Biophys Methods. 2007 Jun 10;70(4):587-93. Epub 2007 Jan 27.",BE0000530
A12198,15819089,"Yu T, Tao Z: [Fluorescence study on the interaction of salicylic acid and human serum albumin]. Guang Pu Xue Yu Guang Pu Fen Xi. 1999 Jun;19(3):453-5.",BE0000530
A15497,16419075,"Sulkowska A, Bojko B, Rownicka J, Sulkowski WW: Competition of cytarabine and aspirin in binding to serum albumin in multidrug therapy. Biopolymers. 2006 Apr 15;81(6):464-72.",BE0000530
A15498,3780693,"Dundee JW, Halliday NJ, McMurray TJ: Aspirin and probenecid pretreatment influences the potency of thiopentone and the onset of action of midazolam. Eur J Anaesthesiol. 1986 May;3(3):247-51.",BE0000530
A12213,1205658,"Niedner R, von Oettingen U, Meyer F: [The reciprocal actions of phenprocoumon (Marcumar) with human serum albumin, erythrocytes and blood]. Int J Clin Pharmacol Biopharm. 1975 Dec;12(4):446-57.",BE0000530
A12214,12543492,"Fitos I, Visy J, Simonyi M: Species-dependency in chiral-drug recognition of serum albumin studied by chromatographic methods. J Biochem Biophys Methods. 2002 Dec 31;54(1-3):71-84.",BE0000530
A12215,1642965,"Fitos I, Simonyi M: Stereoselective effect of phenprocoumon enantiomers on the binding of benzodiazepines to human serum albumin. Chirality. 1992;4(1):21-3.",BE0000530
A12217,4762907,"Niedner R, von Oettingen U, Meyer F: [Binding of phenprocoumarol (Marcumar) to human albumin]. Int J Clin Pharmacol. 1973 Oct;8(2):160-6.",BE0000530
A12211,11002825,"Otagiri M, Maruyama T, Imai T, Imamura Y: Fluorescent investigations of binding of phenprocoumon to alpha 1-acid glycoprotein. J Pharm Sci. 1987 Aug;76(8):646-9.",BE0000925
A20243,25489718,"Meng X, Maggs JL, Usui T, Whitaker P, French NS, Naisbitt DJ, Park BK: Auto-oxidation of Isoniazid Leads to Isonicotinic-Lysine Adducts on Human Serum Albumin. Chem Res Toxicol. 2015 Jan 20;28(1):51-8. doi: 10.1021/tx500285k. Epub 2014 Dec 9.",BE0000530
A12250,11666224,"Roberts JR, Xiao J, Schliesman B, Parsons DJ, Shaw CF 3rd: Kinetics and Mechanism of the Reaction between Serum Albumin and Auranofin (and Its Isopropyl Analogue) in Vitro. Inorg Chem. 1996 Jan 17;35(2):424-433.",BE0000530
A12251,2403377,"Shaw CF 3rd, Isab AA, Coffer MT, Mirabelli CK: Gold(I) efflux from auranofin-treated red blood cells. Evidence for a glutathione-gold-albumin metabolite. Biochem Pharmacol. 1990 Sep 15;40(6):1227-34.",BE0000530
A12252,3655788,"Coffer MT, Shaw CF 3rd, Hormann AL, Mirabelli CK, Crooke ST: Thiol competition for Et3PAuS-albumin: a nonenzymatic mechanism for Et3PO formation. J Inorg Biochem. 1987 Jul;30(3):177-87.",BE0000530
A12253,7925457,"Christodoulou J, Sadler PJ, Tucker A: A new structural transition of serum albumin dependent on the state of Cys34. Detection by 1H-NMR spectroscopy. Eur J Biochem. 1994 Oct 1;225(1):363-8.",BE0000530
A19968,16211657,"Kratz F, Mansour A, Soltau J, Warnecke A, Fichtner I, Unger C, Drevs J: Development of albumin-binding doxorubicin prodrugs that are cleaved by prostate-specific antigen. Arch Pharm (Weinheim). 2005 Oct;338(10):462-72.",BE0000530
A19969,17378599,"Schmid B, Chung DE, Warnecke A, Fichtner I, Kratz F: Albumin-binding prodrugs of camptothecin and doxorubicin with an Ala-Leu-Ala-Leu-linker that are cleaved by cathepsin B: synthesis and antitumor efficacy. Bioconjug Chem. 2007 May-Jun;18(3):702-16. Epub 2007 Mar 23.",BE0000530
A15467,11400191,Bertucci C: Enantioselective inhibition of the binding of rac-profens to human serum albumin induced by lithocholate. Chirality. 2001 Jul;13(7):372-8.,BE0000530
A15468,11022905,"Lagrange F, Penhourcq F, Matoga M, Bannwarth B: Binding of ketoprofen enantiomers in various human albumin preparations. J Pharm Biomed Anal. 2000 Oct;23(5):793-802.",BE0000530
A15469,12725696,"Li F, Zhou D, Guo X: Study on the protein binding of ketoprofen using capillary electrophoresis frontal analysis compared with liquid chromatography frontal analysis. J Chromatogr Sci. 2003 Mar;41(3):137-41.",BE0000530
A15470,15807110,"Zhou D, Li F: [Study of protein binding in ketoprofen using liquid chromatography frontal analysis in comparison with capillary electrophoresis frontal analysis]. Se Pu. 2004 Nov;22(6):601-4.",BE0000530
A17549,4153105,"Crooks MJ, Brown KF: The binding of sulphonylureas to serum albumin. J Pharm Pharmacol. 1974 May;26(5):304-11.",BE0000530
A17550,4208196,"Hsu PL, Ma JK, Luzzi LA: Interactions of sulfonylureas with plasma proteins. J Pharm Sci. 1974 Apr;63(4):570-3.",BE0000530
A17551,820348,"Brown KF, Crooks MJ: Displacement of tolbutamide, glibencalmide and chlorpropamide from serum albumin by anionic drugs. Biochem Pharmacol. 1976 May 15;25(10):1175-8.",BE0000530
A15500,3977951,"Gewirtz DA, Holt SA: Protein binding as a component of drug interaction in cellular pharmacokinetic studies. Effects of probenecid on transport and accumulation of methotrexate in Ehrlich ascites tumor cells in vitro. Biochem Pharmacol. 1985 Mar 15;34(6):747-54.",BE0000530
A15501,2043725,"Hansen-Moller J, Schmit U: Rapid high-performance liquid chromatographic assay for the simultaneous determination of probenecid and its glucuronide in urine. Irreversible binding of probenecid to serum albumin. J Pharm Biomed Anal. 1991;9(1):65-73.",BE0000530
A15502,15068289,"Guo M, Zou JW, Yi PG, Shang ZC, Hu GX, Yu QS: Binding interaction of gatifloxacin with bovine serum albumin. Anal Sci. 2004 Mar;20(3):465-70.",BE0000530
A15503,16165044,"Tan F, Guo M, Yu Q: Studies on interaction between gatifloxacin and human serum albumin as well as effect of copper(II) on the reaction. Spectrochim Acta A Mol Biomol Spectrosc. 2005 Oct;61(13-14):3006-12. Epub 2004 Dec 19.",BE0000530
A15411,20117876,"Galantini L, Leggio C, Konarev PV, Pavel NV: Human serum albumin binding ibuprofen: a 3D description of the unfolding pathway in urea. Biophys Chem. 2010 Apr;147(3):111-22. doi: 10.1016/j.bpc.2010.01.002. Epub 2010 Jan 18.",BE0000530
A15623,20359840,"Pistolozzi M, Franchini C, Corbo F, Muraglia M, De Giorgi M, Felix G, Bertucci C: Tocainide analogues binding to human serum albumin: a HPLAC and circular dichroism study. J Pharm Biomed Anal. 2010 Oct 10;53(2):179-85. doi: 10.1016/j.jpba.2010.03.005. Epub 2010 Mar 7.",BE0000530
A15504,3424402,"Pacifici GM, Viani A, Rizzo G, Carrai M, Rane A: Plasma protein binding of clonazepam in hepatic and renal insufficiency and after hemodialysis. Ther Drug Monit. 1987 Dec;9(4):369-73.",BE0000530
A12860,16720020,"Lehigh Shirey EA, Jelaso Langerveld A, Mihalko D, Ide CF: Polychlorinated biphenyl exposure delays metamorphosis and alters thyroid hormone system gene expression in developing Xenopus laevis. Environ Res. 2006 Oct;102(2):205-14. Epub 2006 May 23.",BE0000337
A20260,26471709,"Shahlaei M, Rahimi B, Nowroozi A, Ashrafi-Kooshk MR, Sadrjavadi K, Khodarahmi R: Exploring binding properties of sertraline with human serum albumin: Combination of spectroscopic and molecular modeling studies. Chem Biol Interact. 2015 Dec 5;242:235-46. doi: 10.1016/j.cbi.2015.10.006. Epub 2015 Oct 22.",BE0000530
A12437,1576681,"Igaki A, Kobayashi K, Kimura M, Sakoguchi T, Matsuoka A: Influence of blood proteins on biomedical analysis. XII. Effects of glycation on gliclazide (oral hypoglycemic drug)-binding with serum albumin in diabetics. Chem Pharm Bull (Tokyo). 1992 Jan;40(1):255-7.",BE0000530
A12438,7094168,"Kobayashi K, Kimura M, Sakoguchi T, Hase A, Matsuoka A: Influence of blood proteins on biomedical analysis. V. Effect of ethyl alcohol on gliclazide-binding with bovine serum albumin. Chem Pharm Bull (Tokyo). 1982 Mar;30(3):1077-80.",BE0000530
A20109,19596536,"Marszall MP, Bucinski A: A protein-coated magnetic beads as a tool for the rapid drug-protein binding study. J Pharm Biomed Anal. 2010 Jul 8;52(3):420-4. doi: 10.1016/j.jpba.2009.06.023. Epub 2009 Jun 18.",BE0000530
A15506,7356894,"Friedman LA, Lewis PJ: The effect of semisynthetic penicillins on the binding of bilirubin by neonatal serum. Br J Clin Pharmacol. 1980 Jan;9(1):61-5.",BE0000530
A15507,8024646,Okore VC: Effect of ascorbic acid on the binding of cloxacillin sodium to bovine serum albumin. Arzneimittelforschung. 1994 May;44(5):671-3.,BE0000530
A20253,25863441,"Shooshtary S, Behtash S, Nafisi S: Arsenic trioxide binding to serum proteins. J Photochem Photobiol B. 2015 Jul;148:31-36. doi: 10.1016/j.jphotobiol.2015.03.001. Epub 2015 Apr 1.",BE0000530
A6438,6439037,"Smallridge RC, Vigersky R, Glass AR, Griffin JE, White BJ, Eil C: Androgen receptor abnormalities in identical twins with oligospermia. Clinical and biochemical studies. Am J Med. 1984 Dec;77(6):1049-54.",BE0000685
A6439,7195405,"Pugeat MM, Dunn JF, Nisula BC: Transport of steroid hormones: interaction of 70 drugs with testosterone-binding globulin and corticosteroid-binding globulin in human plasma. J Clin Endocrinol Metab. 1981 Jul;53(1):69-75.",BE0000685
A6440,947929,"Vigersky RA, Easley RB, Loriaux DL: Effect of fluoxymesterone on the pituitary-gonadal axis: the role of testosterone-estradiol-binding globulin. J Clin Endocrinol Metab. 1976 Jul;43(1):1-9.",BE0000685
A15241,8216349,"Keire DA, Mariappan SV, Peng J, Rabenstein DL: Nuclear magnetic resonance studies of the binding of captopril and penicillamine by serum albumin. Biochem Pharmacol. 1993 Sep 14;46(6):1059-69.",BE0000530
A15242,15093593,"Lin SY, Wei YS, Li MJ, Wang SL: Effect of ethanol or/and captopril on the secondary structure of human serum albumin before and after protein binding. Eur J Pharm Biopharm. 2004 May;57(3):457-64.",BE0000530
A15243,16469467,"Mariee AD, Al-Shabanah O: Protective ability and binding affinity of captopril towards serum albumin in an in vitro glycation model of diabetes mellitus. J Pharm Biomed Anal. 2006 May 3;41(2):571-5. Epub 2006 Feb 15.",BE0000530
A15244,9040098,"Narazaki R, Harada K, Sugii A, Otagiri M: Kinetic analysis of the covalent binding of captopril to human serum albumin. J Pharm Sci. 1997 Feb;86(2):215-9.",BE0000530
A12632,2311445,"Gulian JM, Dalmasso C, Gonard V: Interaction of beta-lactam antibiotics on bilirubin-albumin complex: comparison by three methods, total bilirubin, unbound bilirubin and erythrocyte-bound bilirubin. Chemotherapy. 1990;36(2):91-7.",BE0000530
A12634,8950041,"Nerli B, Farruggia B, Pico G: A comparative study of the binding characteristics of ceftriaxone, cefoperazone and cefsulodin to human serum albumin. Biochem Mol Biol Int. 1996 Nov;40(4):823-31.",BE0000530
A15499,11181499,"Holladay JW, Dewey MJ, Michniak BB, Wiltshire H, Halberg DL, Weigl P, Liang Z, Halifax K, Lindup WE, Back DJ: Elevated alpha-1-acid glycoprotein reduces the volume of distribution and systemic clearance of saquinavir. Drug Metab Dispos. 2001 Mar;29(3):299-303.",BE0000925
A15499,11181499,"Holladay JW, Dewey MJ, Michniak BB, Wiltshire H, Halberg DL, Weigl P, Liang Z, Halifax K, Lindup WE, Back DJ: Elevated alpha-1-acid glycoprotein reduces the volume of distribution and systemic clearance of saquinavir. Drug Metab Dispos. 2001 Mar;29(3):299-303.",BE0000530
A20114,19900495,"Chae SY, Jin CH, Shin JH, Son S, Kim TH, Lee S, Youn YS, Byun Y, Lee MS, Lee KC: Biochemical, pharmaceutical and therapeutic properties of long-acting lithocholic acid derivatized exendin-4 analogs. J Control Release. 2010 Mar 3;142(2):206-13. doi: 10.1016/j.jconrel.2009.10.025.  Epub 2009 Nov 10.",BE0000530
A176249,29686648,"Allard JB, Duan C: IGF-Binding Proteins: Why Do They Exist and Why Are There So Many? Front Endocrinol (Lausanne). 2018 Apr 9;9:117. doi: 10.3389/fendo.2018.00117. eCollection 2018.",BE0000970
A176249,29686648,"Allard JB, Duan C: IGF-Binding Proteins: Why Do They Exist and Why Are There So Many? Front Endocrinol (Lausanne). 2018 Apr 9;9:117. doi: 10.3389/fendo.2018.00117. eCollection 2018.",BE0009058
A176249,29686648,"Allard JB, Duan C: IGF-Binding Proteins: Why Do They Exist and Why Are There So Many? Front Endocrinol (Lausanne). 2018 Apr 9;9:117. doi: 10.3389/fendo.2018.00117. eCollection 2018.",BE0009658
A176249,29686648,"Allard JB, Duan C: IGF-Binding Proteins: Why Do They Exist and Why Are There So Many? Front Endocrinol (Lausanne). 2018 Apr 9;9:117. doi: 10.3389/fendo.2018.00117. eCollection 2018.",BE0009659
A176249,29686648,"Allard JB, Duan C: IGF-Binding Proteins: Why Do They Exist and Why Are There So Many? Front Endocrinol (Lausanne). 2018 Apr 9;9:117. doi: 10.3389/fendo.2018.00117. eCollection 2018.",BE0009660
A176249,29686648,"Allard JB, Duan C: IGF-Binding Proteins: Why Do They Exist and Why Are There So Many? Front Endocrinol (Lausanne). 2018 Apr 9;9:117. doi: 10.3389/fendo.2018.00117. eCollection 2018.",BE0009661
A176249,29686648,"Allard JB, Duan C: IGF-Binding Proteins: Why Do They Exist and Why Are There So Many? Front Endocrinol (Lausanne). 2018 Apr 9;9:117. doi: 10.3389/fendo.2018.00117. eCollection 2018.",BE0009662
A16835,11110794,"Sun H, Li H, Mason AB, Woodworth RC, Sadler PJ: Competitive binding of bismuth to transferrin and albumin in aqueous solution and in blood plasma. J Biol Chem. 2001 Mar 23;276(12):8829-35. Epub 2000 Dec 7.",BE0000530
A16836,12620681,"Sun H, Szeto KY: Binding of bismuth to serum proteins: implication for targets of Bi(III) in blood plasma. J Inorg Biochem. 2003 Feb 1;94(1-2):114-20.",BE0000530
A16835,11110794,"Sun H, Li H, Mason AB, Woodworth RC, Sadler PJ: Competitive binding of bismuth to transferrin and albumin in aqueous solution and in blood plasma. J Biol Chem. 2001 Mar 23;276(12):8829-35. Epub 2000 Dec 7.",BE0000510
A16836,12620681,"Sun H, Szeto KY: Binding of bismuth to serum proteins: implication for targets of Bi(III) in blood plasma. J Inorg Biochem. 2003 Feb 1;94(1-2):114-20.",BE0000510
A16962,15519234,"Zhang M, Gumerov DR, Kaltashov IA, Mason AB: Indirect detection of protein-metal binding: interaction of serum transferrin with In3+ and Bi3+. J Am Soc Mass Spectrom. 2004 Nov;15(11):1658-64.",BE0000510
A16963,15544343,"Miquel G, Nekaa T, Kahn PH, Hemadi M, El Hage Chahine JM: Mechanism of formation of the complex between transferrin and bismuth, and interaction with transferrin receptor 1. Biochemistry. 2004 Nov 23;43(46):14722-31.",BE0000510
A16964,17330963,"Ge R, Sun H: Bioinorganic chemistry of bismuth and antimony: target sites of metallodrugs. Acc Chem Res. 2007 Apr;40(4):267-74. Epub 2007 Mar 2.",BE0000510
A3239,17391154,"Klein O, Lynge J, Endahl L, Damholt B, Nosek L, Heise T: Albumin-bound basal insulin analogues (insulin detemir and NN344): comparable time-action profiles but less variability than insulin glargine in type 2 diabetes. Diabetes Obes Metab. 2007 May;9(3):290-9.",BE0000530
A2358,17881328,Kurtzhals P: Pharmacology of insulin detemir. Endocrinol Metab Clin North Am. 2007 Aug;36 Suppl 1:14-20.,BE0000530
A15745,8577822,"Walker MC, Patsalos PN: Clinical pharmacokinetics of new antiepileptic drugs. Pharmacol Ther. 1995;67(3):351-84.",BE0000530
A15508,3395358,"Decroix MO, Zini R, Chaumeil JC, Tillement JP: Cefazolin serum protein binding and its inhibition by bilirubin, fatty acids and other drugs. Biochem Pharmacol. 1988 Jul 15;37(14):2807-14.",BE0000530
A15509,2292768,"Ichimura F, Matsushita R, Tsuji A, Deguchi Y: Mutual interaction between bilirubin and cefazolin in binding to human serum albumin. J Pharm Sci. 1990 Nov;79(11):1041-2.",BE0000530
A12628,1804013,"Rodriguez CA, Smith DE: Influence of the unbound concentration of cefonicid on its renal elimination in isolated perfused rat kidneys. Antimicrob Agents Chemother. 1991 Nov;35(11):2395-400.",BE0000530
A12630,8328784,"Benson JM, Boudinot FD, Pennell AT, Cunningham FE, DiPiro JT: In vitro protein binding of cefonicid and cefuroxime in adult and neonatal sera. Antimicrob Agents Chemother. 1993 Jun;37(6):1343-7.",BE0000530
A12631,16379298,"Liu LS, Zhang YY, Wang XP: [The reaction mechanism between cefoperazone and human serum albumin]. Guang Pu Xue Yu Guang Pu Fen Xi. 2005 Sep;25(9):1490-2.",BE0000530
A12633,2496656,"Leggett JE, Craig WA: Enhancing effect of serum ultrafiltrate on the activity of cephalosporins against gram-negative bacilli. Antimicrob Agents Chemother. 1989 Jan;33(1):35-40.",BE0000530
A2413,1974610,"Martinez Jorda R, Aguirre C, Calvo R, Rodriguez-Sasiain JM, Erill S: Decrease in penbutolol central response as a cause of changes in its serum protein binding. J Pharm Pharmacol. 1990 Mar;42(3):164-6.",BE0000925
A2409,8174208,"Aguirre C, Rodriguez-Sasiain JM, Calvo R: Decrease in penbutolol protein binding as a consequence of treatment with some alkylating agents. Cancer Chemother Pharmacol. 1994;34(1):86-8.",BE0000925
A12650,8444514,"Aguirre C, Calvo R, Rodriguez-Sasiain JM: Unchanged protein binding of penbutolol in renal insufficiency: a possible role of carbamylation. Int J Clin Pharmacol Ther Toxicol. 1993 Jan;31(1):31-4.",BE0000925
A12651,8733828,"Aguirre C, Troconiz IF, Valdivieso A, Jimenez RM, Gonzalez JP, Calvo R, Rodriguez-Sasiain JM: Pharmacokinetics and pharmacodynamics of penbutolol in healthy and cancer subjects: role of altered protein binding. Res Commun Mol Pathol Pharmacol. 1996 Apr;92(1):53-72.",BE0000925
A19881,12921780,"Zatta P, Dalla Via L, Di Noto V: Binding studies on aluminum(III)-albumin interaction. Arch Biochem Biophys. 2003 Sep 1;417(1):59-64.",BE0000530
A12683,10202961,"Hage DS, Sengupta A: Characterisation of the binding of digitoxin and acetyldigitoxin to human serum albumin by high-performance affinity chromatography. J Chromatogr B Biomed Sci Appl. 1999 Mar 5;724(1):91-100.",BE0000530
A12684,10604823,"Dasgupta A, Vega AE, Wells A, Datta P: Sensitive methods for determination of free digitoxin concentration using digitoxin immunoassays: demonstration of elevated free digitoxin concentration caused by digitoxin-phenytoin interaction by applying these new techniques. Ther Drug Monit. 1999 Dec;21(6):625-30.",BE0000530
A12685,10774625,"Datta P, Dasgupta A: Interactions between drugs and Asian medicine: displacement of digitoxin from protein binding site by bufalin, the constituent of Chinese medicines Chan Su and Lu-Shen-Wan. Ther Drug Monit. 2000 Apr;22(2):155-9.",BE0000530
A12686,11678517,"Dasgupta A, Paul A, Wells A: Uremic sera contain inhibitors that block digitoxin-valproic acid interaction. Am J Med Sci. 2001 Oct;322(4):204-8.",BE0000530
A14239,18436441,"Zhang Q, Huang Y, Zhao R, Liu G, Chen Y: Determining binding sites of drugs on human serum albumin using FIA-QCM. Biosens Bioelectron. 2008 Sep 15;24(1):48-54. doi: 10.1016/j.bios.2008.03.009. Epub 2008 Mar 21.",BE0000530
A12697,12222988,"De Leo V, Morgante G, La Marca A, Musacchio MC, Sorace M, Cavicchioli C, Petraglia F: A benefit-risk assessment of medical treatment for uterine leiomyomas. Drug Saf. 2002;25(11):759-79.",BE0000685
A12698,2142109,"Telimaa S, Apter D, Reinila M, Ronnberg L, Kauppila A: Placebo-controlled comparison of hormonal and biochemical effects of danazol and high-dose medroxyprogesterone acetate. Eur J Obstet Gynecol Reprod Biol. 1990 Jul-Aug;36(1-2):97-105.",BE0000685
A2451,2486535,Donaldson VH: Danazol. Am J Med. 1989 Sep;87(3N):49N-55N.,BE0000685
A12699,2531153,"Valimaki M, Nilsson CG, Roine R, Ylikorkala O: Comparison between the effects of nafarelin and danazol on serum lipids and lipoproteins in patients with endometriosis. J Clin Endocrinol Metab. 1989 Dec;69(6):1097-103.",BE0000685
A12700,3304725,"Forbes KL, Dowsett M, Rose GL, Mudge JE, Jeffcoate SL: Dosage-related effects of danazol on sex hormone binding globulin and free and total androgen levels. Clin Endocrinol (Oxf). 1986 Nov;25(5):597-605.",BE0000685
A15473,8398591,"Fitos I, Visy J, Simonyi M, Hermansson J: Stereoselective distribution of acenocoumarol enantiomers in human plasma: chiral chromatographic analysis of the ultrafiltrates. Chirality. 1993;5(5):346-9.",BE0000530
A15474,2751692,"Fitos I, Visy J, Magyar A, Kajtar J, Simonyi M: Inverse stereoselectivity in the binding of acenocoumarol to human serum albumin and to alpha 1-acid glycoprotein. Biochem Pharmacol. 1989 Jul 15;38(14):2259-62.",BE0000530
A15475,6105183,"Otagiri M, Fleitman JS, Perrin JH: Investigations into the binding of phenprocoumon to albumin using fluorescence spectroscopy. J Pharm Pharmacol. 1980 Jul;32(7):478-82.",BE0000530
A15473,8398591,"Fitos I, Visy J, Simonyi M, Hermansson J: Stereoselective distribution of acenocoumarol enantiomers in human plasma: chiral chromatographic analysis of the ultrafiltrates. Chirality. 1993;5(5):346-9.",BE0000925
A15474,2751692,"Fitos I, Visy J, Magyar A, Kajtar J, Simonyi M: Inverse stereoselectivity in the binding of acenocoumarol to human serum albumin and to alpha 1-acid glycoprotein. Biochem Pharmacol. 1989 Jul 15;38(14):2259-62.",BE0000925
A17107,2591421,"Koppel C, Wagemann A, Martens F: Pharmacokinetics and antiarrhythmic efficacy of intravenous ajmaline in ventricular arrhythmia of acute onset. Eur J Drug Metab Pharmacokinet. 1989 Apr-Jun;14(2):161-7.",BE0000925
A12732,7075647,"Teirlynck O, Belpaire FM, Andreasen F: Binding of aprindine and moxaprindine to human serum, alpha 1-acid glycoprotein and serum of healthy and diseased humans. Eur J Clin Pharmacol. 1982;21(5):427-31.",BE0000925
A1991,10592235,"Berman HM, Westbrook J, Feng Z, Gilliland G, Bhat TN, Weissig H, Shindyalov IN, Bourne PE: The Protein Data Bank. Nucleic Acids Res. 2000 Jan 1;28(1):235-42.",BE0000337
A1713,17139284,"Overington JP, Al-Lazikani B, Hopkins AL: How many drug targets are there? Nat Rev Drug Discov. 2006 Dec;5(12):993-6.",BE0000337
A1715,17016423,"Imming P, Sinning C, Meyer A: Drugs, their targets and the nature and number of drug targets. Nat Rev Drug Discov. 2006 Oct;5(10):821-34.",BE0000337
A1713,17139284,"Overington JP, Al-Lazikani B, Hopkins AL: How many drug targets are there? Nat Rev Drug Discov. 2006 Dec;5(12):993-6.",BE0003998
A1715,17016423,"Imming P, Sinning C, Meyer A: Drugs, their targets and the nature and number of drug targets. Nat Rev Drug Discov. 2006 Oct;5(10):821-34.",BE0003998
A1991,10592235,"Berman HM, Westbrook J, Feng Z, Gilliland G, Bhat TN, Weissig H, Shindyalov IN, Bourne PE: The Protein Data Bank. Nucleic Acids Res. 2000 Jan 1;28(1):235-42.",BE0003998
A1713,17139284,"Overington JP, Al-Lazikani B, Hopkins AL: How many drug targets are there? Nat Rev Drug Discov. 2006 Dec;5(12):993-6.",BE0000643
A1715,17016423,"Imming P, Sinning C, Meyer A: Drugs, their targets and the nature and number of drug targets. Nat Rev Drug Discov. 2006 Oct;5(10):821-34.",BE0000643
A1991,10592235,"Berman HM, Westbrook J, Feng Z, Gilliland G, Bhat TN, Weissig H, Shindyalov IN, Bourne PE: The Protein Data Bank. Nucleic Acids Res. 2000 Jan 1;28(1):235-42.",BE0000643
A1713,17139284,"Overington JP, Al-Lazikani B, Hopkins AL: How many drug targets are there? Nat Rev Drug Discov. 2006 Dec;5(12):993-6.",BE0001194
A1715,17016423,"Imming P, Sinning C, Meyer A: Drugs, their targets and the nature and number of drug targets. Nat Rev Drug Discov. 2006 Oct;5(10):821-34.",BE0001194
A1991,10592235,"Berman HM, Westbrook J, Feng Z, Gilliland G, Bhat TN, Weissig H, Shindyalov IN, Bourne PE: The Protein Data Bank. Nucleic Acids Res. 2000 Jan 1;28(1):235-42.",BE0001194
A12895,15809979,"Commodari F, Khiat A, Ibrahimi S, Brizius AR, Kalkstein N: Comparison of the phytoestrogen trans-resveratrol (3,4',5-trihydroxystilbene) structures from x-ray diffraction and solution NMR. Magn Reson Chem. 2005 Jul;43(7):567-72.",BE0000337
A20061,17597382,"Lu Z, Zhang Y, Liu H, Yuan J, Zheng Z, Zou G: Transport of a cancer chemopreventive polyphenol, resveratrol: interaction with serum albumin and hemoglobin. J Fluoresc. 2007 Sep;17(5):580-7. Epub 2007 Jun 28.",BE0000530
A12898,14622020,"Metzger J, Schnitzbauer A, Meyer M, Soder M, Cuilleron CY, Hauptmann H, Huber E, Luppa PB: Binding analysis of 1alpha- and 17alpha-dihydrotestosterone derivatives to homodimeric sex hormone-binding globulin. Biochemistry. 2003 Nov 25;42(46):13735-45.",BE0000685
A12899,12957668,"Hauptmann H, Metzger J, Schnitzbauer A, Cuilleron CY, Mappus E, Luppa PB: Syntheses and ligand-binding studies of 1 alpha- and 17 alpha-aminoalkyl dihydrotestosterone derivatives to human sex hormone-binding globulin. Steroids. 2003 Sep;68(7-8):629-39.",BE0000685
A12906,16184009,"Yamazaki E, Inagaki M, Kurita O, Inoue T: Kinetics of fatty acid binding ability of glycated human serum albumin. J Biosci. 2005 Sep;30(4):475-81.",BE0000530
A1713,17139284,"Overington JP, Al-Lazikani B, Hopkins AL: How many drug targets are there? Nat Rev Drug Discov. 2006 Dec;5(12):993-6.",BE0001201
A1715,17016423,"Imming P, Sinning C, Meyer A: Drugs, their targets and the nature and number of drug targets. Nat Rev Drug Discov. 2006 Oct;5(10):821-34.",BE0001201
A12913,5773785,"Spector AA, John K, Fletcher JE: Binding of long-chain fatty acids to bovine serum albumin. J Lipid Res. 1969 Jan;10(1):56-67.",BE0000530
A12922,8014580,"Kenyon MA, Hamilton JA: 13C NMR studies of the binding of medium-chain fatty acids to human serum albumin. J Lipid Res. 1994 Mar;35(3):458-67.",BE0000530
A12923,1483836,"Vorum H, Pedersen AO, Honore B: Fatty acid and drug binding to a low-affinity component of human serum albumin, purified by affinity chromatography. Int J Pept Protein Res. 1992 Nov;40(5):415-22.",BE0000530
A1713,17139284,"Overington JP, Al-Lazikani B, Hopkins AL: How many drug targets are there? Nat Rev Drug Discov. 2006 Dec;5(12):993-6.",BE0001984
A1715,17016423,"Imming P, Sinning C, Meyer A: Drugs, their targets and the nature and number of drug targets. Nat Rev Drug Discov. 2006 Oct;5(10):821-34.",BE0001984
A14225,1526991,"Zanotti G, Scapin G, Spadon P, Veerkamp JH, Sacchettini JC: Three-dimensional structure of recombinant human muscle fatty acid-binding protein. J Biol Chem. 1992 Sep 15;267(26):18541-50.",BE0001201
A1991,10592235,"Berman HM, Westbrook J, Feng Z, Gilliland G, Bhat TN, Weissig H, Shindyalov IN, Bourne PE: The Protein Data Bank. Nucleic Acids Res. 2000 Jan 1;28(1):235-42.",BE0003591
A12925,16844140,"Simard JR, Zunszain PA, Hamilton JA, Curry S: Location of high and low affinity fatty acid binding sites on human serum albumin revealed by NMR drug-competition analysis. J Mol Biol. 2006 Aug 11;361(2):336-51. Epub 2006 Jun 30.",BE0000530
A1991,10592235,"Berman HM, Westbrook J, Feng Z, Gilliland G, Bhat TN, Weissig H, Shindyalov IN, Bourne PE: The Protein Data Bank. Nucleic Acids Res. 2000 Jan 1;28(1):235-42.",BE0000685
A1713,17139284,"Overington JP, Al-Lazikani B, Hopkins AL: How many drug targets are there? Nat Rev Drug Discov. 2006 Dec;5(12):993-6.",BE0000314
A1715,17016423,"Imming P, Sinning C, Meyer A: Drugs, their targets and the nature and number of drug targets. Nat Rev Drug Discov. 2006 Oct;5(10):821-34.",BE0000314
A1991,10592235,"Berman HM, Westbrook J, Feng Z, Gilliland G, Bhat TN, Weissig H, Shindyalov IN, Bourne PE: The Protein Data Bank. Nucleic Acids Res. 2000 Jan 1;28(1):235-42.",BE0000314
A19952,15884859,"Kaldas MI, Walle UK, van der Woude H, McMillan JM, Walle T: Covalent binding of the flavonoid quercetin to human serum albumin. J Agric Food Chem. 2005 May 18;53(10):4194-7.",BE0000530
A12930,11743713,"Petitpas I, Grune T, Bhattacharya AA, Curry S: Crystal structures of human serum albumin complexed with monounsaturated and polyunsaturated fatty acids. J Mol Biol. 2001 Dec 14;314(5):955-60.",BE0000530
A1713,17139284,"Overington JP, Al-Lazikani B, Hopkins AL: How many drug targets are there? Nat Rev Drug Discov. 2006 Dec;5(12):993-6.",BE0001141
A1715,17016423,"Imming P, Sinning C, Meyer A: Drugs, their targets and the nature and number of drug targets. Nat Rev Drug Discov. 2006 Oct;5(10):821-34.",BE0001141
A20074,18035550,"Yue Y, Zhang Y, Zhou L, Qin J, Chen X: In vitro study on the binding of herbicide glyphosate to human serum albumin by optical spectroscopy and molecular modeling. J Photochem Photobiol B. 2008 Jan 30;90(1):26-32. Epub 2007 Oct 18.",BE0000530
A15529,18155178,"Gales L, Almeida MR, Arsequell G, Valencia G, Saraiva MJ, Damas AM: Iodination of salicylic acid improves its binding to transthyretin. Biochim Biophys Acta. 2008 Mar;1784(3):512-7. Epub 2007 Dec 3.",BE0000337
A20051,23838380,"Wang ZM, Ho JX, Ruble JR, Rose J, Ruker F, Ellenburg M, Murphy R, Click J, Soistman E, Wilkerson L, Carter DC: Structural studies of several clinically important oncology drugs in complex with human serum albumin. Biochim Biophys Acta. 2013 Dec;1830(12):5356-74. doi: 10.1016/j.bbagen.2013.06.032. Epub 2013 Jul 6.",BE0000530
A2681,925927,"Lin SK, Moss AA, Riegelman S: Iodipamide kinetics: capacity-limited biliary excretion with simultaneous pseudo-first-order renal excretion. J Pharm Sci. 1977 Dec;66(12):1670-4.",BE0000530
A19979,16404478,"Skupinska K, Zylm M, Misiewicz I, Kasprzycka-Guttman T: Interaction of anthracene and its oxidative derivatives with human serum albumin. Acta Biochim Pol. 2006;53(1):101-12. Epub 2006 Jan 9.",BE0000530
A20269,6627828,"Pritchard JF, O'Neill PJ, Affrime MB, Lowenthal DT: Influence of uremia, hemodialysis, and nonesterified fatty acids on zomepirac plasma protein binding. Clin Pharmacol Ther. 1983 Nov;34(5):681-8.",BE0000530
A1991,10592235,"Berman HM, Westbrook J, Feng Z, Gilliland G, Bhat TN, Weissig H, Shindyalov IN, Bourne PE: The Protein Data Bank. Nucleic Acids Res. 2000 Jan 1;28(1):235-42.",BE0000508
A20082,18393300,"Guo W, Siegel D, Ross D: Stability of the Hsp90 inhibitor 17AAG hydroquinone and prevention of metal-catalyzed oxidation. J Pharm Sci. 2008 Dec;97(12):5147-57. doi: 10.1002/jps.21394.",BE0000530
A17090,19621374,"Groessl M, Bytzek A, Hartinger CG: The serum protein binding of pharmacologically active gallium(III) compounds assessed by hyphenated CE-MS techniques. Electrophoresis. 2009 Aug;30(15):2720-7. doi: 10.1002/elps.200800745.",BE0000510
A17091,18475921,"Bernstein LR, Tanner T, Godfrey C, Noll B: Chemistry and pharmacokinetics of gallium maltolate, a compound with high oral gallium bioavailability. Met Based Drugs. 2000;7(1):33-47. doi: 10.1155/MBD.2000.33.",BE0000510
A17092,16373528,"Davies NP, Suryo Rahmanto Y, Chitambar CR, Richardson DR: Resistance to the antineoplastic agent gallium nitrate results in marked alterations in intracellular iron and gallium trafficking: identification of novel intermediates. J Pharmacol Exp Ther. 2006 Apr;317(1):153-62. Epub 2005 Dec 22.",BE0000510
A3672,22954756,"Garg V, Kauffman RS, Beaumont M, van Heeswijk RP: Telaprevir: pharmacokinetics and drug interactions. Antivir Ther. 2012;17(7):1211-21. doi: 10.3851/IMP2356. Epub 2012 Sep 7.",BE0000530
A3672,22954756,"Garg V, Kauffman RS, Beaumont M, van Heeswijk RP: Telaprevir: pharmacokinetics and drug interactions. Antivir Ther. 2012;17(7):1211-21. doi: 10.3851/IMP2356. Epub 2012 Sep 7.",BE0000925
A3811,23199349,"Ryan CJ, Cheng ML: Abiraterone acetate for the treatment of prostate cancer. Expert Opin Pharmacother. 2013 Jan;14(1):91-6. doi: 10.1517/14656566.2013.745852. Epub 2012 Nov 30.",BE0000530
A3811,23199349,"Ryan CJ, Cheng ML: Abiraterone acetate for the treatment of prostate cancer. Expert Opin Pharmacother. 2013 Jan;14(1):91-6. doi: 10.1517/14656566.2013.745852. Epub 2012 Nov 30.",BE0000925
A19392,24553380,"Kassahun K, McIntosh I, Koeplinger K, Sun L, Talaty JE, Miller DL, Dixon R, Zajic S, Stoch SA: Disposition and metabolism of the cathepsin K inhibitor odanacatib in humans. Drug Metab Dispos. 2014 May;42(5):818-27. doi: 10.1124/dmd.113.056580. Epub 2014  Feb 19.",BE0001032
A17104,17650553,"Meaney JF, Goyen M: Recent advances in contrast-enhanced magnetic resonance angiography. Eur Radiol. 2007 Mar;17 Suppl 2:B2-6.",BE0000530
A7009,19222207,Caravan P: Protein-targeted gadolinium-based magnetic resonance imaging (MRI) contrast agents: design and mechanism of action. Acc Chem Res. 2009 Jul 21;42(7):851-62. doi: 10.1021/ar800220p.,BE0000530
A17105,17625839,"Caravan P, Parigi G, Chasse JM, Cloutier NJ, Ellison JJ, Lauffer RB, Luchinat C, McDermid SA, Spiller M, McMurry TJ: Albumin binding, relaxivity, and water exchange kinetics of the diastereoisomers of MS-325, a gadolinium(III)-based magnetic resonance angiography contrast agent. Inorg Chem. 2007 Aug 6;46(16):6632-9. Epub 2007 Jul 11.",BE0000530
A17106,16706555,"Henness S, Keating GM: Gadofosveset. Drugs. 2006;66(6):851-7.",BE0000530
A19708,9245963,"Toft KG, Hustvedt SO, Grant D, Martinsen I, Gordon PB, Friisk GA, Korsmo AJ, Skotland T: Metabolism and pharmacokinetics of MnDPDP in man. Acta Radiol. 1997 Jul;38(4 Pt 2):677-89.",BE0000910
A19709,9245964,"Hustvedt SO, Grant D, Southon TE, Zech K: Plasma pharmacokinetics, tissue distribution and excretion of MnDPDP in the rat and dog after intravenous administration. Acta Radiol. 1997 Jul;38(4 Pt 2):690-9.",BE0000910
A19708,9245963,"Toft KG, Hustvedt SO, Grant D, Martinsen I, Gordon PB, Friisk GA, Korsmo AJ, Skotland T: Metabolism and pharmacokinetics of MnDPDP in man. Acta Radiol. 1997 Jul;38(4 Pt 2):677-89.",BE0000530
A19709,9245964,"Hustvedt SO, Grant D, Southon TE, Zech K: Plasma pharmacokinetics, tissue distribution and excretion of MnDPDP in the rat and dog after intravenous administration. Acta Radiol. 1997 Jul;38(4 Pt 2):690-9.",BE0000530
A1991,10592235,"Berman HM, Westbrook J, Feng Z, Gilliland G, Bhat TN, Weissig H, Shindyalov IN, Bourne PE: The Protein Data Bank. Nucleic Acids Res. 2000 Jan 1;28(1):235-42.",BE0000782
A1991,10592235,"Berman HM, Westbrook J, Feng Z, Gilliland G, Bhat TN, Weissig H, Shindyalov IN, Bourne PE: The Protein Data Bank. Nucleic Acids Res. 2000 Jan 1;28(1):235-42.",BE0004245
A7491,23590413,"Lamos EM, Younk LM, Davis SN: Canagliflozin , an inhibitor of sodium-glucose cotransporter 2, for the treatment of type 2 diabetes mellitus. Expert Opin Drug Metab Toxicol. 2013 Jun;9(6):763-75. doi: 10.1517/17425255.2013.791282. Epub 2013 Apr 17.",BE0000925
A7752,22789987,"Adams JL, Greener BN, Kashuba AD: Pharmacology of HIV integrase inhibitors. Curr Opin HIV AIDS. 2012 Sep;7(5):390-400. doi: 10.1097/COH.0b013e328356e91c.",BE0001032
A7528,25395817,"Khaybullina D, Patel A, Zerilli T: Riociguat (adempas): a novel agent for the treatment of pulmonary arterial hypertension and chronic thromboembolic pulmonary hypertension. P T. 2014 Nov;39(11):749-58.",BE0000530
A7528,25395817,"Khaybullina D, Patel A, Zerilli T: Riociguat (adempas): a novel agent for the treatment of pulmonary arterial hypertension and chronic thromboembolic pulmonary hypertension. P T. 2014 Nov;39(11):749-58.",BE0000925
A7663,25488930,"Scheers E, Leclercq L, de Jong J, Bode N, Bockx M, Laenen A, Cuyckens F, Skee D, Murphy J, Sukbuntherng J, Mannens G: Absorption, metabolism, and excretion of oral (1)(4)C radiolabeled ibrutinib: an open-label, phase I, single-dose study in healthy men. Drug Metab Dispos. 2015 Feb;43(2):289-97. doi: 10.1124/dmd.114.060061. Epub 2014  Dec 8.",BE0000530
A7663,25488930,"Scheers E, Leclercq L, de Jong J, Bode N, Bockx M, Laenen A, Cuyckens F, Skee D, Murphy J, Sukbuntherng J, Mannens G: Absorption, metabolism, and excretion of oral (1)(4)C radiolabeled ibrutinib: an open-label, phase I, single-dose study in healthy men. Drug Metab Dispos. 2015 Feb;43(2):289-97. doi: 10.1124/dmd.114.060061. Epub 2014  Dec 8.",BE0004879
A31426,740662,"Elliott HL, Macdougall AI: Aluminium studies in dialysis encephalopathy. Proc Eur Dial Transplant Assoc. 1978;15:157-63.",BE0000530
A19518,14652164,"Tapiero H, Townsend DM, Tew KD: Trace elements in human physiology and pathology. Copper. Biomed Pharmacother. 2003 Nov;57(9):386-98.",BE0000530
A19830,11396981,"Bar-Or D, Rael LT, Lau EP, Rao NK, Thomas GW, Winkler JV, Yukl RL, Kingston RG, Curtis CG: An analog of the human albumin N-terminus (Asp-Ala-His-Lys) prevents formation of copper-induced reactive oxygen species. Biochem Biophys Res Commun. 2001 Jun 15;284(3):856-62.",BE0000530
A19831,12434198,"Sakata N, Moh A, Takebayashi S: Contribution of superoxide to reduced antioxidant activity of glycoxidative serum albumin. Heart Vessels. 2002 Nov;17(1):22-9.",BE0000530
A19832,14534351,"She YM, Narindrasorasak S, Yang S, Spitale N, Roberts EA, Sarkar B: Identification of metal-binding proteins in human hepatoma lines by immobilized metal affinity chromatography and mass spectrometry. Mol Cell Proteomics. 2003 Dec;2(12):1306-18. Epub 2003 Oct 7.",BE0000530
A19833,15359738,"Smith SD, She YM, Roberts EA, Sarkar B: Using immobilized metal affinity chromatography, two-dimensional electrophoresis and mass spectrometry to identify hepatocellular proteins with copper-binding ability. J Proteome Res. 2004 Jul-Aug;3(4):834-40.",BE0000530
A19520,17363239,"Liu N, Lo LS, Askary SH, Jones L, Kidane TZ, Trang T, Nguyen M, Goforth J, Chu YH, Vivas E, Tsai M, Westbrook T, Linder MC: Transcuprein is a macroglobulin regulated by copper and iron availability. J Nutr Biochem. 2007 Sep;18(9):597-608. Epub 2007 Mar 23.",BE0000910
A19518,14652164,"Tapiero H, Townsend DM, Tew KD: Trace elements in human physiology and pathology. Copper. Biomed Pharmacother. 2003 Nov;57(9):386-98.",BE0000910
A19518,14652164,"Tapiero H, Townsend DM, Tew KD: Trace elements in human physiology and pathology. Copper. Biomed Pharmacother. 2003 Nov;57(9):386-98.",BE0001140
A19518,14652164,"Tapiero H, Townsend DM, Tew KD: Trace elements in human physiology and pathology. Copper. Biomed Pharmacother. 2003 Nov;57(9):386-98.",BE0002833
A19518,14652164,"Tapiero H, Townsend DM, Tew KD: Trace elements in human physiology and pathology. Copper. Biomed Pharmacother. 2003 Nov;57(9):386-98.",BE0005815
A19518,14652164,"Tapiero H, Townsend DM, Tew KD: Trace elements in human physiology and pathology. Copper. Biomed Pharmacother. 2003 Nov;57(9):386-98.",BE0008686
A19518,14652164,"Tapiero H, Townsend DM, Tew KD: Trace elements in human physiology and pathology. Copper. Biomed Pharmacother. 2003 Nov;57(9):386-98.",BE0008687
A19518,14652164,"Tapiero H, Townsend DM, Tew KD: Trace elements in human physiology and pathology. Copper. Biomed Pharmacother. 2003 Nov;57(9):386-98.",BE0000041
A19518,14652164,"Tapiero H, Townsend DM, Tew KD: Trace elements in human physiology and pathology. Copper. Biomed Pharmacother. 2003 Nov;57(9):386-98.",BE0000016
A19518,14652164,"Tapiero H, Townsend DM, Tew KD: Trace elements in human physiology and pathology. Copper. Biomed Pharmacother. 2003 Nov;57(9):386-98.",BE0008688
A20350,17206511,"Horl WH: Iron therapy for renal anemia: how much needed, how much harmful? Pediatr Nephrol. 2007 Apr;22(4):480-9. Epub 2007 Jan 6.",BE0000510
A31487,20030420,"Deeks ED, Keating GM: Blonanserin: a review of its use in the management of schizophrenia. CNS Drugs. 2010 Jan;24(1):65-84. doi: 10.2165/11202620-000000000-00000.",BE0000530
A19796,19122340,"Ohno T, Nakade S, Nakayama K, Kitagawa J, Miyabe H, Konomi T, Miyata Y: Population pharmacokinetic analysis of a novel muscarinic receptor antagonist, imidafenacin, in healthy volunteers and overactive bladder patients. Drug Metab Pharmacokinet. 2008;23(6):456-63.",BE0000530
A19796,19122340,"Ohno T, Nakade S, Nakayama K, Kitagawa J, Miyabe H, Konomi T, Miyata Y: Population pharmacokinetic analysis of a novel muscarinic receptor antagonist, imidafenacin, in healthy volunteers and overactive bladder patients. Drug Metab Pharmacokinet. 2008;23(6):456-63.",BE0004879
A31287,6424437,Chavin SI: Factor VIII: structure and function in blood clotting. Am J Hematol. 1984 Apr;16(3):297-306.,BE0001043
A32067,27382347,"Wynn TT, Gumuscu B: Potential role of a new PEGylated recombinant factor VIII for hemophilia A. J Blood Med. 2016 Jun 20;7:121-8. doi: 10.2147/JBM.S82457. eCollection 2016.",BE0001043
A32080,20641974,"Cheng KT: Sodium-2-[(3-butanoylamino-2,4,6-triiodo-phenyl)methyl]butanoate .",BE0000530
A31262,28992563,"Suenaga M, Schirripa M, Cao S, Zhang W, Yang D, Dadduzio V, Salvatore L, Borelli B, Pietrantonio F, Ning Y, Okazaki S, Berger MD, Miyamoto Y, Gopez R Jr, Barzi A, Yamaguchi T, Loupakis F, Lenz HJ: Potential role of polymorphisms in the transporter genes ENT1 and MATE1/OCT2 in predicting TAS-102 efficacy and toxicity in patients with refractory metastatic colorectal cancer. Eur J Cancer. 2017 Oct 6;86:197-206. doi: 10.1016/j.ejca.2017.08.033.",BE0003647
A31262,28992563,"Suenaga M, Schirripa M, Cao S, Zhang W, Yang D, Dadduzio V, Salvatore L, Borelli B, Pietrantonio F, Ning Y, Okazaki S, Berger MD, Miyamoto Y, Gopez R Jr, Barzi A, Yamaguchi T, Loupakis F, Lenz HJ: Potential role of polymorphisms in the transporter genes ENT1 and MATE1/OCT2 in predicting TAS-102 efficacy and toxicity in patients with refractory metastatic colorectal cancer. Eur J Cancer. 2017 Oct 6;86:197-206. doi: 10.1016/j.ejca.2017.08.033.",BE0003657
A32139,4520401,"Pinckard RN, Hawkins D, Farr RS: The influence of acetylsalicyclic acid on the binding of acetrizoate to human albumin. Ann N Y Acad Sci. 1973 Nov 26;226:341-54.",BE0000530
A32152,912815,"Mate U, Solomon JJ, Segal A: In vitro binding of beta-propiolactone to calf thymus DNA and mouse liver DNA to form 1-(2-carboxyethyl) adenine. Chem Biol Interact. 1977 Sep;18(3):327-36.",BE0000530
A20264,26892221,"Ma X, He J, Yan J, Wang Q, Li H: Comparative analysis the binding affinity of mycophenolic sodium and meprednisone with human serum albumin: Insight by NMR relaxation data and docking simulation. Chem Biol Interact. 2016 Mar 25;248:52-9. doi: 10.1016/j.cbi.2016.02.009. Epub 2016 Feb 16.",BE0000530
A32624,4169405,"Yamada T, Jones AE: Effect of thiocyanate, perchlorate and other anions on plasma protein-thyroid hormone interaction in vitro. Endocrinology. 1968 Jan;82(1):47-53. doi: 10.1210/endo-82-1-47.",BE0000530
A32625,18124175,"SCATCHARD G, BLACK ES: The effect of salts on the isoionic and isoelectric points of proteins. J Phys Colloid Chem. 1949 Jan;53(1):88-99.",BE0000530
A32613,12140178,"Yu KO, Narayanan L, Mattie DR, Godfrey RJ, Todd PN, Sterner TR, Mahle DA, Lumpkin MH, Fisher JW: The pharmacokinetics of perchlorate and its effect on the hypothalamus-pituitary-thyroid axis in the male rat. Toxicol Appl Pharmacol. 2002 Jul 15;182(2):148-59.",BE0000530
A20283,8831264,"Sakurai M, Ohsako M, Nagano M, Nakamura C, Tsuzuki O, Ichikawa M, Matsumoto Y: [Effect of human serum albumin on transport of drugs through human erythrocyte membranes]. Yakugaku Zasshi. 1996 Aug;116(8):630-8.",BE0000530
A16028,11758759,"Urakami Y, Okuda M, Masuda S, Akazawa M, Saito H, Inui K: Distinct characteristics of organic cation transporters, OCT1 and OCT2, in the basolateral membrane of renal tubules. Pharm Res. 2001 Nov;18(11):1528-34.",BE0003648
A16028,11758759,"Urakami Y, Okuda M, Masuda S, Akazawa M, Saito H, Inui K: Distinct characteristics of organic cation transporters, OCT1 and OCT2, in the basolateral membrane of renal tubules. Pharm Res. 2001 Nov;18(11):1528-34.",BE0003647
A32195,874779,"Judis J: Binding of codeine, morphine, and methadone to human serum proteins. J Pharm Sci. 1977 Jun;66(6):802-6.",BE0000530
A32195,874779,"Judis J: Binding of codeine, morphine, and methadone to human serum proteins. J Pharm Sci. 1977 Jun;66(6):802-6.",BE0003777
A19879,1375080,"Moshtaghie AA, Ani M, Bazrafshan MR: Comparative binding study of aluminum and chromium to human transferrin. Effect of iron. Biol Trace Elem Res. 1992 Jan-Mar;32:39-46.",BE0000510
A32675,22190922,Shipton EA: New formulations of local anaesthetics-part I. Anesthesiol Res Pract. 2012;2012:546409. doi: 10.1155/2012/546409. Epub 2011 Dec  5.,BE0000925
A32675,22190922,Shipton EA: New formulations of local anaesthetics-part I. Anesthesiol Res Pract. 2012;2012:546409. doi: 10.1155/2012/546409. Epub 2011 Dec  5.,BE0000530
A32402,8776564,"Lee YC, Park CK, Kim MS, Kim JH: In vitro study for staining and toxicity of rose bengal on cultured bovine corneal endothelial cells. Cornea. 1996 Jul;15(4):376-85.",BE0000530
A32402,8776564,"Lee YC, Park CK, Kim MS, Kim JH: In vitro study for staining and toxicity of rose bengal on cultured bovine corneal endothelial cells. Cornea. 1996 Jul;15(4):376-85.",BE0000994
A32402,8776564,"Lee YC, Park CK, Kim MS, Kim JH: In vitro study for staining and toxicity of rose bengal on cultured bovine corneal endothelial cells. Cornea. 1996 Jul;15(4):376-85.",BE0000510
A32738,24266910,"Shen J, Zhang W, Fang H, Perkins R, Tong W, Hong H: Homology modeling, molecular docking, and molecular dynamics simulations elucidated alpha-fetoprotein binding modes. BMC Bioinformatics. 2013;14 Suppl 14:S6. doi: 10.1186/1471-2105-14-S14-S6. Epub 2013 Oct 9.",BE0009358
A32451,26981194,"Schmolz L, Birringer M, Lorkowski S, Wallert M: Complexity of vitamin E metabolism. World J Biol Chem. 2016 Feb 26;7(1):14-43. doi: 10.4331/wjbc.v7.i1.14.",BE0004020
A32451,26981194,"Schmolz L, Birringer M, Lorkowski S, Wallert M: Complexity of vitamin E metabolism. World J Biol Chem. 2016 Feb 26;7(1):14-43. doi: 10.4331/wjbc.v7.i1.14.",BE0009150
A32451,26981194,"Schmolz L, Birringer M, Lorkowski S, Wallert M: Complexity of vitamin E metabolism. World J Biol Chem. 2016 Feb 26;7(1):14-43. doi: 10.4331/wjbc.v7.i1.14.",BE0000499
A34607,25670521,"Eley T, Han YH, Huang SP, He B, Li W, Bedford W, Stonier M, Gardiner D, Sims K, Rodrigues AD, Bertz RJ: Organic anion transporting polypeptide-mediated transport of, and inhibition by, asunaprevir, an inhibitor of hepatitis C virus NS3 protease. Clin Pharmacol Ther. 2015 Feb;97(2):159-66. doi: 10.1002/cpt.4. Epub 2014 Dec 20.",BE0001004
A20078,18197631,"Wu X, Liang H, O'Hara KA, Yalowich JC, Hasinoff BB: Thiol-modulated mechanisms of the cytotoxicity of thimerosal and inhibition of DNA topoisomerase II alpha. Chem Res Toxicol. 2008 Feb;21(2):483-93. doi: 10.1021/tx700341n. Epub 2008 Jan 16.",BE0000530
A31545,10212581,"Hopkinson HJ, Vernon DI, Brown SB: Identification and partial characterization of an unusual distribution of the photosensitizer meta-tetrahydroxyphenyl chlorin (temoporfin) in human plasma. Photochem Photobiol. 1999 Apr;69(4):482-8.",BE0009150
A31545,10212581,"Hopkinson HJ, Vernon DI, Brown SB: Identification and partial characterization of an unusual distribution of the photosensitizer meta-tetrahydroxyphenyl chlorin (temoporfin) in human plasma. Photochem Photobiol. 1999 Apr;69(4):482-8.",BE0009151
A31545,10212581,"Hopkinson HJ, Vernon DI, Brown SB: Identification and partial characterization of an unusual distribution of the photosensitizer meta-tetrahydroxyphenyl chlorin (temoporfin) in human plasma. Photochem Photobiol. 1999 Apr;69(4):482-8.",BE0009152
A39998,21402860,"Di Stefano AF, Rusca A, Loprete L, Droge MJ, Moro L, Assandri A: Systemic absorption of rifamycin SV MMX administered as modified-release tablets in healthy volunteers. Antimicrob Agents Chemother. 2011 May;55(5):2122-8. doi: 10.1128/AAC.01504-10. Epub 2011 Mar 14.",BE0000530
A31586,29042751,"Cinti F, Moffa S, Impronta F, Cefalo CM, Sun VA, Sorice GP, Mezza T, Giaccari A: Spotlight on ertugliflozin and its potential in the treatment of type 2 diabetes: evidence to date. Drug Des Devel Ther. 2017 Oct 3;11:2905-2919. doi: 10.2147/DDDT.S114932. eCollection 2017.",BE0000530
A19923,15461448,"Lu WD, Atkins WM: A novel antioxidant role for ligandin behavior of glutathione S-transferases: attenuation of the photodynamic effects of hypericin. Biochemistry. 2004 Oct 12;43(40):12761-9.",BE0000530
A32659,8185676,"Cheraghali AM, Kumar R, Wang L, Knaus EE, Wiebe LI: Synthesis, biotransformation, pharmacokinetics, and antiviral properties of 5-ethyl-5-halo-6-methoxy-5,6-dihydro-2'-deoxyuridine diastereomers. Biochem Pharmacol. 1994 Apr 29;47(9):1615-25.",BE0000530
A33068,10652246,"Ploeger BA, Meulenbelt J, DeJongh J: Physiologically based pharmacokinetic modeling of glycyrrhizic acid, a compound subject to presystemic metabolism and enterohepatic cycling. Toxicol Appl Pharmacol. 2000 Feb 1;162(3):177-88. doi: 10.1006/taap.1999.8843.",BE0000438
A33068,10652246,"Ploeger BA, Meulenbelt J, DeJongh J: Physiologically based pharmacokinetic modeling of glycyrrhizic acid, a compound subject to presystemic metabolism and enterohepatic cycling. Toxicol Appl Pharmacol. 2000 Feb 1;162(3):177-88. doi: 10.1006/taap.1999.8843.",BE0000592
A33068,10652246,"Ploeger BA, Meulenbelt J, DeJongh J: Physiologically based pharmacokinetic modeling of glycyrrhizic acid, a compound subject to presystemic metabolism and enterohepatic cycling. Toxicol Appl Pharmacol. 2000 Feb 1;162(3):177-88. doi: 10.1006/taap.1999.8843.",BE0000622
A33071,3378305,"Ishida S, Ichikawa T, Sakiya Y: Binding of glycyrrhetinic acid to rat plasma, rat serum albumin, human serum, and human serum albumin. Chem Pharm Bull (Tokyo). 1988 Jan;36(1):440-3.",BE0000530
A32571,9146788,"Lambert JR, Midolo P: The actions of bismuth in the treatment of Helicobacter pylori infection. Aliment Pharmacol Ther. 1997 Apr;11 Suppl 1:27-33.",BE0000530
A31423,28266779,"Blundell J, Finlayson G, Axelsen M, Flint A, Gibbons C, Kvist T, Hjerpsted JB: Effects of once-weekly semaglutide on appetite, energy intake, control of eating, food preference and body weight in subjects with obesity. Diabetes Obes Metab. 2017 Sep;19(9):1242-1251. doi: 10.1111/dom.12932. Epub 2017  May 5.",BE0000530
A32514,24778671,"Abbaspour N, Hurrell R, Kelishadi R: Review on iron and its importance for human health. J Res Med Sci. 2014 Feb;19(2):164-74.",BE0000510
A32507,11005764,"Conrad ME, Umbreit JN, Moore EG, Hainsworth LN, Porubcin M, Simovich MJ, Nakada MT, Dolan K, Garrick MD: Separate pathways for cellular uptake of ferric and ferrous iron. Am J Physiol Gastrointest Liver Physiol. 2000 Oct;279(4):G767-74. doi: 10.1152/ajpgi.2000.279.4.G767.",BE0001155
A32507,11005764,"Conrad ME, Umbreit JN, Moore EG, Hainsworth LN, Porubcin M, Simovich MJ, Nakada MT, Dolan K, Garrick MD: Separate pathways for cellular uptake of ferric and ferrous iron. Am J Physiol Gastrointest Liver Physiol. 2000 Oct;279(4):G767-74. doi: 10.1152/ajpgi.2000.279.4.G767.",BE0002109
A175078,17425686,"Lenting PJ, VAN Schooten CJ, Denis CV: Clearance mechanisms of von Willebrand factor and factor VIII. J Thromb Haemost. 2007 Jul;5(7):1353-60. doi: 10.1111/j.1538-7836.2007.02572.x. Epub 2007 Apr 7.",BE0001043
