drugbank-id,name,uniprot-id
BE0002638,Cytochrome P450 3A4,P08684
BE0000330,Dihydrofolate reductase,P00374
BE0000268,"Bifunctional methylenetetrahydrofolate dehydrogenase/cyclohydrolase, mitochondrial",P13995
BE0002176,Methylenetetrahydrofolate reductase,P42898
BE0000734,Methionine synthase,Q99707
BE0003543,Cytochrome P450 1A1,P04798
BE0002433,Cytochrome P450 1A2,P05177
BE0001111,Cytochrome P450 1B1,Q16678
BE0004727,Leukotriene-B(4) omega-hydroxylase 1,P78329
BE0000524,Vitamin D 25-hydroxylase,Q6VVX0
BE0000443,"25-hydroxyvitamin D-1 alpha hydroxylase, mitochondrial",O15528
BE0002363,Cytochrome P450 2D6,P10635
BE0002793,Cytochrome P450 2C9,P11712
BE0009561,Liver esterases,
BE0003336,Cytochrome P450 2A6,P11509
BE0003549,Cytochrome P450 2B6,P20813
BE0003544,UDP-glucuronosyltransferase 1-4,P22310
BE0003538,UDP-glucuronosyltransferase 1-9,O60656
BE0003606,Dimethylaniline monooxygenase [N-oxide-forming] 3,P31513
BE0003539,Aldehyde oxidase,Q06278
BE0003609,Dimethylaniline monooxygenase [N-oxide-forming] 1,Q01740
BE0003536,Cytochrome P450 2C19,P33261
BE0003679,UDP-glucuronosyltransferase 2B7,P16662
BE0003682,UDP-glucuronosyltransferase 1-8,Q9HAW9
BE0003533,Cytochrome P450 2E1,P05181
BE0002887,Cytochrome P450 2C8,P10632
BE0003607,Arylamine N-acetyltransferase 2,P11245
BE0002204,Xanthine dehydrogenase/oxidase,P47989
BE0001075,Myeloperoxidase,P05164
BE0009567,Sulfotransferase,
BE0002196,Amine oxidase [flavin-containing] B,P27338
BE0002198,Amine oxidase [flavin-containing] A,P21397
BE0000017,Prostaglandin G/H synthase 1,P23219
BE0004352,Alcohol dehydrogenase [NADP(+)],P14550
BE0002362,Cytochrome P450 3A5,P20815
BE0000133,"Aldehyde dehydrogenase, mitochondrial",P05091
BE0003608,Arylamine N-acetyltransferase 1,P18440
BE0000262,Prostaglandin G/H synthase 2,P35354
BE0009565,Epoxide hydrolase 1,P07099
BE0002089,Catechol O-methyltransferase,P21964
BE0001184,NAD(P)H dehydrogenase [quinone] 1,P15559
BE0003612,Cytochrome P450 3A7,P24462
BE0003541,UDP-glucuronosyltransferase 1-1,P22309
BE0004694,UDP-glucuronosyltransferase 1-6,P19224
BE0004696,UDP-glucuronosyltransferase 2B15,P54855
BE0003681,UDP-glucuronosyltransferase 2B4,P06133
BE0003677,UDP-glucuronosyltransferase 1-3,P35503
BE0004477,"Adenylate kinase 2, mitochondrial",P54819
BE0004780,"Adenylate kinase 4, mitochondrial",P27144
BE0009626,Nucleoside diphosphokinase,
BE0009627,Creatine kinase,
BE0000051,3 beta-hydroxysteroid dehydrogenase/Delta 5-->4-isomerase type 1,P14060
BE0009566,Glucuronosyltransferase,
BE0003678,UDP-glucuronosyltransferase 1-10,Q9HAW8
BE0000927,Sulfotransferase 1A1,P50225
BE0004767,Sulfotransferase 1A3/1A4,P0DMM9
BE0000886,Bile salt sulfotransferase,Q06520
BE0000814,Glutathione S-transferase P,P09211
BE0000818,Glutathione S-transferase theta-1,P30711
BE0000807,Glutathione S-transferase Mu 1,P09488
BE0002193,Thymidine phosphorylase,P19971
BE0002705,Liver carboxylesterase 1,P23141
BE0000077,Hypoxanthine-guanine phosphoribosyltransferase,P00492
BE0000987,Thiopurine S-methyltransferase,P51580
BE0004873,Steroid 21-hydroxylase,P08686
BE0000344,"Steroid 17-alpha-hydroxylase/17,20 lyase",P05093
BE0004740,Carboxylesterase,Q6LAP9
BE0002804,Deoxycytidine kinase,P27707
BE0004700,Deoxycytidylate deaminase,P32321
BE0000637,UMP-CMP kinase,P30085
BE0003106,Nucleoside diphosphate kinase A,P15531
BE0000227,Alcohol dehydrogenase 1A,P07327
BE0000400,Alcohol dehydrogenase 1B,P00325
BE0003074,Carbonyl reductase [NADPH] 1,P16152
BE0000457,Ectonucleotide pyrophosphatase/phosphodiesterase family member 1,P22413
BE0000718,"Aldehyde dehydrogenase, dimeric NADP-preferring",P30838
BE0000583,Aldehyde dehydrogenase family 1 member A3,P47895
BE0000446,Aldehyde dehydrogenase family 3 member B1,P43353
BE0000193,Aldehyde dehydrogenase family 3 member B2,P48448
BE0000554,Retinal dehydrogenase 1,P00352
BE0003611,Cytochrome P450 2C18,P33260
BE0004370,Valacyclovir hydrolase,Q86WA6
BE0000514,Thymidine kinase,P06478
BE0002351,Guanylate kinase,Q16774
BE0009651,Cellular kinases,
BE0000585,3-oxo-5-alpha-steroid 4-dehydrogenase 2,P31213
BE0002090,Cytochrome P450 19A1,P11511
BE0004909,Monoamine oxidase,P21397
BE0000951,Estrogen sulfotransferase,P49888
BE0003680,UDP-glucuronosyltransferase 2B17,O75795
BE0000615,Choline-phosphate cytidylyltransferase A,P49585
BE0001262,Adenylate kinase isoenzyme 1,P00568
BE0003281,Nucleoside diphosphate kinase B,P22392
BE0000421,Cytochrome P450 4A11,Q02928
BE0002180,Cholinesterase,P06276
BE0004712,Cocaine esterase,O00748
BE0002561,Sulfotransferase family cytosolic 1B member 1,O43704
BE0000930,Serum paraoxonase/arylesterase 1,P27169
BE0002281,Glutathione S-transferase A1,P08263
BE0002189,Glutathione S-transferase A2,P09210
BE0000729,"NADH dehydrogenase [ubiquinone] iron-sulfur protein 2, mitochondrial",O75306
BE0000191,"NADH dehydrogenase [ubiquinone] iron-sulfur protein 3, mitochondrial",O75489
BE0000307,"NADH dehydrogenase [ubiquinone] iron-sulfur protein 7, mitochondrial",O75251
BE0000263,"Nitric oxide synthase, endothelial",P29474
BE0000005,"Nitric oxide synthase, inducible",P35228
BE0000067,"Nitric oxide synthase, brain",P29475
BE0002364,NADPH--cytochrome P450 reductase,P16435
BE0004771,Carbonyl reductase [NADPH] 3,O75828
BE0000592,Aldo-keto reductase family 1 member C3,P42330
BE0000638,NADPH azoreductase,Q9FAW5
BE0004695,UDP-glucuronosyltransferase 1-7,Q9HAW7
BE0000321,GMP synthase [glutamine-hydrolyzing],P49915
BE0003540,Adenosine kinase,P55263
BE0002443,Cytidine deaminase,P32320
BE0002214,Adenosine deaminase,P00813
BE0003589,"Deoxyguanosine kinase, mitochondrial",Q16854
BE0004887,3-oxo-5-alpha-steroid 4-dehydrogenase,P18405
BE0001108,Hexokinase-1,P19367
BE0002239,Protein-glutamine gamma-glutamyltransferase 6,O95932
BE0002303,Bile acid-CoA:amino acid N-acyltransferase,Q14032
BE0002268,5-oxoprolinase,O14841
BE0003683,Cytochrome P450 2J2,P51589
BE0003684,Cytochrome P450 2B7 isoform,B6A7R5
BE0008629,UDP-glucuronosyltransferase 1A1,
BE0009141,UDP-glucuronosyltransferase 1A9,
BE0009343,UDP-glucuronosyltransferase 2B10,P36537
BE0002499,Pentaerythritol tetranitrate reductase,P71278
BE0001148,Dipeptidase 1,P16444
BE0001185,Quinone oxidoreductase,Q08257
BE0009340,"Beta,beta-carotene 15,15'-dioxygenase",Q9HAY6
BE0000111,Diamine acetyltransferase 1,P21673
BE0008657,Lysosomal protective protein,P10619
BE0001473,Histidine triad nucleotide-binding protein 1,P49773
BE0002181,Phospholipase D1,Q13393
BE0003550,Cytochrome P450 3A43,Q9HB55
BE0008634,Cytochrome p450 3A subfamily,P08684
BE0008675,"Hydroxyacid-oxoacid transhydrogenase, mitochondrial",Q8IWW8
BE0000152,"Succinate-semialdehyde dehydrogenase, mitochondrial",P51649
BE0000130,Hemoglobin subunit alpha,P69905
BE0000629,Hemoglobin subunit beta,P68871
BE0001207,Catalase,P04040
BE0004866,CYP3A,P08684
BE0000182,"cGMP-specific 3',5'-cyclic phosphodiesterase",O76074
BE0000883,N-acetylgalactosamine-6-sulfatase,P34059
BE0001153,Beta-hexosaminidase subunit beta,P07686
BE0000972,Beta-glucuronidase,P08236
BE0009331,Glucuronate-2-sulfatase,
BE0009329,Alpha-L-iduronidase,P35475
BE0009328,Iduronate 2-sulfatase,P22304
BE0000960,Dihydropyrimidine dehydrogenase [NADP(+)],Q12882
BE0005806,Dihydropyrimidinase-related protein 2,Q16555
BE0009332,Beta-ureidopropionase,Q9UBR1
BE0001056,Glucokinase,P35557
BE0001818,6-phosphofructokinase,P00512
BE0000816,Glutathione peroxidase 1,P07203
BE0000683,Pancreatic triacylglycerol lipase,P16233
BE0001979,"Thioredoxin reductase 1, cytoplasmic",Q16881
BE0000648,"Glutathione reductase, mitochondrial",P00390
BE0004605,Selenocysteine lyase,Q96I15
BE0009338,Xylitol dehydrogenase,E5G6H4
BE0000888,Fatty acid desaturase 1,O60427
BE0009375,Elongation of very long chain fatty acids protein 5,Q9NYP7
BE0002247,Elongation of very long chain fatty acids protein 4,Q9GZR5
BE0000309,Arachidonate 15-lipoxygenase,P16050
BE0002246,Fatty acid desaturase 2,O95864
BE0002829,Beta-glucosidase,Q59976
BE0001052,CYP2B protein,Q14097
BE0000530,Serum albumin,P02768
BE0001745,"Medium-chain specific acyl-CoA dehydrogenase, mitochondrial",P11310
BE0004521,"3-ketoacyl-CoA thiolase, peroxisomal",P09110
BE0004500,"Enoyl-CoA hydratase, mitochondrial",P30084
BE0000377,"Hydroxyacyl-coenzyme A dehydrogenase, mitochondrial",Q16836
BE0000465,Alcohol dehydrogenase 1C,P00326
BE0003295,Galactokinase,P51570
BE0001419,Galactose-1-phosphate uridylyltransferase,P09148
BE0002617,UDP-galactose 4-epimerase,Q8T8E9
BE0002271,Glutamyl aminopeptidase,Q07075
BE0000982,Angiotensin-converting enzyme 2,Q9BYF1
BE0009545,Intestinal-type alkaline phosphatase,P09923
BE0001640,"Phospholipase A2, membrane associated",P14555
BE0000854,Dipeptidyl peptidase 4,P27487
BE0000266,Neprilysin,P08473
BE0000938,Cytochrome b,P00156
