resource,identifier,polypeptide_id
HUGO Gene Nomenclature Committee (HGNC),HGNC:7218,P05164
GenAtlas,MPO,P05164
GenBank Gene Database,J02694,P05164
GenBank Protein Database,189040,P05164
Guide to Pharmacology,2789,P05164
UniProtKB,P05164,P05164
UniProt Accession,PERM_HUMAN,P05164
HUGO Gene Nomenclature Committee (HGNC),HGNC:2637,P08684
GenAtlas,CYP3A4,P08684
GenBank Gene Database,M18907,P08684
Guide to Pharmacology,1337,P08684
UniProtKB,P08684,P08684
UniProt Accession,CP3A4_HUMAN,P08684
HUGO Gene Nomenclature Committee (HGNC),HGNC:2596,P05177
GenAtlas,CYP1A2,P05177
GenBank Gene Database,Z00036,P05177
Guide to Pharmacology,1319,P05177
UniProtKB,P05177,P05177
UniProt Accession,CP1A2_HUMAN,P05177
HUGO Gene Nomenclature Committee (HGNC),HGNC:2625,P10635
GenAtlas,CYP2D6,P10635
GenBank Gene Database,M20403,P10635
GenBank Protein Database,181350,P10635
Guide to Pharmacology,1329,P10635
UniProtKB,P10635,P10635
UniProt Accession,CP2D6_HUMAN,P10635
HUGO Gene Nomenclature Committee (HGNC),HGNC:2623,P11712
GenAtlas,CYP2C9,P11712
GenBank Gene Database,AY341248,P11712
Guide to Pharmacology,1326,P11712
UniProtKB,P11712,P11712
UniProt Accession,CP2C9_HUMAN,P11712
HUGO Gene Nomenclature Committee (HGNC),HGNC:3535,P00734
GenAtlas,F2,P00734
GenBank Gene Database,M17262,P00734
GenBank Protein Database,339641,P00734
Guide to Pharmacology,2362,P00734
UniProtKB,P00734,P00734
UniProt Accession,THRB_HUMAN,P00734
HUGO Gene Nomenclature Committee (HGNC),HGNC:9451,P04070
GenAtlas,PROC,P04070
GenBank Gene Database,M11228,P04070
GenBank Protein Database,190334,P04070
Guide to Pharmacology,2396,P04070
UniProtKB,P04070,P04070
UniProt Accession,PROC_HUMAN,P04070
HUGO Gene Nomenclature Committee (HGNC),HGNC:5381,P14735
GenAtlas,IDE,P14735
GenBank Gene Database,M21188,P14735
GenBank Protein Database,184556,P14735
Guide to Pharmacology,2371,P14735
UniProtKB,P14735,P14735
UniProt Accession,IDE_HUMAN,P14735
HUGO Gene Nomenclature Committee (HGNC),HGNC:8744,P16519
GenAtlas,PCSK2,P16519
GenBank Gene Database,J05252,P16519
GenBank Protein Database,189652,P16519
Guide to Pharmacology,2383,P16519
UniProtKB,P16519,P16519
UniProt Accession,NEC2_HUMAN,P16519
HUGO Gene Nomenclature Committee (HGNC),HGNC:2303,P16870
GenAtlas,CPE,P16870
GenBank Gene Database,X51405,P16870
GenBank Protein Database,29667,P16870
UniProtKB,P16870,P16870
UniProt Accession,CBPE_HUMAN,P16870
HUGO Gene Nomenclature Committee (HGNC),HGNC:8743,P29120
GenAtlas,PCSK1,P29120
GenBank Gene Database,X64810,P29120
GenBank Protein Database,35318,P29120
Guide to Pharmacology,2382,P29120
UniProtKB,P29120,P29120
UniProt Accession,NEC1_HUMAN,P29120
HUGO Gene Nomenclature Committee (HGNC),HGNC:9604,P23219
GenAtlas,PTGS1,P23219
GenBank Gene Database,M31822,P23219
GenBank Protein Database,387018,P23219
Guide to Pharmacology,1375,P23219
UniProtKB,P23219,P23219
UniProt Accession,PGH1_HUMAN,P23219
HUGO Gene Nomenclature Committee (HGNC),HGNC:9605,P35354
GenAtlas,PTGS2,P35354
GenBank Gene Database,L15326,P35354
GenBank Protein Database,291988,P35354
Guide to Pharmacology,1376,P35354
UniProtKB,P35354,P35354
UniProt Accession,PGH2_HUMAN,P35354
HUGO Gene Nomenclature Committee (HGNC),HGNC:9035,P47712
GenAtlas,PLA2G4A,P47712
GenBank Gene Database,M72393,P47712
GenBank Protein Database,190007,P47712
Guide to Pharmacology,1424,P47712
UniProtKB,P47712,P47712
UniProt Accession,PA24A_HUMAN,P47712
HUGO Gene Nomenclature Committee (HGNC),HGNC:12805,P47989
GenAtlas,XDH,P47989
GenBank Gene Database,D11456,P47989
GenBank Protein Database,10336525,P47989
Guide to Pharmacology,2646,P47989
UniProtKB,P47989,P47989
UniProt Accession,XDH_HUMAN,P47989
HUGO Gene Nomenclature Committee (HGNC),HGNC:2631,P05181
GenBank Gene Database,J02625,P05181
GenBank Protein Database,181360,P05181
Guide to Pharmacology,1330,P05181
UniProtKB,P05181,P05181
UniProt Accession,CP2E1_HUMAN,P05181
HUGO Gene Nomenclature Committee (HGNC),HGNC:2594,P11511
GenAtlas,CYP19A1,P11511
GenBank Gene Database,M22246,P11511
GenBank Protein Database,179002,P11511
Guide to Pharmacology,1362,P11511
UniProtKB,P11511,P11511
UniProt Accession,CP19A_HUMAN,P11511
HUGO Gene Nomenclature Committee (HGNC),HGNC:2605,Q02318
GenAtlas,CYP27A1,Q02318
GenBank Gene Database,M62401,Q02318
GenBank Protein Database,181292,Q02318
Guide to Pharmacology,1369,Q02318
UniProtKB,Q02318,Q02318
UniProt Accession,CP27A_HUMAN,Q02318
HUGO Gene Nomenclature Committee (HGNC),HGNC:4341,P15104
GenAtlas,GLUL,P15104
GenBank Gene Database,Y00387,P15104
GenBank Protein Database,31833,P15104
UniProtKB,P15104,P15104
UniProt Accession,GLNA_HUMAN,P15104
HUGO Gene Nomenclature Committee (HGNC),HGNC:2620,P33260
GenBank Gene Database,M61853,P33260
Guide to Pharmacology,1327,P33260
UniProtKB,P33260,P33260
UniProt Accession,CP2CI_HUMAN,P33260
HUGO Gene Nomenclature Committee (HGNC),HGNC:983,P06276
GenAtlas,BCHE,P06276
GenBank Gene Database,M32391,P06276
GenBank Protein Database,1311630,P06276
Guide to Pharmacology,2471,P06276
UniProtKB,P06276,P06276
UniProt Accession,CHLE_HUMAN,P06276
HUGO Gene Nomenclature Committee (HGNC),HGNC:2621,P33261
GenBank Gene Database,M61854,P33261
GenBank Protein Database,181344,P33261
Guide to Pharmacology,1328,P33261
UniProtKB,P33261,P33261
UniProt Accession,CP2CJ_HUMAN,P33261
HUGO Gene Nomenclature Committee (HGNC),HGNC:2642,Q02928
GenAtlas,CYP4A11,Q02928
GenBank Gene Database,L04751,Q02928
GenBank Protein Database,181397,Q02928
UniProtKB,Q02928,Q02928
UniProt Accession,CP4AB_HUMAN,Q02928
HUGO Gene Nomenclature Committee (HGNC),HGNC:2640,P24462
GenBank Gene Database,D00408,P24462
GenBank Protein Database,220149,P24462
UniProtKB,P24462,P24462
UniProt Accession,CP3A7_HUMAN,P24462
HUGO Gene Nomenclature Committee (HGNC),HGNC:2638,P20815
GenAtlas,CYP3A5,P20815
GenBank Gene Database,J04813,P20815
GenBank Protein Database,181346,P20815
Guide to Pharmacology,1338,P20815
UniProtKB,P20815,P20815
UniProt Accession,CP3A5_HUMAN,P20815
HUGO Gene Nomenclature Committee (HGNC),HGNC:2622,P10632
GenAtlas,CYP2C8,P10632
GenBank Gene Database,M17397,P10632
Guide to Pharmacology,1325,P10632
UniProtKB,P10632,P10632
UniProt Accession,CP2C8_HUMAN,P10632
HUGO Gene Nomenclature Committee (HGNC),HGNC:9358,P48147
GenAtlas,PREP,P48147
GenBank Gene Database,X74496,P48147
GenBank Protein Database,558596,P48147
Guide to Pharmacology,2395,P48147
UniProtKB,P48147,P48147
UniProt Accession,PPCE_HUMAN,P48147
HUGO Gene Nomenclature Committee (HGNC),HGNC:19331,Q96EY8
GenAtlas,MMAB,Q96EY8
GenBank Gene Database,AF550404,Q96EY8
GenBank Protein Database,26284726,Q96EY8
UniProtKB,Q96EY8,Q96EY8
UniProt Accession,MMAB_HUMAN,Q96EY8
GenBank Gene Database,AE008789,Q05599
UniProtKB,Q05599,Q05599
UniProt Accession,COBU_SALTY,Q05599
HUGO Gene Nomenclature Committee (HGNC),HGNC:11296,P19623
GenAtlas,SRM,P19623
GenBank Gene Database,M34338,P19623
GenBank Protein Database,531202,P19623
UniProtKB,P19623,P19623
UniProt Accession,SPEE_HUMAN,P19623
HUGO Gene Nomenclature Committee (HGNC),HGNC:2597,Q16678
GenAtlas,CYP1B1,Q16678
GenBank Gene Database,U03688,Q16678
GenBank Protein Database,501031,Q16678
Guide to Pharmacology,1320,Q16678
UniProtKB,Q16678,Q16678
UniProt Accession,CP1B1_HUMAN,Q16678
HUGO Gene Nomenclature Committee (HGNC),HGNC:24289,Q9Y6K0
GenAtlas,CEPT1,Q9Y6K0
GenBank Gene Database,AF068302,Q9Y6K0
GenBank Protein Database,4584877,Q9Y6K0
UniProtKB,Q9Y6K0,Q9Y6K0
UniProt Accession,CEPT1_HUMAN,Q9Y6K0
HUGO Gene Nomenclature Committee (HGNC),HGNC:1938,Q9Y259
GenAtlas,CHKB,Q9Y259
GenBank Gene Database,AB029885,Q9Y259
GenBank Protein Database,5509940,Q9Y259
UniProtKB,Q9Y259,Q9Y259
UniProt Accession,CHKB_HUMAN,Q9Y259
HUGO Gene Nomenclature Committee (HGNC),HGNC:1912,P28329
GenAtlas,CHAT,P28329
GenBank Gene Database,S56138,P28329
GenBank Protein Database,301096,P28329
UniProtKB,P28329,P28329
UniProt Accession,CLAT_HUMAN,P28329
HUGO Gene Nomenclature Committee (HGNC),HGNC:1937,P35790
GenAtlas,CHKA,P35790
GenBank Gene Database,D10704,P35790
GenBank Protein Database,219541,P35790
UniProtKB,P35790,P35790
UniProt Accession,CHKA_HUMAN,P35790
HUGO Gene Nomenclature Committee (HGNC),HGNC:24288,Q8NE62
GenAtlas,CHDH,Q8NE62
GenBank Gene Database,BC034502,Q8NE62
GenBank Protein Database,21759795,Q8NE62
UniProtKB,Q8NE62,Q8NE62
UniProt Accession,CHDH_HUMAN,Q8NE62
HUGO Gene Nomenclature Committee (HGNC),HGNC:10540,P21673
GenAtlas,SAT1,P21673
GenBank Gene Database,M77693,P21673
GenBank Protein Database,338392,P21673
UniProtKB,P21673,P21673
UniProt Accession,SAT1_HUMAN,P21673
HUGO Gene Nomenclature Committee (HGNC),HGNC:23160,Q96F10
GenAtlas,SAT2,Q96F10
GenBank Gene Database,AF348524,Q96F10
GenBank Protein Database,19070527,Q96F10
UniProtKB,Q96F10,Q96F10
UniProt Accession,SAT2_HUMAN,Q96F10
HUGO Gene Nomenclature Committee (HGNC),HGNC:3531,P00488
GenAtlas,F13A1,P00488
GenBank Gene Database,M22001,P00488
GenBank Protein Database,182309,P00488
UniProtKB,P00488,P00488
UniProt Accession,F13A_HUMAN,P00488
HUGO Gene Nomenclature Committee (HGNC),HGNC:4331,O94925
GenAtlas,GLS,O94925
GenBank Gene Database,AF158555,O94925
GenBank Protein Database,5690372,O94925
UniProtKB,O94925,O94925
UniProt Accession,GLSK_HUMAN,O94925
HUGO Gene Nomenclature Committee (HGNC),HGNC:29570,Q9UI32
GenAtlas,GLS2,Q9UI32
GenBank Gene Database,AF110330,Q9UI32
GenBank Protein Database,6650606,Q9UI32
UniProtKB,Q9UI32,Q9UI32
UniProt Accession,GLSL_HUMAN,Q9UI32
HUGO Gene Nomenclature Committee (HGNC),HGNC:11778,P21980
GenAtlas,TGM2,P21980
GenBank Gene Database,M55153,P21980
GenBank Protein Database,339521,P21980
UniProtKB,P21980,P21980
UniProt Accession,TGM2_HUMAN,P21980
HUGO Gene Nomenclature Committee (HGNC),HGNC:11781,O43548
GenAtlas,TGM5,O43548
GenBank Gene Database,AF035960,O43548
GenBank Protein Database,2895530,O43548
UniProtKB,O43548,O43548
UniProt Accession,TGM5_HUMAN,O43548
HUGO Gene Nomenclature Committee (HGNC),HGNC:16255,O95932
GenAtlas,TGM6,O95932
GenBank Gene Database,AF540969,O95932
UniProtKB,O95932,O95932
UniProt Accession,TGM3L_HUMAN,O95932
HUGO Gene Nomenclature Committee (HGNC),HGNC:11777,P22735
GenAtlas,TGM1,P22735
GenBank Gene Database,M98447,P22735
GenBank Protein Database,1256959,P22735
UniProtKB,P22735,P22735
UniProt Accession,TGM1_HUMAN,P22735
HUGO Gene Nomenclature Committee (HGNC),HGNC:11780,P49221
GenAtlas,TGM4,P49221
GenBank Gene Database,L34840,P49221
GenBank Protein Database,2766556,P49221
UniProtKB,P49221,P49221
UniProt Accession,TGM4_HUMAN,P49221
HUGO Gene Nomenclature Committee (HGNC),HGNC:11779,Q08188
GenAtlas,TGM3,Q08188
GenBank Gene Database,L10386,Q08188
GenBank Protein Database,307504,Q08188
UniProtKB,Q08188,Q08188
UniProt Accession,TGM3_HUMAN,Q08188
HUGO Gene Nomenclature Committee (HGNC),HGNC:30790,Q96PF1
GenAtlas,TGM7,Q96PF1
GenBank Gene Database,AF363393,Q96PF1
GenBank Protein Database,15425755,Q96PF1
UniProtKB,Q96PF1,Q96PF1
UniProt Accession,TGM7_HUMAN,Q96PF1
HUGO Gene Nomenclature Committee (HGNC),HGNC:4378,P49915
GenAtlas,GMPS,P49915
GenBank Gene Database,U10860,P49915
GenBank Protein Database,595410,P49915
UniProtKB,P49915,P49915
UniProt Accession,GUAA_HUMAN,P49915
HUGO Gene Nomenclature Committee (HGNC),HGNC:753,P08243
GenAtlas,ASNS,P08243
GenBank Gene Database,M27396,P08243
GenBank Protein Database,179100,P08243
UniProtKB,P08243,P08243
UniProt Accession,ASNS_HUMAN,P08243
HUGO Gene Nomenclature Committee (HGNC),HGNC:1564,Q16773
GenAtlas,CCBL1,Q16773
GenBank Gene Database,X82224,Q16773
GenBank Protein Database,758591,Q16773
Guide to Pharmacology,1445,Q16773
UniProtKB,Q16773,Q16773
UniProt Accession,KAT1_HUMAN,Q16773
HUGO Gene Nomenclature Committee (HGNC),HGNC:8863,O15067
GenAtlas,PFAS,O15067
GenBank Gene Database,AB002359,O15067
GenBank Protein Database,2224663,O15067
UniProtKB,O15067,O15067
UniProt Accession,PUR4_HUMAN,O15067
HUGO Gene Nomenclature Committee (HGNC),HGNC:8849,O75879
GenAtlas,PET112L,O75879
GenBank Gene Database,AF026851,O75879
GenBank Protein Database,3599964,O75879
UniProtKB,O75879,O75879
UniProt Accession,GATB_HUMAN,O75879
HUGO Gene Nomenclature Committee (HGNC),HGNC:4242,O94808
GenAtlas,GFPT2,O94808
GenBank Gene Database,AB016789,O94808
GenBank Protein Database,4239883,O94808
UniProtKB,O94808,O94808
UniProt Accession,GFPT2_HUMAN,O94808
HUGO Gene Nomenclature Committee (HGNC),HGNC:1424,P27708
GenAtlas,CAD,P27708
GenBank Gene Database,D78586,P27708
GenBank Protein Database,1228049,P27708
UniProtKB,P27708,P27708
UniProt Accession,PYR1_HUMAN,P27708
HUGO Gene Nomenclature Committee (HGNC),HGNC:9751,P47897
GenAtlas,QARS,P47897
GenBank Gene Database,X76013,P47897
GenBank Protein Database,558586,P47897
UniProtKB,P47897,P47897
UniProt Accession,SYQ_HUMAN,P47897
HUGO Gene Nomenclature Committee (HGNC),HGNC:29832,Q6IA69
GenAtlas,NADSYN1,Q6IA69
GenBank Gene Database,AB091316,Q6IA69
GenBank Protein Database,28849201,Q6IA69
UniProtKB,Q6IA69,Q6IA69
UniProt Accession,NADE_HUMAN,Q6IA69
HUGO Gene Nomenclature Committee (HGNC),HGNC:468,P23109
GenAtlas,AMPD1,P23109
GenBank Gene Database,M37931,P23109
GenBank Protein Database,10864686,P23109
UniProtKB,P23109,P23109
UniProt Accession,AMPD1_HUMAN,P23109
HUGO Gene Nomenclature Committee (HGNC),HGNC:626,P07741
GenAtlas,APRT,P07741
GenBank Gene Database,Y00486,P07741
GenBank Protein Database,28819,P07741
UniProtKB,P07741,P07741
UniProt Accession,APT_HUMAN,P07741
HUGO Gene Nomenclature Committee (HGNC),HGNC:7436,P42898
GenAtlas,MTHFR,P42898
GenBank Gene Database,U09806,P42898
GenBank Protein Database,6139053,P42898
UniProtKB,P42898,P42898
UniProt Accession,MTHR_HUMAN,P42898
HUGO Gene Nomenclature Committee (HGNC),HGNC:6904,P31153
GenAtlas,MAT2A,P31153
GenBank Gene Database,X68836,P31153
GenBank Protein Database,36327,P31153
UniProtKB,P31153,P31153
UniProt Accession,METK2_HUMAN,P31153
HUGO Gene Nomenclature Committee (HGNC),HGNC:17061,Q9Y3D2
GenAtlas,MSRB2,Q9Y3D2
GenBank Gene Database,AF151889,Q9Y3D2
GenBank Protein Database,4929731,Q9Y3D2
UniProtKB,Q9Y3D2,Q9Y3D2
UniProt Accession,MSRB2_HUMAN,Q9Y3D2
HUGO Gene Nomenclature Committee (HGNC),HGNC:6903,Q00266
GenAtlas,MAT1A,Q00266
GenBank Gene Database,D49357,Q00266
GenBank Protein Database,220066,Q00266
UniProtKB,Q00266,Q00266
UniProt Accession,METK1_HUMAN,Q00266
HUGO Gene Nomenclature Committee (HGNC),HGNC:14133,Q9NZV6
GenAtlas,SEPX1,Q9NZV6
GenBank Gene Database,AF166124,Q9NZV6
GenBank Protein Database,6649219,Q9NZV6
UniProtKB,Q9NZV6,Q9NZV6
UniProt Accession,MSRB1_HUMAN,Q9NZV6
HUGO Gene Nomenclature Committee (HGNC),HGNC:7377,Q9UJ68
GenAtlas,MSRA,Q9UJ68
GenBank Gene Database,AJ242973,Q9UJ68
GenBank Protein Database,6136945,Q9UJ68
UniProtKB,Q9UJ68,Q9UJ68
UniProt Accession,MSRA_HUMAN,Q9UJ68
HUGO Gene Nomenclature Committee (HGNC),HGNC:6898,P56192
GenAtlas,MARS,P56192
GenBank Gene Database,X94754,P56192
GenBank Protein Database,1702932,P56192
UniProtKB,P56192,P56192
UniProt Accession,SYMC_HUMAN,P56192
HUGO Gene Nomenclature Committee (HGNC),HGNC:25133,Q96GW9
GenAtlas,MARS2,Q96GW9
GenBank Gene Database,AB107013,Q96GW9
GenBank Protein Database,37196758,Q96GW9
UniProtKB,Q96GW9,Q96GW9
UniProt Accession,SYMM_HUMAN,Q96GW9
HUGO Gene Nomenclature Committee (HGNC),HGNC:6905,Q9NZL9
GenAtlas,MAT2B,Q9NZL9
GenBank Gene Database,AF182814,Q9NZL9
GenBank Protein Database,6815285,Q9NZL9
UniProtKB,Q9NZL9,Q9NZL9
UniProt Accession,MAT2B_HUMAN,Q9NZL9
HUGO Gene Nomenclature Committee (HGNC),HGNC:2602,Q07973
GenAtlas,CYP24A1,Q07973
GenBank Gene Database,L13286,Q07973
GenBank Protein Database,306704,Q07973
Guide to Pharmacology,1365,Q07973
UniProtKB,Q07973,Q07973
UniProt Accession,CP24A_HUMAN,Q07973
HUGO Gene Nomenclature Committee (HGNC),HGNC:6833,P21397
GenAtlas,MAOA,P21397
GenBank Gene Database,M68840,P21397
GenBank Protein Database,187353,P21397
Guide to Pharmacology,2489,P21397
UniProtKB,P21397,P21397
UniProt Accession,AOFA_HUMAN,P21397
HUGO Gene Nomenclature Committee (HGNC),HGNC:4627,P09210
GenAtlas,GSTA2,P09210
GenBank Gene Database,M16594,P09210
GenBank Protein Database,306811,P09210
UniProtKB,P09210,P09210
UniProt Accession,GSTA2_HUMAN,P09210
HUGO Gene Nomenclature Committee (HGNC),HGNC:4626,P08263
GenAtlas,GSTA1,P08263
GenBank Gene Database,M15872,P08263
GenBank Protein Database,306809,P08263
UniProtKB,P08263,P08263
UniProt Accession,GSTA1_HUMAN,P08263
HUGO Gene Nomenclature Committee (HGNC),HGNC:2606,O15528
GenAtlas,CYP27B1,O15528
GenBank Gene Database,AF027152,O15528
GenBank Protein Database,2612976,O15528
Guide to Pharmacology,1370,O15528
UniProtKB,O15528,O15528
UniProt Accession,CP27B_HUMAN,O15528
HUGO Gene Nomenclature Committee (HGNC),HGNC:11708,P48775
GenBank Gene Database,U32989,P48775
GenBank Protein Database,993046,P48775
UniProtKB,P48775,P48775
UniProt Accession,T23O_HUMAN,P48775
HUGO Gene Nomenclature Committee (HGNC),HGNC:2719,P20711
GenAtlas,DDC,P20711
GenBank Gene Database,M76180,P20711
GenBank Protein Database,181521,P20711
UniProtKB,P20711,P20711
UniProt Accession,DDC_HUMAN,P20711
GenBank Gene Database,M14742,P00953
GenBank Protein Database,143784,P00953
UniProtKB,P00953,P00953
UniProt Accession,SYW_GEOSE,P00953
HUGO Gene Nomenclature Committee (HGNC),HGNC:12730,Q9UGM6
GenAtlas,WARS2,Q9UGM6
GenBank Gene Database,AJ242739,Q9UGM6
GenBank Protein Database,6572289,Q9UGM6
UniProtKB,Q9UGM6,Q9UGM6
UniProt Accession,SYWM_HUMAN,Q9UGM6
HUGO Gene Nomenclature Committee (HGNC),HGNC:12008,P17752
GenAtlas,TPH1,P17752
GenBank Gene Database,X52836,P17752
GenBank Protein Database,37955,P17752
UniProtKB,P17752,P17752
UniProt Accession,TPH1_HUMAN,P17752
HUGO Gene Nomenclature Committee (HGNC),HGNC:20692,Q8IWU9
GenAtlas,TPH2,Q8IWU9
GenBank Gene Database,AY098914,Q8IWU9
GenBank Protein Database,27497159,Q8IWU9
UniProtKB,Q8IWU9,Q8IWU9
UniProt Accession,TPH2_HUMAN,Q8IWU9
HUGO Gene Nomenclature Committee (HGNC),HGNC:12729,P23381
GenAtlas,WARS,P23381
GenBank Gene Database,M77804,P23381
GenBank Protein Database,184657,P23381
UniProtKB,P23381,P23381
UniProt Accession,SYWC_HUMAN,P23381
HUGO Gene Nomenclature Committee (HGNC),HGNC:6059,P14902
GenAtlas,INDO,P14902
GenBank Gene Database,M34455,P14902
GenBank Protein Database,306956,P14902
Guide to Pharmacology,2829,P14902
UniProtKB,P14902,P14902
UniProt Accession,I23O1_HUMAN,P14902
HUGO Gene Nomenclature Committee (HGNC),HGNC:2644,P13584
UniProtKB,P13584,P13584
UniProt Accession,CP4B1_HUMAN,P13584
HUGO Gene Nomenclature Committee (HGNC),HGNC:20580,Q6VVX0
GenAtlas,CYP2R1,Q6VVX0
GenBank Gene Database,AY323817,Q6VVX0
GenBank Protein Database,33591222,Q6VVX0
UniProtKB,Q6VVX0,Q6VVX0
UniProt Accession,CP2R1_HUMAN,Q6VVX0
HUGO Gene Nomenclature Committee (HGNC),HGNC:553,Q06278
GenBank Gene Database,L11005,Q06278
GenBank Protein Database,438656,Q06278
UniProtKB,Q06278,Q06278
UniProt Accession,AOXA_HUMAN,Q06278
HUGO Gene Nomenclature Committee (HGNC),HGNC:255,P28332
GenBank Gene Database,AK092768,P28332
GenBank Protein Database,193787401,P28332
UniProtKB,P28332,P28332
UniProt Accession,ADH6_HUMAN,P28332
HUGO Gene Nomenclature Committee (HGNC),HGNC:380,P14550
GenBank Gene Database,J04794,P14550
GenBank Protein Database,178481,P14550
UniProtKB,P14550,P14550
UniProt Accession,AK1A1_HUMAN,P14550
HUGO Gene Nomenclature Committee (HGNC),HGNC:249,P07327
GenAtlas,ADH1A,P07327
GenBank Gene Database,M12271,P07327
GenBank Protein Database,178092,P07327
UniProtKB,P07327,P07327
UniProt Accession,ADH1A_HUMAN,P07327
HUGO Gene Nomenclature Committee (HGNC),HGNC:250,P00325
GenAtlas,ADH1B,P00325
GenBank Gene Database,M24317,P00325
GenBank Protein Database,178098,P00325
UniProtKB,P00325,P00325
UniProt Accession,ADH1B_HUMAN,P00325
HUGO Gene Nomenclature Committee (HGNC),HGNC:252,P08319
GenAtlas,ADH4,P08319
GenBank Gene Database,M15943,P08319
GenBank Protein Database,178121,P08319
UniProtKB,P08319,P08319
UniProt Accession,ADH4_HUMAN,P08319
HUGO Gene Nomenclature Committee (HGNC),HGNC:253,P11766
GenAtlas,ADH5,P11766
GenBank Gene Database,M30471,P11766
GenBank Protein Database,178134,P11766
UniProtKB,P11766,P11766
UniProt Accession,ADHX_HUMAN,P11766
HUGO Gene Nomenclature Committee (HGNC),HGNC:256,P40394
GenAtlas,ADH7,P40394
GenBank Gene Database,L33179,P40394
GenBank Protein Database,516618,P40394
UniProtKB,P40394,P40394
UniProt Accession,ADH7_HUMAN,P40394
HUGO Gene Nomenclature Committee (HGNC),HGNC:4248,Q92820
GenAtlas,GGH,Q92820
GenBank Gene Database,U55206,Q92820
GenBank Protein Database,2951931,Q92820
UniProtKB,Q92820,Q92820
UniProt Accession,GGH_HUMAN,Q92820
HUGO Gene Nomenclature Committee (HGNC),HGNC:2861,P00374
GenAtlas,DHFR,P00374
GenBank Gene Database,J00140,P00374
GenBank Protein Database,182724,P00374
Guide to Pharmacology,2603,P00374
UniProtKB,P00374,P00374
UniProt Accession,DYR_HUMAN,P00374
HUGO Gene Nomenclature Committee (HGNC),HGNC:12651,P26640
GenAtlas,VARS,P26640
GenBank Gene Database,X59303,P26640
GenBank Protein Database,31545,P26640
UniProtKB,P26640,P26640
UniProt Accession,SYVC_HUMAN,P26640
HUGO Gene Nomenclature Committee (HGNC),HGNC:8654,P05166
GenAtlas,PCCB,P05166
GenBank Gene Database,X73424,P05166
GenBank Protein Database,312812,P05166
UniProtKB,P05166,P05166
UniProt Accession,PCCB_HUMAN,P05166
HUGO Gene Nomenclature Committee (HGNC),HGNC:976,P54687
GenAtlas,BCAT1,P54687
GenBank Gene Database,U21551,P54687
GenBank Protein Database,1036780,P54687
UniProtKB,P54687,P54687
UniProt Accession,BCAT1_HUMAN,P54687
HUGO Gene Nomenclature Committee (HGNC),HGNC:2595,P04798
GenBank Gene Database,K03191,P04798
GenBank Protein Database,181276,P04798
Guide to Pharmacology,1318,P04798
UniProtKB,P04798,P04798
UniProt Accession,CP1A1_HUMAN,P04798
HUGO Gene Nomenclature Committee (HGNC),HGNC:2603,O43174
GenAtlas,CYP26A1,O43174
GenBank Gene Database,AF005418,O43174
Guide to Pharmacology,1366,O43174
UniProtKB,O43174,O43174
UniProt Accession,CP26A_HUMAN,O43174
HUGO Gene Nomenclature Committee (HGNC),HGNC:4638,P09211
GenAtlas,GSTP1,P09211
GenBank Gene Database,M24485,P09211
GenBank Protein Database,31946,P09211
UniProtKB,P09211,P09211
UniProt Accession,GSTP1_HUMAN,P09211
HUGO Gene Nomenclature Committee (HGNC),HGNC:13312,P78417
GenAtlas,GSTO1,P78417
GenBank Gene Database,U90313,P78417
GenBank Protein Database,2393722,P78417
UniProtKB,P78417,P78417
UniProt Accession,GSTO1_HUMAN,P78417
HUGO Gene Nomenclature Committee (HGNC),HGNC:4635,P21266
GenAtlas,GSTM3,P21266
GenBank Gene Database,J05459,P21266
GenBank Protein Database,306820,P21266
UniProtKB,P21266,P21266
UniProt Accession,GSTM3_HUMAN,P21266
HUGO Gene Nomenclature Committee (HGNC),HGNC:4311,P48506
GenAtlas,GCLC,P48506
GenBank Gene Database,M90656,P48506
GenBank Protein Database,183039,P48506
UniProtKB,P48506,P48506
UniProt Accession,GSH1_HUMAN,P48506
HUGO Gene Nomenclature Committee (HGNC),HGNC:2874,P15559
GenAtlas,NQO1,P15559
GenBank Gene Database,J03934,P15559
GenBank Protein Database,189246,P15559
UniProtKB,P15559,P15559
UniProt Accession,NQO1_HUMAN,P15559
HUGO Gene Nomenclature Committee (HGNC),HGNC:5013,P09601
GenAtlas,HMOX1,P09601
GenBank Gene Database,X06985,P09601
GenBank Protein Database,35173,P09601
Guide to Pharmacology,1441,P09601
UniProtKB,P09601,P09601
UniProt Accession,HMOX1_HUMAN,P09601
HUGO Gene Nomenclature Committee (HGNC),HGNC:11179,P00441
GenAtlas,SOD1,P00441
GenBank Gene Database,L44139,P00441
UniProtKB,P00441,P00441
UniProt Accession,SODC_HUMAN,P00441
HUGO Gene Nomenclature Committee (HGNC),HGNC:9208,P16435
GenAtlas,POR,P16435
GenBank Gene Database,S90469,P16435
GenBank Protein Database,247307,P16435
UniProtKB,P16435,P16435
UniProt Accession,NCPR_HUMAN,P16435
HUGO Gene Nomenclature Committee (HGNC),HGNC:2634,P51589
GenBank Gene Database,U37143,P51589
GenBank Protein Database,18254513,P51589
Guide to Pharmacology,1332,P51589
UniProtKB,P51589,P51589
UniProt Accession,CP2J2_HUMAN,P51589
HUGO Gene Nomenclature Committee (HGNC),HGNC:2590,P05108
GenBank Gene Database,M14565,P05108
GenBank Protein Database,181376,P05108
UniProtKB,P05108,P05108
UniProt Accession,CP11A_HUMAN,P05108
HUGO Gene Nomenclature Committee (HGNC),HGNC:2615,P20813
GenBank Gene Database,M29874,P20813
GenBank Protein Database,181296,P20813
Guide to Pharmacology,1324,P20813
UniProtKB,P20813,P20813
UniProt Accession,CP2B6_HUMAN,P20813
HUGO Gene Nomenclature Committee (HGNC),HGNC:2610,P11509
GenAtlas,CYP2A6,P11509
GenBank Gene Database,X13897,P11509
Guide to Pharmacology,1321,P11509
UniProtKB,P11509,P11509
UniProt Accession,CP2A6_HUMAN,P11509
HUGO Gene Nomenclature Committee (HGNC),HGNC:257,P55263
GenBank Gene Database,U50196,P55263
GenBank Protein Database,1224125,P55263
Guide to Pharmacology,1231,P55263
UniProtKB,P55263,P55263
UniProt Accession,ADK_HUMAN,P55263
HUGO Gene Nomenclature Committee (HGNC),HGNC:9453,O43272
GenAtlas,PRODH,O43272
GenBank Gene Database,U82381,O43272
GenBank Protein Database,2677802,O43272
UniProtKB,O43272,O43272
UniProt Accession,PROD_HUMAN,O43272
HUGO Gene Nomenclature Committee (HGNC),HGNC:12530,P22309
GenBank Gene Database,M57899,P22309
GenBank Protein Database,184473,P22309
UniProtKB,P22309,P22309
UniProt Accession,UD11_HUMAN,P22309
HUGO Gene Nomenclature Committee (HGNC),HGNC:2608,Q16696
GenBank Gene Database,AF209774,Q16696
GenBank Protein Database,11494143,Q16696
UniProtKB,Q16696,Q16696
UniProt Accession,CP2AD_HUMAN,Q16696
HUGO Gene Nomenclature Committee (HGNC),HGNC:6834,P27338
GenAtlas,MAOB,P27338
GenBank Gene Database,S62734,P27338
GenBank Protein Database,398415,P27338
Guide to Pharmacology,2490,P27338
UniProtKB,P27338,P27338
UniProt Accession,AOFB_HUMAN,P27338
HUGO Gene Nomenclature Committee (HGNC),HGNC:3769,Q01740
GenBank Gene Database,M64082,Q01740
GenBank Protein Database,182671,Q01740
UniProtKB,Q01740,Q01740
UniProt Accession,FMO1_HUMAN,Q01740
HUGO Gene Nomenclature Committee (HGNC),HGNC:12546,P54855
UniProtKB,P54855,P54855
UniProt Accession,UDB15_HUMAN,P54855
HUGO Gene Nomenclature Committee (HGNC),HGNC:186,P00813
GenAtlas,ADA,P00813
GenBank Gene Database,X02994,P00813
GenBank Protein Database,28380,P00813
Guide to Pharmacology,1230,P00813
UniProtKB,P00813,P00813
UniProt Accession,ADA_HUMAN,P00813
HUGO Gene Nomenclature Committee (HGNC),HGNC:12535,P35503
GenBank Gene Database,M84127,P35503
GenBank Protein Database,340135,P35503
UniProtKB,P35503,P35503
UniProt Accession,UD13_HUMAN,P35503
HUGO Gene Nomenclature Committee (HGNC),HGNC:12536,P22310
GenBank Gene Database,M57951,P22310
GenBank Protein Database,184475,P22310
UniProtKB,P22310,P22310
UniProt Accession,UD14_HUMAN,P22310
HUGO Gene Nomenclature Committee (HGNC),HGNC:12538,P19224
UniProtKB,P19224,P19224
UniProt Accession,UD16_HUMAN,P19224
HUGO Gene Nomenclature Committee (HGNC),HGNC:12539,Q9HAW7
UniProtKB,Q9HAW7,Q9HAW7
UniProt Accession,UD17_HUMAN,Q9HAW7
HUGO Gene Nomenclature Committee (HGNC),HGNC:12540,Q9HAW9
GenBank Gene Database,AF030310,Q9HAW9
GenBank Protein Database,2613044,Q9HAW9
UniProtKB,Q9HAW9,Q9HAW9
UniProt Accession,UD18_HUMAN,Q9HAW9
HUGO Gene Nomenclature Committee (HGNC),HGNC:12541,O60656
GenBank Gene Database,S55985,O60656
GenBank Protein Database,7690346,O60656
UniProtKB,O60656,O60656
UniProt Accession,UD19_HUMAN,O60656
HUGO Gene Nomenclature Committee (HGNC),HGNC:12531,Q9HAW8
GenBank Gene Database,U89508,Q9HAW8
GenBank Protein Database,2039362,Q9HAW8
UniProtKB,Q9HAW8,Q9HAW8
UniProt Accession,UD110_HUMAN,Q9HAW8
HUGO Gene Nomenclature Committee (HGNC),HGNC:12554,P16662
GenBank Gene Database,J05428,P16662
GenBank Protein Database,340080,P16662
UniProtKB,P16662,P16662
UniProt Accession,UD2B7_HUMAN,P16662
HUGO Gene Nomenclature Committee (HGNC),HGNC:9206,Q15166
GenBank Gene Database,AF320003,Q15166
GenBank Protein Database,12751374,Q15166
UniProtKB,Q15166,Q15166
UniProt Accession,PON3_HUMAN,Q15166
HUGO Gene Nomenclature Committee (HGNC),HGNC:2704,P27707
GenAtlas,DCK,P27707
GenBank Gene Database,M60527,P27707
UniProtKB,P27707,P27707
UniProt Accession,DCK_HUMAN,P27707
HUGO Gene Nomenclature Committee (HGNC),HGNC:7645,P18440
GenBank Gene Database,D90041,P18440
GenBank Protein Database,219414,P18440
UniProtKB,P18440,P18440
UniProt Accession,ARY1_HUMAN,P18440
HUGO Gene Nomenclature Committee (HGNC),HGNC:3771,P31513
GenBank Gene Database,M83772,P31513
GenBank Protein Database,188631,P31513
UniProtKB,P31513,P31513
UniProt Accession,FMO3_HUMAN,P31513
HUGO Gene Nomenclature Committee (HGNC),HGNC:7646,P11245
GenBank Gene Database,D90040,P11245
GenBank Protein Database,219412,P11245
UniProtKB,P11245,P11245
UniProt Accession,ARY2_HUMAN,P11245
HUGO Gene Nomenclature Committee (HGNC),HGNC:2591,P15538
GenAtlas,CYP11B1,P15538
GenBank Gene Database,M32879,P15538
GenBank Protein Database,181333,P15538
Guide to Pharmacology,1359,P15538
UniProtKB,P15538,P15538
UniProt Accession,C11B1_HUMAN,P15538
HUGO Gene Nomenclature Committee (HGNC),HGNC:2228,P21964
GenAtlas,COMT,P21964
GenBank Gene Database,M65212,P21964
GenBank Protein Database,180920,P21964
Guide to Pharmacology,2472,P21964
UniProtKB,P21964,P21964
UniProt Accession,COMT_HUMAN,P21964
UniProtKB,P05178,P05178
UniProt Accession,CP2C6_RAT,P05178
UniProtKB,P08683,P08683
UniProt Accession,CP2CB_RAT,P08683
HUGO Gene Nomenclature Committee (HGNC),HGNC:1059,Q13867
UniProtKB,Q13867,Q13867
UniProt Accession,BLMH_HUMAN,Q13867
HUGO Gene Nomenclature Committee (HGNC),HGNC:2592,P19099
GenBank Gene Database,X54741,P19099
GenBank Protein Database,35200,P19099
Guide to Pharmacology,1360,P19099
UniProtKB,P19099,P19099
UniProt Accession,C11B2_HUMAN,P19099
HUGO Gene Nomenclature Committee (HGNC),HGNC:12553,P06133
GenBank Gene Database,Y00317,P06133
GenBank Protein Database,37589,P06133
UniProtKB,P06133,P06133
UniProt Accession,UD2B4_HUMAN,P06133
HUGO Gene Nomenclature Committee (HGNC),HGNC:362,P54819
UniProtKB,P54819,P54819
UniProt Accession,KAD2_HUMAN,P54819
HUGO Gene Nomenclature Committee (HGNC),HGNC:363,P27144
UniProtKB,P27144,P27144
UniProt Accession,KAD4_HUMAN,P27144
HUGO Gene Nomenclature Committee (HGNC),HGNC:11453,P50225
GenAtlas,SULT1A1,P50225
GenBank Gene Database,L10819,P50225
GenBank Protein Database,179042,P50225
UniProtKB,P50225,P50225
UniProt Accession,ST1A1_HUMAN,P50225
HUGO Gene Nomenclature Committee (HGNC),HGNC:11455,P0DMM9
UniProtKB,P0DMM9,P0DMM9
UniProt Accession,ST1A3_HUMAN,P0DMM9
HUGO Gene Nomenclature Committee (HGNC),HGNC:3148,P19971
GenAtlas,ECGF1,P19971
GenBank Gene Database,M63193,P19971
GenBank Protein Database,189701,P19971
UniProtKB,P19971,P19971
UniProt Accession,TYPH_HUMAN,P19971
HUGO Gene Nomenclature Committee (HGNC),HGNC:1863,P23141
GenAtlas,CES1,P23141
GenBank Gene Database,M73499,P23141
Guide to Pharmacology,2592,P23141
UniProtKB,P23141,P23141
UniProt Accession,EST1_HUMAN,P23141
HUGO Gene Nomenclature Committee (HGNC),HGNC:5157,P00492
GenAtlas,HPRT1,P00492
GenBank Gene Database,M31642,P00492
GenBank Protein Database,306885,P00492
UniProtKB,P00492,P00492
UniProt Accession,HPRT_HUMAN,P00492
HUGO Gene Nomenclature Committee (HGNC),HGNC:108,P22303
GenAtlas,ACHE,P22303
GenBank Gene Database,M55040,P22303
GenBank Protein Database,177975,P22303
Guide to Pharmacology,2465,P22303
UniProtKB,P22303,P22303
UniProt Accession,ACES_HUMAN,P22303
GenBank Gene Database,M29873,Q14097
GenBank Protein Database,181294,Q14097
UniProtKB,Q14097,Q14097
UniProt Accession,Q14097_HUMAN,Q14097
HUGO Gene Nomenclature Committee (HGNC),HGNC:2593,P05093
GenAtlas,CYP17A1,P05093
GenBank Gene Database,M14564,P05093
GenBank Protein Database,181342,P05093
Guide to Pharmacology,1361,P05093
UniProtKB,P05093,P05093
UniProt Accession,CP17A_HUMAN,P05093
HUGO Gene Nomenclature Committee (HGNC),HGNC:1548,P16152
GenAtlas,CBR1,P16152
GenBank Gene Database,J04056,P16152
Guide to Pharmacology,1383,P16152
UniProtKB,P16152,P16152
UniProt Accession,CBR1_HUMAN,P16152
UniProtKB,Q6LAP9,Q6LAP9
UniProt Accession,Q6LAP9_HUMAN,Q6LAP9
HUGO Gene Nomenclature Committee (HGNC),HGNC:11830,P04183
GenAtlas,TK1,P04183
GenBank Gene Database,K02581,P04183
GenBank Protein Database,339709,P04183
UniProtKB,P04183,P04183
UniProt Accession,KITH_HUMAN,P04183
HUGO Gene Nomenclature Committee (HGNC),HGNC:404,P05091
GenAtlas,ALDH2,P05091
GenBank Gene Database,X05409,P05091
GenBank Protein Database,28606,P05091
Guide to Pharmacology,2595,P05091
UniProtKB,P05091,P05091
UniProt Accession,ALDH2_HUMAN,P05091
HUGO Gene Nomenclature Committee (HGNC),HGNC:12014,P51580
GenAtlas,TPMT,P51580
GenBank Gene Database,S62904,P51580
GenBank Protein Database,386420,P51580
UniProtKB,P51580,P51580
UniProt Accession,TPMT_HUMAN,P51580
HUGO Gene Nomenclature Committee (HGNC),HGNC:1712,P32320
GenAtlas,CDA,P32320
GenBank Gene Database,L27943,P32320
UniProtKB,P32320,P32320
UniProt Accession,CDD_HUMAN,P32320
GenBank Gene Database,X07848,P00484
GenBank Protein Database,47025,P00484
UniProtKB,P00484,P00484
UniProt Accession,CAT3_ECOLX,P00484
GenBank Gene Database,AF036933,P26841
GenBank Protein Database,4104539,P26841
UniProtKB,P26841,P26841
UniProt Accession,CAT4_PSEAE,P26841
GenBank Gene Database,U09991,Q56148
GenBank Protein Database,498888,Q56148
UniProtKB,Q56148,Q56148
UniProt Accession,CPT_STRVP,Q56148
HUGO Gene Nomenclature Committee (HGNC),HGNC:477,P04746
GenAtlas,AMY2A,P04746
GenBank Gene Database,M18785,P04746
UniProtKB,P04746,P04746
UniProt Accession,AMYP_HUMAN,P04746
HUGO Gene Nomenclature Committee (HGNC),HGNC:17450,Q9HB55
GenBank Gene Database,AF319634,Q9HB55
GenBank Protein Database,12642642,Q9HB55
UniProtKB,Q9HB55,Q9HB55
UniProt Accession,CP343_HUMAN,Q9HB55
GenBank Gene Database,Y09702,P94692
UniProtKB,P94692,P94692
UniProt Accession,POR_DESAF,P94692
UniProtKB,P9WJI5,P9WJI5
UniProt Accession,NAT_MYCTU,P9WJI5
HUGO Gene Nomenclature Committee (HGNC),HGNC:4641,P30711
GenAtlas,GSTT1,P30711
GenBank Gene Database,X79389,P30711
GenBank Protein Database,510905,P30711
UniProtKB,P30711,P30711
UniProt Accession,GSTT1_HUMAN,P30711
HUGO Gene Nomenclature Committee (HGNC),HGNC:7393,P04731
UniProtKB,P04731,P04731
UniProt Accession,MT1A_HUMAN,P04731
HUGO Gene Nomenclature Committee (HGNC),HGNC:7406,P02795
UniProtKB,P02795,P02795
UniProt Accession,MT2_HUMAN,P02795
HUGO Gene Nomenclature Committee (HGNC),HGNC:4632,P09488
GenAtlas,GSTM1,P09488
GenBank Gene Database,X08020,P09488
GenBank Protein Database,31924,P09488
UniProtKB,P09488,P09488
UniProt Accession,GSTM1_HUMAN,P09488
HUGO Gene Nomenclature Committee (HGNC),HGNC:3012,Q12882
GenAtlas,DPYD,Q12882
GenBank Gene Database,U09178,Q12882
GenBank Protein Database,558305,Q12882
UniProtKB,Q12882,Q12882
UniProt Accession,DPYD_HUMAN,Q12882
HUGO Gene Nomenclature Committee (HGNC),HGNC:12576,Q16831
GenAtlas,UPP1,Q16831
GenBank Gene Database,X90858,Q16831
UniProtKB,Q16831,Q16831
UniProt Accession,UPP1_HUMAN,Q16831
HUGO Gene Nomenclature Committee (HGNC),HGNC:23061,O95045
GenAtlas,UPP2,O95045
GenBank Gene Database,AY225131,O95045
UniProtKB,O95045,O95045
UniProt Accession,UPP2_HUMAN,O95045
HUGO Gene Nomenclature Committee (HGNC),HGNC:12441,P04818
GenAtlas,TYMS,P04818
GenBank Gene Database,X02308,P04818
GenBank Protein Database,37479,P04818
Guide to Pharmacology,2642,P04818
UniProtKB,P04818,P04818
UniProt Accession,TYSY_HUMAN,P04818
HUGO Gene Nomenclature Committee (HGNC),HGNC:12563,P11172
UniProtKB,P11172,P11172
UniProt Accession,UMPS_HUMAN,P11172
HUGO Gene Nomenclature Committee (HGNC),HGNC:9238,Q06203
GenAtlas,PPAT,Q06203
GenBank Gene Database,D13757,Q06203
GenBank Protein Database,219459,Q06203
UniProtKB,Q06203,Q06203
UniProt Accession,PUR1_HUMAN,Q06203
HUGO Gene Nomenclature Committee (HGNC),HGNC:2689,P09172
GenAtlas,DBH,P09172
GenBank Gene Database,X13255,P09172
GenBank Protein Database,30474,P09172
Guide to Pharmacology,2486,P09172
UniProtKB,P09172,P09172
UniProt Accession,DOPO_HUMAN,P09172
HUGO Gene Nomenclature Committee (HGNC),HGNC:8891,P52209
GenBank Gene Database,U30255,P52209
GenBank Protein Database,984325,P52209
UniProtKB,P52209,P52209
UniProt Accession,6PGD_HUMAN,P52209
HUGO Gene Nomenclature Committee (HGNC),HGNC:3824,Q05932
GenAtlas,FPGS,Q05932
GenBank Gene Database,M98045,Q05932
GenBank Protein Database,292029,Q05932
UniProtKB,Q05932,Q05932
UniProt Accession,FOLC_HUMAN,Q05932
HUGO Gene Nomenclature Committee (HGNC),HGNC:794,P31939
GenAtlas,ATIC,P31939
GenBank Gene Database,U37436,P31939
GenBank Protein Database,1263196,P31939
UniProtKB,P31939,P31939
UniProt Accession,PUR9_HUMAN,P31939
HUGO Gene Nomenclature Committee (HGNC),HGNC:4693,Q16774
GenAtlas,GUK1,Q16774
GenBank Gene Database,L76200,Q16774
GenBank Protein Database,1196436,Q16774
UniProtKB,Q16774,Q16774
UniProt Accession,KGUA_HUMAN,Q16774
GenBank Gene Database,J02224,P06478
GenBank Protein Database,330210,P06478
UniProtKB,P06478,P06478
UniProt Accession,KITH_HHV1C,P06478
HUGO Gene Nomenclature Committee (HGNC),HGNC:80,P19801
GenAtlas,ABP1,P19801
GenBank Gene Database,M55602,P19801
GenBank Protein Database,177960,P19801
UniProtKB,P19801,P19801
UniProt Accession,AOC1_HUMAN,P19801
UniProtKB,Q9TRC7,Q9TRC7
UniProt Accession,AOC1_PIG,Q9TRC7
HUGO Gene Nomenclature Committee (HGNC),HGNC:5218,P26439
GenAtlas,HSD3B2,P26439
GenBank Gene Database,M67466,P26439
GenBank Protein Database,184401,P26439
UniProtKB,P26439,P26439
UniProt Accession,3BHS2_HUMAN,P26439
HUGO Gene Nomenclature Committee (HGNC),HGNC:11003,Q99808
GenAtlas,SLC29A1,Q99808
GenBank Gene Database,U81375,Q99808
GenBank Protein Database,1845345,Q99808
Guide to Pharmacology,1117,Q99808
UniProtKB,Q99808,Q99808
UniProt Accession,S29A1_HUMAN,Q99808
HUGO Gene Nomenclature Committee (HGNC),HGNC:12547,O75795
GenBank Gene Database,U59209,O75795
GenBank Protein Database,3287473,O75795
UniProtKB,O75795,O75795
UniProt Accession,UDB17_HUMAN,O75795
UniProtKB,P9WQG9,P9WQG9
UniProt Accession,AAC2_MYCTU,P9WQG9
HUGO Gene Nomenclature Committee (HGNC),HGNC:1864,O00748
UniProtKB,O00748,O00748
UniProt Accession,EST2_HUMAN,O00748
HUGO Gene Nomenclature Committee (HGNC),HGNC:18170,P30085
GenAtlas,CMPK,P30085
GenBank Gene Database,AF070416,P30085
GenBank Protein Database,6578133,P30085
UniProtKB,P30085,P30085
UniProt Accession,KCY_HUMAN,P30085
HUGO Gene Nomenclature Committee (HGNC),HGNC:8896,P00558
UniProtKB,P00558,P00558
UniProt Accession,PGK1_HUMAN,P00558
HUGO Gene Nomenclature Committee (HGNC),HGNC:7849,P15531
GenAtlas,NME1,P15531
GenBank Gene Database,X75598,P15531
UniProtKB,P15531,P15531
UniProt Accession,NDKA_HUMAN,P15531
HUGO Gene Nomenclature Committee (HGNC),HGNC:7850,P22392
GenAtlas,NME2,P22392
GenBank Gene Database,X58965,P22392
UniProtKB,P22392,P22392
UniProt Accession,NDKB_HUMAN,P22392
HUGO Gene Nomenclature Committee (HGNC),HGNC:8754,P49585
GenAtlas,PCYT1A,P49585
GenBank Gene Database,L28957,P49585
GenBank Protein Database,575486,P49585
UniProtKB,P49585,P49585
UniProt Accession,PCY1A_HUMAN,P49585
HUGO Gene Nomenclature Committee (HGNC),HGNC:8756,Q99447
UniProtKB,Q99447,Q99447
UniProt Accession,PCY2_HUMAN,Q99447
HUGO Gene Nomenclature Committee (HGNC),HGNC:17144,Q8TCD5
UniProtKB,Q8TCD5,Q8TCD5
UniProt Accession,NT5C_HUMAN,Q8TCD5
GenBank Gene Database,AF007800,O08355
UniProtKB,O08355,O08355
UniProt Accession,O08355_PSEFL,O08355
HUGO Gene Nomenclature Committee (HGNC),HGNC:7455,P03886
GenAtlas,MT-ND1,P03886
GenBank Gene Database,V00662,P03886
GenBank Protein Database,13004,P03886
UniProtKB,P03886,P03886
UniProt Accession,NU1M_HUMAN,P03886
GenBank Gene Database,U37105,P14489
GenBank Protein Database,1019897,P14489
UniProtKB,P14489,P14489
UniProt Accession,BLO10_PSEAI,P14489
HUGO Gene Nomenclature Committee (HGNC),HGNC:3553,O00519
GenAtlas,FAAH,O00519
GenBank Gene Database,U82535,O00519
GenBank Protein Database,2149156,O00519
Guide to Pharmacology,1400,O00519
UniProtKB,O00519,O00519
UniProt Accession,FAAH1_HUMAN,O00519
HUGO Gene Nomenclature Committee (HGNC),HGNC:9204,P27169
GenAtlas,PON1,P27169
GenBank Gene Database,M63012,P27169
GenBank Protein Database,190192,P27169
UniProtKB,P27169,P27169
UniProt Accession,PON1_HUMAN,P27169
HUGO Gene Nomenclature Committee (HGNC),HGNC:5028,P50135
GenAtlas,HNMT,P50135
GenBank Gene Database,D16224,P50135
UniProtKB,P50135,P50135
UniProt Accession,HNMT_HUMAN,P50135
HUGO Gene Nomenclature Committee (HGNC),HGNC:251,P00326
GenAtlas,ADH1C,P00326
GenBank Gene Database,X04299,P00326
GenBank Protein Database,28404,P00326
UniProtKB,P00326,P00326
UniProt Accession,ADH1G_HUMAN,P00326
HUGO Gene Nomenclature Committee (HGNC),HGNC:8021,P21589
GenAtlas,NT5E,P21589
GenBank Gene Database,X55740,P21589
GenBank Protein Database,23897,P21589
Guide to Pharmacology,1232,P21589
UniProtKB,P21589,P21589
UniProt Accession,5NTD_HUMAN,P21589
HUGO Gene Nomenclature Committee (HGNC),HGNC:2710,P32321
UniProtKB,P32321,P32321
UniProt Accession,DCTD_HUMAN,P32321
HUGO Gene Nomenclature Committee (HGNC),HGNC:1549,O75828
UniProtKB,O75828,O75828
UniProt Accession,CBR3_HUMAN,O75828
HUGO Gene Nomenclature Committee (HGNC),HGNC:386,P42330
GenAtlas,AKR1C3,P42330
GenBank Gene Database,S68288,P42330
GenBank Protein Database,4261711,P42330
Guide to Pharmacology,1382,P42330
UniProtKB,P42330,P42330
UniProt Accession,AK1C3_HUMAN,P42330
HUGO Gene Nomenclature Committee (HGNC),HGNC:7872,P29475
GenAtlas,NOS1,P29475
GenBank Gene Database,U17327,P29475
GenBank Protein Database,642526,P29475
Guide to Pharmacology,1251,P29475
UniProtKB,P29475,P29475
UniProt Accession,NOS1_HUMAN,P29475
HUGO Gene Nomenclature Committee (HGNC),HGNC:7873,P35228
GenAtlas,NOS2A,P35228
GenBank Gene Database,L09210,P35228
GenBank Protein Database,292242,P35228
Guide to Pharmacology,1250,P35228
UniProtKB,P35228,P35228
UniProt Accession,NOS2_HUMAN,P35228
HUGO Gene Nomenclature Committee (HGNC),HGNC:7876,P29474
GenAtlas,NOS3,P29474
GenBank Gene Database,M93718,P29474
GenBank Protein Database,189212,P29474
Guide to Pharmacology,1249,P29474
UniProtKB,P29474,P29474
UniProt Accession,NOS3_HUMAN,P29474
HUGO Gene Nomenclature Committee (HGNC),HGNC:7708,O75306
GenAtlas,NDUFS2,O75306
GenBank Gene Database,AF013160,O75306
GenBank Protein Database,3540239,O75306
UniProtKB,O75306,O75306
UniProt Accession,NDUS2_HUMAN,O75306
HUGO Gene Nomenclature Committee (HGNC),HGNC:7710,O75489
GenAtlas,NDUFS3,O75489
GenBank Gene Database,AF067139,O75489
GenBank Protein Database,3337441,O75489
UniProtKB,O75489,O75489
UniProt Accession,NDUS3_HUMAN,O75489
HUGO Gene Nomenclature Committee (HGNC),HGNC:7714,O75251
GenAtlas,NDUFS7,O75251
GenBank Gene Database,AC005329,O75251
GenBank Protein Database,3342734,O75251
UniProtKB,O75251,O75251
UniProt Accession,NDUS7_HUMAN,O75251
HUGO Gene Nomenclature Committee (HGNC),HGNC:7063,Q99735
GenAtlas,MGST2,Q99735
GenBank Gene Database,U77604,Q99735
GenBank Protein Database,1747521,Q99735
UniProtKB,Q99735,Q99735
UniProt Accession,MGST2_HUMAN,Q99735
GenBank Gene Database,AB032601,Q9FAW5
GenBank Protein Database,10281002,Q9FAW5
UniProtKB,Q9FAW5,Q9FAW5
UniProt Accession,AZRB_BACOY,Q9FAW5
HUGO Gene Nomenclature Committee (HGNC),HGNC:2649,Q16850
GenAtlas,CYP51A1,Q16850
GenBank Gene Database,U23942,Q16850
GenBank Protein Database,1698396,Q16850
Guide to Pharmacology,1374,Q16850
UniProtKB,Q16850,Q16850
UniProt Accession,CP51A_HUMAN,Q16850
HUGO Gene Nomenclature Committee (HGNC),HGNC:18857,Q9HCS2
UniProtKB,Q9HCS2,Q9HCS2
UniProt Accession,CP4FC_HUMAN,Q9HCS2
HUGO Gene Nomenclature Committee (HGNC),HGNC:2645,P78329
Guide to Pharmacology,1344,P78329
UniProtKB,P78329,P78329
UniProt Accession,CP4F2_HUMAN,P78329
HUGO Gene Nomenclature Committee (HGNC),HGNC:451,D6RB81
UniProtKB,D6RB81,D6RB81
UniProt Accession,D6RB81_HUMAN,D6RB81
HUGO Gene Nomenclature Committee (HGNC),HGNC:750,P46597
GenBank Gene Database,U11090,P46597
GenBank Protein Database,607840,P46597
UniProtKB,P46597,P46597
UniProt Accession,ASMT_HUMAN,P46597
HUGO Gene Nomenclature Committee (HGNC),HGNC:5164,Q9Y251
GenAtlas,HPSE,Q9Y251
GenBank Gene Database,AF152376,Q9Y251
GenBank Protein Database,5616197,Q9Y251
UniProtKB,Q9Y251,Q9Y251
UniProt Accession,HPSE_HUMAN,Q9Y251
HUGO Gene Nomenclature Committee (HGNC),HGNC:713,P15289
GenAtlas,ARSA,P15289
GenBank Gene Database,X52151,P15289
UniProtKB,P15289,P15289
UniProt Accession,ARSA_HUMAN,P15289
HUGO Gene Nomenclature Committee (HGNC),HGNC:438,P05186
GenBank Gene Database,X14174,P05186
GenBank Protein Database,28738,P05186
UniProtKB,P05186,P05186
UniProt Accession,PPBT_HUMAN,P05186
GenBank Gene Database,X03408,P05057
GenBank Protein Database,46496,P05057
UniProtKB,P05057,P05057
UniProt Accession,KANU_STAAU,P05057
GenBank Gene Database,V00359,P00551
GenBank Protein Database,43026,P00551
UniProtKB,P00551,P00551
UniProt Accession,KKA1_ECOLX,P00551
HUGO Gene Nomenclature Committee (HGNC),HGNC:2858,Q16854
GenBank Gene Database,U41668,Q16854
GenBank Protein Database,1477482,Q16854
UniProtKB,Q16854,Q16854
UniProt Accession,DGUOK_HUMAN,Q16854
GenBank Gene Database,V00093,P00808
GenBank Protein Database,39575,P00808
UniProtKB,P00808,P00808
UniProt Accession,BLAC_BACLI,P00808
HUGO Gene Nomenclature Committee (HGNC),HGNC:11284,P18405
GenAtlas,SRD5A1,P18405
GenBank Gene Database,M32313,P18405
GenBank Protein Database,177767,P18405
UniProtKB,P18405,P18405
UniProt Accession,S5A1_HUMAN,P18405
HUGO Gene Nomenclature Committee (HGNC),HGNC:1368,P00915
GenAtlas,CA1,P00915
GenBank Gene Database,X05014,P00915
GenBank Protein Database,29600,P00915
Guide to Pharmacology,2597,P00915
UniProtKB,P00915,P00915
UniProt Accession,CAH1_HUMAN,P00915
UniProtKB,P00185,P00185
UniProt Accession,CP1A1_RAT,P00185
UniProtKB,P04800,P04800
UniProt Accession,CP3A1_RAT,P04800
UniProtKB,P05183,P05183
UniProt Accession,CP3A2_RAT,P05183
HUGO Gene Nomenclature Committee (HGNC),HGNC:4922,P19367
GenAtlas,HK1,P19367
GenBank Gene Database,M75126,P19367
GenBank Protein Database,184021,P19367
UniProtKB,P19367,P19367
UniProt Accession,HXK1_HUMAN,P19367
HUGO Gene Nomenclature Committee (HGNC),HGNC:4195,P35557
GenAtlas,GCK,P35557
GenBank Gene Database,M88011,P35557
GenBank Protein Database,179427,P35557
Guide to Pharmacology,2798,P35557
UniProtKB,P35557,P35557
UniProt Accession,HXK4_HUMAN,P35557
HUGO Gene Nomenclature Committee (HGNC),HGNC:932,Q14032
GenAtlas,BAAT,Q14032
GenBank Gene Database,L34081,Q14032
GenBank Protein Database,532505,Q14032
UniProtKB,Q14032,Q14032
UniProt Accession,BAAT_HUMAN,Q14032
HUGO Gene Nomenclature Committee (HGNC),HGNC:30260,Q9NVS9
GenAtlas,PNPO,Q9NVS9
GenBank Gene Database,AF468030,Q9NVS9
GenBank Protein Database,21728336,Q9NVS9
UniProtKB,Q9NVS9,Q9NVS9
UniProt Accession,PNPO_HUMAN,Q9NVS9
UniProtKB,A7BK78,A7BK78
UniProt Accession,A7BK78_RHIML,A7BK78
HUGO Gene Nomenclature Committee (HGNC),HGNC:10970,Q4U2R8
GenAtlas,hROAT1,Q4U2R8
GenBank Gene Database,AF057039,Q4U2R8
GenBank Protein Database,3831566,Q4U2R8
Guide to Pharmacology,1025,Q4U2R8
UniProtKB,Q4U2R8,Q4U2R8
UniProt Accession,S22A6_HUMAN,Q4U2R8
HUGO Gene Nomenclature Committee (HGNC),HGNC:10972,Q8TCC7
GenBank Gene Database,AF097491,Q8TCC7
GenBank Protein Database,4378059,Q8TCC7
Guide to Pharmacology,1027,Q8TCC7
UniProtKB,Q8TCC7,Q8TCC7
UniProt Accession,S22A8_HUMAN,Q8TCC7
HUGO Gene Nomenclature Committee (HGNC),HGNC:10961,Q9NPD5
GenBank Gene Database,AJ251506,Q9NPD5
GenBank Protein Database,9187497,Q9NPD5
Guide to Pharmacology,1221,Q9NPD5
UniProtKB,Q9NPD5,Q9NPD5
UniProt Accession,SO1B3_HUMAN,Q9NPD5
HUGO Gene Nomenclature Committee (HGNC),HGNC:40,P08183
GenAtlas,ABCB1,P08183
GenBank Gene Database,M14758,P08183
GenBank Protein Database,307180,P08183
UniProtKB,P08183,P08183
UniProt Accession,MDR1_HUMAN,P08183
HUGO Gene Nomenclature Committee (HGNC),HGNC:11458,Q06520
GenAtlas,SULT2A1,Q06520
GenBank Gene Database,L20000,Q06520
GenBank Protein Database,306702,Q06520
UniProtKB,Q06520,Q06520
UniProt Accession,ST2A1_HUMAN,Q06520
HUGO Gene Nomenclature Committee (HGNC),HGNC:12544,P36537
UniProtKB,P36537,P36537
UniProt Accession,UDB10_HUMAN,P36537
HUGO Gene Nomenclature Committee (HGNC),HGNC:4684,P33402
GenBank Gene Database,X63282,P33402
GenBank Protein Database,31671,P33402
UniProtKB,P33402,P33402
UniProt Accession,GCYA2_HUMAN,P33402
HUGO Gene Nomenclature Committee (HGNC),HGNC:3002,P16444
GenAtlas,DPEP1,P16444
GenBank Gene Database,D13137,P16444
GenBank Protein Database,219600,P16444
UniProtKB,P16444,P16444
UniProt Accession,DPEP1_HUMAN,P16444
UniProtKB,C6KT68,C6KT68
UniProt Accession,FENR_PLAF7,C6KT68
HUGO Gene Nomenclature Committee (HGNC),HGNC:3009,P27487
GenAtlas,DPP4,P27487
GenBank Gene Database,U13735,P27487
GenBank Protein Database,535388,P27487
Guide to Pharmacology,1612,P27487
UniProtKB,P27487,P27487
UniProt Accession,DPP4_HUMAN,P27487
HUGO Gene Nomenclature Committee (HGNC),HGNC:7154,P08473
GenAtlas,MME,P08473
GenBank Gene Database,X07166,P08473
GenBank Protein Database,34758,P08473
Guide to Pharmacology,1611,P08473
UniProtKB,P08473,P08473
UniProt Accession,NEP_HUMAN,P08473
HUGO Gene Nomenclature Committee (HGNC),HGNC:7856,P16083
GenAtlas,NQO2,P16083
GenBank Gene Database,J02888,P16083
GenBank Protein Database,190818,P16083
UniProtKB,P16083,P16083
UniProt Accession,NQO2_HUMAN,P16083
HUGO Gene Nomenclature Committee (HGNC),HGNC:11425,P08842
GenAtlas,STS,P08842
GenBank Gene Database,J04964,P08842
GenBank Protein Database,338565,P08842
UniProtKB,P08842,P08842
UniProt Accession,STS_HUMAN,P08842
HUGO Gene Nomenclature Committee (HGNC),HGNC:13815,Q9HAY6
UniProtKB,Q9HAY6,Q9HAY6
UniProt Accession,BCDO1_HUMAN,Q9HAY6
HUGO Gene Nomenclature Committee (HGNC),HGNC:117,P21399
UniProtKB,P21399,P21399
UniProt Accession,ACOC_HUMAN,P21399
HUGO Gene Nomenclature Committee (HGNC),HGNC:7632,P54802
GenAtlas,NAGLU,P54802
GenBank Gene Database,U43572,P54802
GenBank Protein Database,1171229,P54802
UniProtKB,P54802,P54802
UniProt Accession,ANAG_HUMAN,P54802
HUGO Gene Nomenclature Committee (HGNC),HGNC:500,P15144
GenAtlas,ANPEP,P15144
GenBank Gene Database,X13276,P15144
GenBank Protein Database,28678,P15144
Guide to Pharmacology,1560,P15144
UniProtKB,P15144,P15144
UniProt Accession,AMPN_HUMAN,P15144
HUGO Gene Nomenclature Committee (HGNC),HGNC:8905,P36871
UniProtKB,P36871,P36871
UniProt Accession,PGM1_HUMAN,P36871
HUGO Gene Nomenclature Committee (HGNC),HGNC:8582,P00439
GenAtlas,PAH,P00439
GenBank Gene Database,K03020,P00439
GenBank Protein Database,189937,P00439
Guide to Pharmacology,1240,P00439
UniProtKB,P00439,P00439
UniProt Accession,PH4H_HUMAN,P00439
HUGO Gene Nomenclature Committee (HGNC),HGNC:6664,P28300
UniProtKB,P28300,P28300
UniProt Accession,LYOX_HUMAN,P28300
HUGO Gene Nomenclature Committee (HGNC),HGNC:7419,P00395
GenAtlas,MT-CO1,P00395
GenBank Gene Database,V00662,P00395
GenBank Protein Database,13006,P00395
UniProtKB,P00395,P00395
UniProt Accession,COX1_HUMAN,P00395
HUGO Gene Nomenclature Committee (HGNC),HGNC:12442,P14679
GenAtlas,TYR,P14679
GenBank Gene Database,M27160,P14679
GenBank Protein Database,340037,P14679
UniProtKB,P14679,P14679
UniProt Accession,TYRO_HUMAN,P14679
HUGO Gene Nomenclature Committee (HGNC),HGNC:11180,P04179
UniProtKB,P04179,P04179
UniProt Accession,SODM_HUMAN,P04179
HUGO Gene Nomenclature Committee (HGNC),HGNC:220,O75173
Guide to Pharmacology,1677,O75173
UniProtKB,O75173,O75173
UniProt Accession,ATS4_HUMAN,O75173
UniProtKB,P11711,P11711
UniProt Accession,CP2A1_RAT,P11711
UniProtKB,P15149,P15149
UniProt Accession,CP2A2_RAT,P15149
UniProtKB,P00176,P00176
UniProt Accession,CP2B1_RAT,P00176
UniProtKB,P04167,P04167
UniProt Accession,CP2B2_RAT,P04167
UniProtKB,P12790,P12790
UniProt Accession,CP2B9_MOUSE,P12790
HUGO Gene Nomenclature Committee (HGNC),HGNC:11240,Q9NYA1
Guide to Pharmacology,2204,Q9NYA1
UniProtKB,Q9NYA1,Q9NYA1
UniProt Accession,SPHK1_HUMAN,Q9NYA1
HUGO Gene Nomenclature Committee (HGNC),HGNC:9155,P16233
GenAtlas,PNLIP,P16233
GenBank Gene Database,J05125,P16233
GenBank Protein Database,339597,P16233
Guide to Pharmacology,2590,P16233
UniProtKB,P16233,P16233
UniProt Accession,LIPP_HUMAN,P16233
HUGO Gene Nomenclature Committee (HGNC),HGNC:9251,P10619
Guide to Pharmacology,1581,P10619
UniProtKB,P10619,P10619
UniProt Accession,PPGB_HUMAN,P10619
HUGO Gene Nomenclature Committee (HGNC),HGNC:4912,P49773
GenAtlas,HINT1,P49773
GenBank Gene Database,U27143,P49773
GenBank Protein Database,862933,P49773
UniProtKB,P49773,P49773
UniProt Accession,HINT1_HUMAN,P49773
HUGO Gene Nomenclature Committee (HGNC),HGNC:830,P06576
GenBank Gene Database,X03559,P06576
GenBank Protein Database,28940,P06576
UniProtKB,P06576,P06576
UniProt Accession,ATPB_HUMAN,P06576
HUGO Gene Nomenclature Committee (HGNC),HGNC:16940,Q96PD7
UniProtKB,Q96PD7,Q96PD7
UniProt Accession,DGAT2_HUMAN,Q96PD7
HUGO Gene Nomenclature Committee (HGNC),HGNC:9067,Q13393
GenAtlas,PLD1,Q13393
GenBank Gene Database,U38545,Q13393
GenBank Protein Database,1185463,Q13393
Guide to Pharmacology,1433,Q13393
UniProtKB,Q13393,Q13393
UniProt Accession,PLD1_HUMAN,Q13393
HUGO Gene Nomenclature Committee (HGNC),HGNC:4122,P34059
GenAtlas,GALNS,P34059
GenBank Gene Database,D17629,P34059
GenBank Protein Database,870751,P34059
UniProtKB,P34059,P34059
UniProt Accession,GALNS_HUMAN,P34059
HUGO Gene Nomenclature Committee (HGNC),HGNC:93,P24752
GenAtlas,ACAT1,P24752
GenBank Gene Database,D90228,P24752
GenBank Protein Database,219918,P24752
UniProtKB,P24752,P24752
UniProt Accession,THIL_HUMAN,P24752
UniProtKB,F1T0I5,F1T0I5
UniProt Accession,F1T0I5_HUMAN,F1T0I5
HUGO Gene Nomenclature Committee (HGNC),HGNC:1516,P04040
GenAtlas,CAT,P04040
GenBank Gene Database,X04085,P04040
GenBank Protein Database,1228085,P04040
UniProtKB,P04040,P04040
UniProt Accession,CATA_HUMAN,P04040
HUGO Gene Nomenclature Committee (HGNC),HGNC:1165,F5GY58
UniProtKB,F5GY58,F5GY58
UniProt Accession,F5GY58_HUMAN,F5GY58
HUGO Gene Nomenclature Committee (HGNC),HGNC:4623,P00390
GenAtlas,GSR,P00390
GenBank Gene Database,X15722,P00390
GenBank Protein Database,31825,P00390
UniProtKB,P00390,P00390
UniProt Accession,GSHR_HUMAN,P00390
HUGO Gene Nomenclature Committee (HGNC),HGNC:4553,P07203
GenAtlas,GPX1,P07203
GenBank Gene Database,Y00433,P07203
GenBank Protein Database,577777,P07203
UniProtKB,P07203,P07203
UniProt Accession,GPX1_HUMAN,P07203
HUGO Gene Nomenclature Committee (HGNC),HGNC:5006,P04035
GenAtlas,HMGCR,P04035
GenBank Gene Database,M11058,P04035
GenBank Protein Database,306865,P04035
Guide to Pharmacology,639,P04035
UniProtKB,P04035,P04035
UniProt Accession,HMDH_HUMAN,P04035
HUGO Gene Nomenclature Committee (HGNC),HGNC:435,P09917
GenAtlas,ALOX5,P09917
GenBank Gene Database,J03600,P09917
GenBank Protein Database,187193,P09917
Guide to Pharmacology,1385,P09917
UniProtKB,P09917,P09917
UniProt Accession,LOX5_HUMAN,P09917
HUGO Gene Nomenclature Committee (HGNC),HGNC:433,P16050
GenAtlas,ALOX15,P16050
GenBank Gene Database,M23892,P16050
GenBank Protein Database,307135,P16050
Guide to Pharmacology,1388,P16050
UniProtKB,P16050,P16050
UniProt Accession,LOX15_HUMAN,P16050
HUGO Gene Nomenclature Committee (HGNC),HGNC:736,Q02083
Guide to Pharmacology,1402,Q02083
UniProtKB,Q02083,Q02083
UniProt Accession,NAAA_HUMAN,Q02083
HUGO Gene Nomenclature Committee (HGNC),HGNC:2419,Q08257
GenAtlas,CRYZ,Q08257
GenBank Gene Database,L13278,Q08257
GenBank Protein Database,292415,Q08257
UniProtKB,Q08257,Q08257
UniProt Accession,QOR_HUMAN,Q08257
HUGO Gene Nomenclature Committee (HGNC),HGNC:21683,Q6IQ20
UniProtKB,Q6IQ20,Q6IQ20
UniProt Accession,NAPEP_HUMAN,Q6IQ20
HUGO Gene Nomenclature Committee (HGNC),HGNC:9030,P04054
GenBank Gene Database,M21054,P04054
GenBank Protein Database,190013,P04054
Guide to Pharmacology,1416,P04054
UniProtKB,P04054,P04054
UniProt Accession,PA21B_HUMAN,P04054
HUGO Gene Nomenclature Committee (HGNC),HGNC:11120,P17405
GenAtlas,SMPD1,P17405
GenBank Gene Database,M59916,P17405
GenBank Protein Database,179095,P17405
UniProtKB,P17405,P17405
UniProt Accession,ASM_HUMAN,P17405
HUGO Gene Nomenclature Committee (HGNC),HGNC:5217,P14060
GenAtlas,HSD3B1,P14060
GenBank Gene Database,M27137,P14060
GenBank Protein Database,306889,P14060
UniProtKB,P14060,P14060
UniProt Accession,3BHS1_HUMAN,P14060
HUGO Gene Nomenclature Committee (HGNC),HGNC:408,P51649
GenAtlas,ALDH5A1,P51649
GenBank Gene Database,Y11192,P51649
GenBank Protein Database,3766467,P51649
Guide to Pharmacology,2466,P51649
UniProtKB,P51649,P51649
UniProt Accession,SSDH_HUMAN,P51649
HUGO Gene Nomenclature Committee (HGNC),HGNC:16354,Q8IWW8
UniProtKB,Q8IWW8,Q8IWW8
UniProt Accession,HOT_HUMAN,Q8IWW8
HUGO Gene Nomenclature Committee (HGNC),HGNC:8596,P19021
GenAtlas,PAM,P19021
GenBank Gene Database,M37721,P19021
GenBank Protein Database,189595,P19021
UniProtKB,P19021,P19021
UniProt Accession,AMD_HUMAN,P19021
HUGO Gene Nomenclature Committee (HGNC),HGNC:483,P03950
GenAtlas,ANG,P03950
GenBank Gene Database,M11567,P03950
GenBank Protein Database,178250,P03950
UniProtKB,P03950,P03950
UniProt Accession,ANGI_HUMAN,P03950
HUGO Gene Nomenclature Committee (HGNC),HGNC:9449,P04156
GenAtlas,PRNP,P04156
GenBank Gene Database,M13899,P04156
GenBank Protein Database,190468,P04156
UniProtKB,P04156,P04156
UniProt Accession,PRIO_HUMAN,P04156
GenBank Gene Database,Y00129,P61889
GenBank Protein Database,41989,P61889
UniProtKB,P61889,P61889
UniProt Accession,MDH_ECOLI,P61889
HUGO Gene Nomenclature Committee (HGNC),HGNC:9352,Q06830
UniProtKB,Q06830,Q06830
UniProt Accession,PRDX1_HUMAN,Q06830
HUGO Gene Nomenclature Committee (HGNC),HGNC:9355,P30044
GenAtlas,PRDX5,P30044
GenBank Gene Database,AJ249483,P30044
GenBank Protein Database,6523289,P30044
UniProtKB,P30044,P30044
UniProt Accession,PRDX5_HUMAN,P30044
HUGO Gene Nomenclature Committee (HGNC),HGNC:8723,P05154
GenAtlas,SERPINA5,P05154
GenBank Gene Database,J02639,P05154
GenBank Protein Database,180550,P05154
UniProtKB,P05154,P05154
UniProt Accession,IPSP_HUMAN,P05154
GenBank Gene Database,CP000468,A0A0H2Z368
GenBank Protein Database,115511420,A0A0H2Z368
UniProtKB,A0A0H2Z368,A0A0H2Z368
UniProt Accession,A0A0H2Z368_ECOK1,A0A0H2Z368
HUGO Gene Nomenclature Committee (HGNC),HGNC:8784,O76074
GenAtlas,PDE5A,O76074
GenBank Gene Database,AF043731,O76074
GenBank Protein Database,3420185,O76074
Guide to Pharmacology,1304,O76074
UniProtKB,O76074,O76074
UniProt Accession,PDE5A_HUMAN,O76074
HUGO Gene Nomenclature Committee (HGNC),HGNC:11377,P49888
GenAtlas,SULT1E1,P49888
GenBank Gene Database,U08098,P49888
GenBank Protein Database,488283,P49888
UniProtKB,P49888,P49888
UniProt Accession,ST1E1_HUMAN,P49888
HUGO Gene Nomenclature Committee (HGNC),HGNC:4696,P08236
GenAtlas,GUSB,P08236
GenBank Gene Database,M15182,P08236
GenBank Protein Database,183233,P08236
UniProtKB,P08236,P08236
UniProt Accession,BGLR_HUMAN,P08236
HUGO Gene Nomenclature Committee (HGNC),HGNC:4879,P07686
GenAtlas,HEXB,P07686
GenBank Gene Database,M13519,P07686
GenBank Protein Database,179462,P07686
UniProtKB,P07686,P07686
UniProt Accession,HEXB_HUMAN,P07686
HUGO Gene Nomenclature Committee (HGNC),HGNC:5389,P22304
UniProtKB,P22304,P22304
UniProt Accession,IDS_HUMAN,P22304
HUGO Gene Nomenclature Committee (HGNC),HGNC:5391,P35475
UniProtKB,P35475,P35475
UniProt Accession,IDUA_HUMAN,P35475
HUGO Gene Nomenclature Committee (HGNC),HGNC:714,P15848
UniProtKB,P15848,P15848
UniProt Accession,ARSB_HUMAN,P15848
HUGO Gene Nomenclature Committee (HGNC),HGNC:20001,Q8NBP7
Guide to Pharmacology,2388,Q8NBP7
UniProtKB,Q8NBP7,Q8NBP7
UniProt Accession,PCSK9_HUMAN,Q8NBP7
HUGO Gene Nomenclature Committee (HGNC),HGNC:441,P10696
GenAtlas,ALPPL2,P10696
GenBank Gene Database,J03252,P10696
GenBank Protein Database,178428,P10696
UniProtKB,P10696,P10696
UniProt Accession,PPBN_HUMAN,P10696
HUGO Gene Nomenclature Committee (HGNC),HGNC:4552,P24298
GenAtlas,GPT,P24298
GenBank Gene Database,U70732,P24298
GenBank Protein Database,1763096,P24298
UniProtKB,P24298,P24298
UniProt Accession,ALAT1_HUMAN,P24298
HUGO Gene Nomenclature Committee (HGNC),HGNC:17996,Q8N159
GenAtlas,NAGS,Q8N159
GenBank Gene Database,AY116537,Q8N159
GenBank Protein Database,22651769,Q8N159
UniProtKB,Q8N159,Q8N159
UniProt Accession,NAGS_HUMAN,Q8N159
HUGO Gene Nomenclature Committee (HGNC),HGNC:3574,O60427
GenAtlas,DKFZp762M2311,O60427
GenBank Gene Database,AC004770,O60427
GenBank Protein Database,3169158,O60427
UniProtKB,O60427,O60427
UniProt Accession,FADS1_HUMAN,O60427
HUGO Gene Nomenclature Committee (HGNC),HGNC:14415,Q9GZR5
GenAtlas,ELOVL4,Q9GZR5
GenBank Gene Database,AF279654,Q9GZR5
GenBank Protein Database,12044051,Q9GZR5
UniProtKB,Q9GZR5,Q9GZR5
UniProt Accession,ELOV4_HUMAN,Q9GZR5
HUGO Gene Nomenclature Committee (HGNC),HGNC:82,P09110
UniProtKB,P09110,P09110
UniProt Accession,THIK_HUMAN,P09110
HUGO Gene Nomenclature Committee (HGNC),HGNC:23663,Q9BQB6
GenAtlas,VKORC1,Q9BQB6
GenBank Gene Database,AY423044,Q9BQB6
GenBank Protein Database,40217983,Q9BQB6
Guide to Pharmacology,2645,Q9BQB6
UniProtKB,Q9BQB6,Q9BQB6
UniProt Accession,VKOR1_HUMAN,Q9BQB6
HUGO Gene Nomenclature Committee (HGNC),HGNC:6166,P19827
UniProtKB,P19827,P19827
UniProt Accession,ITIH1_HUMAN,P19827
HUGO Gene Nomenclature Committee (HGNC),HGNC:8724,P35558
GenAtlas,PCK1,P35558
GenBank Gene Database,L05144,P35558
GenBank Protein Database,189945,P35558
UniProtKB,P35558,P35558
UniProt Accession,PCKGC_HUMAN,P35558
GenBank Gene Database,M15643,P00512
GenBank Protein Database,143312,P00512
UniProtKB,P00512,P00512
UniProt Accession,PFKA_GEOSE,P00512
HUGO Gene Nomenclature Committee (HGNC),HGNC:5382,O75874
GenAtlas,IDH1,O75874
GenBank Gene Database,AF020038,O75874
GenBank Protein Database,3641398,O75874
UniProtKB,O75874,O75874
UniProt Accession,IDHC_HUMAN,O75874
HUGO Gene Nomenclature Committee (HGNC),HGNC:15814,Q9NR19
GenAtlas,ACSS2,Q9NR19
GenBank Gene Database,AF263614,Q9NR19
GenBank Protein Database,8439651,Q9NR19
UniProtKB,Q9NR19,Q9NR19
UniProt Accession,ACSA_HUMAN,Q9NR19
UniProtKB,P19111,P19111
UniProt Accession,PPBI_BOVIN,P19111
GenBank Gene Database,Z34979,P0AAI5
GenBank Protein Database,572680,P0AAI5
UniProtKB,P0AAI5,P0AAI5
UniProt Accession,FABF_ECOLI,P0AAI5
HUGO Gene Nomenclature Committee (HGNC),HGNC:921,Q9P2W7
GenAtlas,B3GAT1,Q9P2W7
GenBank Gene Database,AB029396,Q9P2W7
GenBank Protein Database,8051678,Q9P2W7
UniProtKB,Q9P2W7,Q9P2W7
UniProt Accession,B3GA1_HUMAN,Q9P2W7
HUGO Gene Nomenclature Committee (HGNC),HGNC:17113,Q9NWT6
GenAtlas,HIF1AN,Q9NWT6
GenBank Gene Database,AF395830,Q9NWT6
UniProtKB,Q9NWT6,Q9NWT6
UniProt Accession,HIF1N_HUMAN,Q9NWT6
HUGO Gene Nomenclature Committee (HGNC),HGNC:402,P00352
GenAtlas,ALDH1A1,P00352
GenBank Gene Database,M31994,P00352
GenBank Protein Database,178372,P00352
UniProtKB,P00352,P00352
UniProt Accession,AL1A1_HUMAN,P00352
HUGO Gene Nomenclature Committee (HGNC),HGNC:12388,Q16762
UniProtKB,Q16762,Q16762
UniProt Accession,THTR_HUMAN,Q16762
HUGO Gene Nomenclature Committee (HGNC),HGNC:11177,P35610
GenAtlas,SOAT1,P35610
GenBank Gene Database,L21934,P35610
GenBank Protein Database,4878022,P35610
UniProtKB,P35610,P35610
UniProt Accession,SOAT1_HUMAN,P35610
UniProtKB,P10938,P10938
UniProt Accession,PNMT_BOVIN,P10938
GenBank Gene Database,U68759,P71278
UniProtKB,P71278,P71278
UniProt Accession,P71278_ENTCL,P71278
HUGO Gene Nomenclature Committee (HGNC),HGNC:2296,P15085
GenBank Gene Database,X67318,P15085
GenBank Protein Database,35330,P15085
Guide to Pharmacology,1587,P15085
UniProtKB,P15085,P15085
UniProt Accession,CBPA1_HUMAN,P15085
HUGO Gene Nomenclature Committee (HGNC),HGNC:2323,P31327
UniProtKB,P31327,P31327
UniProt Accession,CPSM_HUMAN,P31327
HUGO Gene Nomenclature Committee (HGNC),HGNC:12437,Q16881
GenAtlas,TXNRD1,Q16881
GenBank Gene Database,X91247,Q16881
GenBank Protein Database,1237038,Q16881
UniProtKB,Q16881,Q16881
UniProt Accession,TRXR1_HUMAN,Q16881
HUGO Gene Nomenclature Committee (HGNC),HGNC:18161,Q96I15
UniProtKB,Q96I15,Q96I15
UniProt Accession,SCLY_HUMAN,Q96I15
HUGO Gene Nomenclature Committee (HGNC),HGNC:6740,P61626
UniProtKB,P61626,P61626
UniProt Accession,LYSC_HUMAN,P61626
HUGO Gene Nomenclature Committee (HGNC),HGNC:7468,Q99707
GenAtlas,MTR,Q99707
GenBank Gene Database,U71285,Q99707
GenBank Protein Database,1923221,Q99707
UniProtKB,Q99707,Q99707
UniProt Accession,METH_HUMAN,Q99707
HUGO Gene Nomenclature Committee (HGNC),HGNC:3528,P00742
GenAtlas,F10,P00742
GenBank Gene Database,K03194,P00742
GenBank Protein Database,182841,P00742
Guide to Pharmacology,2359,P00742
UniProtKB,P00742,P00742
UniProt Accession,FA10_HUMAN,P00742
HUGO Gene Nomenclature Committee (HGNC),HGNC:21308,Q9NYP7
UniProtKB,Q9NYP7,Q9NYP7
UniProt Accession,ELOV5_HUMAN,Q9NYP7
HUGO Gene Nomenclature Committee (HGNC),HGNC:3575,O95864
GenAtlas,FADS2,O95864
GenBank Gene Database,AF126799,O95864
GenBank Protein Database,4406528,O95864
UniProtKB,O95864,O95864
UniProt Accession,FADS2_HUMAN,O95864
GenBank Gene Database,X04121,P00807
GenBank Protein Database,581568,P00807
UniProtKB,P00807,P00807
UniProt Accession,BLAC_STAAU,P00807
UniProtKB,P9WP15,P9WP15
UniProt Accession,DDN_MYCTU,P9WP15
HUGO Gene Nomenclature Committee (HGNC),HGNC:18062,Q8TD30
GenAtlas,GPT2,Q8TD30
GenBank Gene Database,AY029173,Q8TD30
GenBank Protein Database,19046894,Q8TD30
UniProtKB,Q8TD30,Q8TD30
UniProt Accession,ALAT2_HUMAN,Q8TD30
GenAtlas,GIG18,Q2TU84
GenBank Gene Database,AY513279,Q2TU84
GenBank Protein Database,46981967,Q2TU84
UniProtKB,Q2TU84,Q2TU84
UniProt Accession,Q2TU84_HUMAN,Q2TU84
HUGO Gene Nomenclature Committee (HGNC),HGNC:9213,P09086
UniProtKB,P09086,P09086
UniProt Accession,PO2F2_HUMAN,P09086
HUGO Gene Nomenclature Committee (HGNC),HGNC:25588,Q96FL8
GenBank Gene Database,AK001709,Q96FL8
GenBank Protein Database,7023138,Q96FL8
Guide to Pharmacology,1216,Q96FL8
UniProtKB,Q96FL8,Q96FL8
UniProt Accession,S47A1_HUMAN,Q96FL8
HUGO Gene Nomenclature Committee (HGNC),HGNC:9475,P07477
GenAtlas,PRSS1,P07477
GenBank Gene Database,M22612,P07477
GenBank Protein Database,521216,P07477
Guide to Pharmacology,2397,P07477
UniProtKB,P07477,P07477
UniProt Accession,TRY1_HUMAN,P07477
HUGO Gene Nomenclature Committee (HGNC),HGNC:1247,P09871
GenAtlas,C1S,P09871
GenBank Gene Database,X06596,P09871
GenBank Protein Database,763110,P09871
Guide to Pharmacology,2335,P09871
UniProtKB,P09871,P09871
UniProt Accession,C1S_HUMAN,P09871
HUGO Gene Nomenclature Committee (HGNC),HGNC:1246,P00736
GenAtlas,C1R,P00736
GenBank Gene Database,X04701,P00736
GenBank Protein Database,29539,P00736
Guide to Pharmacology,2334,P00736
UniProtKB,P00736,P00736
UniProt Accession,C1R_HUMAN,P00736
HUGO Gene Nomenclature Committee (HGNC),HGNC:1366,Q76LX8
UniProtKB,Q76LX8,Q76LX8
UniProt Accession,ATS13_HUMAN,Q76LX8
UniProtKB,Q93L51,Q93L51
UniProt Accession,Q93L51_BACT4,Q93L51
HUGO Gene Nomenclature Committee (HGNC),HGNC:3544,P08709
GenAtlas,F7,P08709
GenBank Gene Database,M13232,P08709
GenBank Protein Database,182801,P08709
Guide to Pharmacology,2363,P08709
UniProtKB,P08709,P08709
UniProt Accession,FA7_HUMAN,P08709
HUGO Gene Nomenclature Committee (HGNC),HGNC:3546,P00451
GenAtlas,F8,P00451
GenBank Gene Database,M14113,P00451
GenBank Protein Database,182818,P00451
UniProtKB,P00451,P00451
UniProt Accession,FA8_HUMAN,P00451
HUGO Gene Nomenclature Committee (HGNC),HGNC:3551,P00740
GenAtlas,F9,P00740
GenBank Gene Database,K02402,P00740
GenBank Protein Database,182609,P00740
Guide to Pharmacology,2364,P00740
UniProtKB,P00740,P00740
UniProt Accession,FA9_HUMAN,P00740
HUGO Gene Nomenclature Committee (HGNC),HGNC:3542,P12259
GenAtlas,F5,P12259
GenBank Gene Database,M16967,P12259
GenBank Protein Database,182412,P12259
UniProtKB,P12259,P12259
UniProt Accession,FA5_HUMAN,P12259
GenBank Gene Database,J02459,P03697
UniProtKB,P03697,P03697
UniProt Accession,EXO_LAMBD,P03697
HUGO Gene Nomenclature Committee (HGNC),HGNC:7715,O00217
GenAtlas,NDUFS8,O00217
GenBank Gene Database,U65579,O00217
GenBank Protein Database,1935056,O00217
UniProtKB,O00217,O00217
UniProt Accession,NDUS8_HUMAN,O00217
HUGO Gene Nomenclature Committee (HGNC),HGNC:10680,P31040
GenAtlas,SDHA,P31040
GenBank Gene Database,D30648,P31040
GenBank Protein Database,506338,P31040
UniProtKB,P31040,P31040
UniProt Accession,SDHA_HUMAN,P31040
HUGO Gene Nomenclature Committee (HGNC),HGNC:118,Q99798
UniProtKB,Q99798,Q99798
UniProt Accession,ACON_HUMAN,Q99798
HUGO Gene Nomenclature Committee (HGNC),HGNC:11460,P51687
GenAtlas,SUOX,P51687
GenBank Gene Database,L31573,P51687
UniProtKB,P51687,P51687
UniProt Accession,SUOX_HUMAN,P51687
HUGO Gene Nomenclature Committee (HGNC),HGNC:8546,P13674
GenAtlas,P4HA1,P13674
GenBank Gene Database,M24486,P13674
GenBank Protein Database,190786,P13674
UniProtKB,P13674,P13674
UniProt Accession,P4HA1_HUMAN,P13674
HUGO Gene Nomenclature Committee (HGNC),HGNC:10451,P23921
GenAtlas,RRM1,P23921
GenBank Gene Database,X59543,P23921
GenBank Protein Database,36065,P23921
Guide to Pharmacology,2630,P23921
UniProtKB,P23921,P23921
UniProt Accession,RIR1_HUMAN,P23921
HUGO Gene Nomenclature Committee (HGNC),HGNC:8646,P61457
UniProtKB,P61457,P61457
UniProt Accession,PHS_HUMAN,P61457
HUGO Gene Nomenclature Committee (HGNC),HGNC:18308,Q9NVH6
GenAtlas,TMLHE,Q9NVH6
GenBank Gene Database,AF373407,Q9NVH6
GenBank Protein Database,15553435,Q9NVH6
UniProtKB,Q9NVH6,Q9NVH6
UniProt Accession,TMLH_HUMAN,Q9NVH6
HUGO Gene Nomenclature Committee (HGNC),HGNC:2295,P00450
GenAtlas,CP,P00450
GenBank Gene Database,M13699,P00450
GenBank Protein Database,180256,P00450
UniProtKB,P00450,P00450
UniProt Accession,CERU_HUMAN,P00450
HUGO Gene Nomenclature Committee (HGNC),HGNC:4026,P54710
GenAtlas,FXYD2,P54710
GenBank Gene Database,U50743,P54710
GenBank Protein Database,1575004,P54710
UniProtKB,P54710,P54710
UniProt Accession,ATNG_HUMAN,P54710
GenBank Gene Database,L04480,Q26609
UniProtKB,Q26609,Q26609
UniProt Accession,HXK_SCHMA,Q26609
HUGO Gene Nomenclature Committee (HGNC),HGNC:1991,P12277
GenAtlas,CKB,P12277
GenBank Gene Database,M16451,P12277
GenBank Protein Database,180572,P12277
UniProtKB,P12277,P12277
UniProt Accession,KCRB_HUMAN,P12277
HUGO Gene Nomenclature Committee (HGNC),HGNC:76,P00519
GenAtlas,ABL1,P00519
GenBank Gene Database,X16416,P00519
GenBank Protein Database,28237,P00519
Guide to Pharmacology,1923,P00519
UniProtKB,P00519,P00519
UniProt Accession,ABL1_HUMAN,P00519
HUGO Gene Nomenclature Committee (HGNC),HGNC:837,P30049
GenAtlas,ATP5D,P30049
GenBank Gene Database,X63422,P30049
GenBank Protein Database,12586,P30049
UniProtKB,P30049,P30049
UniProt Accession,ATPD_HUMAN,P30049
HUGO Gene Nomenclature Committee (HGNC),HGNC:232,Q08828
GenAtlas,ADCY1,Q08828
GenBank Gene Database,AC069008,Q08828
GenBank Protein Database,41472630,Q08828
UniProtKB,Q08828,Q08828
UniProt Accession,ADCY1_HUMAN,Q08828
HUGO Gene Nomenclature Committee (HGNC),HGNC:8872,P16118
GenAtlas,PFKFB1,P16118
GenBank Gene Database,X52638,P16118
GenBank Protein Database,35503,P16118
UniProtKB,P16118,P16118
UniProt Accession,F261_HUMAN,P16118
HUGO Gene Nomenclature Committee (HGNC),HGNC:799,P05023
GenAtlas,ATP1A1,P05023
GenBank Gene Database,D00099,P05023
GenBank Protein Database,219942,P05023
UniProtKB,P05023,P05023
UniProt Accession,AT1A1_HUMAN,P05023
HUGO Gene Nomenclature Committee (HGNC),HGNC:9029,O15496
GenAtlas,PLA2G10,O15496
GenBank Gene Database,U95301,O15496
GenBank Protein Database,2289237,O15496
Guide to Pharmacology,1422,O15496
UniProtKB,O15496,O15496
UniProt Accession,PA2GX_HUMAN,O15496
HUGO Gene Nomenclature Committee (HGNC),HGNC:3356,P22413
GenAtlas,ENPP1,P22413
GenBank Gene Database,M57736,P22413
GenBank Protein Database,189650,P22413
UniProtKB,P22413,P22413
UniProt Accession,ENPP1_HUMAN,P22413
HUGO Gene Nomenclature Committee (HGNC),HGNC:6677,P06858
GenAtlas,LPL,P06858
GenBank Gene Database,M15856,P06858
GenBank Protein Database,307138,P06858
UniProtKB,P06858,P06858
UniProt Accession,LIPL_HUMAN,P06858
HUGO Gene Nomenclature Committee (HGNC),HGNC:474,P04745
GenAtlas,AMY1A,P04745
GenBank Gene Database,M18786,P04745
GenBank Protein Database,178585,P04745
UniProtKB,P04745,P04745
UniProt Accession,AMY1_HUMAN,P04745
GenBank Gene Database,L33777,P28720
GenBank Protein Database,498141,P28720
UniProtKB,P28720,P28720
UniProt Accession,TGT_ZYMMO,P28720
