resource,identifier,polypeptide_id
HUGO Gene Nomenclature Committee (HGNC),HGNC:40,P08183
GenAtlas,ABCB1,P08183
GenBank Gene Database,M14758,P08183
GenBank Protein Database,307180,P08183
UniProtKB,P08183,P08183
UniProt Accession,MDR1_HUMAN,P08183
HUGO Gene Nomenclature Committee (HGNC),HGNC:53,Q92887
GenAtlas,ABCC2,Q92887
GenBank Gene Database,U63970,Q92887
GenBank Protein Database,1764162,Q92887
Guide to Pharmacology,780,Q92887
UniProtKB,Q92887,Q92887
UniProt Accession,MRP2_HUMAN,Q92887
HUGO Gene Nomenclature Committee (HGNC),HGNC:54,O15438
GenAtlas,ABCC3,O15438
GenBank Gene Database,AB010887,O15438
GenBank Protein Database,3132270,O15438
UniProtKB,O15438,O15438
UniProt Accession,MRP3_HUMAN,O15438
HUGO Gene Nomenclature Committee (HGNC),HGNC:42,O95342
GenAtlas,ABCB11,O95342
GenBank Gene Database,AF091582,O95342
GenBank Protein Database,3873243,O95342
Guide to Pharmacology,778,O95342
UniProtKB,O95342,O95342
UniProt Accession,ABCBB_HUMAN,O95342
HUGO Gene Nomenclature Committee (HGNC),HGNC:10956,P46721
GenBank Gene Database,U21943,P46721
GenBank Protein Database,885978,P46721
UniProtKB,P46721,P46721
UniProt Accession,SO1A2_HUMAN,P46721
HUGO Gene Nomenclature Committee (HGNC),HGNC:10906,Q12908
GenBank Gene Database,U10417,Q12908
GenBank Protein Database,595399,Q12908
Guide to Pharmacology,960,Q12908
UniProtKB,Q12908,Q12908
UniProt Accession,NTCP2_HUMAN,Q12908
HUGO Gene Nomenclature Committee (HGNC),HGNC:10905,Q14973
GenBank Gene Database,L21893,Q14973
GenBank Protein Database,410214,Q14973
Guide to Pharmacology,959,Q14973
UniProtKB,Q14973,Q14973
UniProt Accession,NTCP_HUMAN,Q14973
HUGO Gene Nomenclature Committee (HGNC),HGNC:10970,Q4U2R8
GenAtlas,hROAT1,Q4U2R8
GenBank Gene Database,AF057039,Q4U2R8
GenBank Protein Database,3831566,Q4U2R8
Guide to Pharmacology,1025,Q4U2R8
UniProtKB,Q4U2R8,Q4U2R8
UniProt Accession,S22A6_HUMAN,Q4U2R8
HUGO Gene Nomenclature Committee (HGNC),HGNC:52,Q5T3U5
GenBank Gene Database,AY032599,Q5T3U5
GenBank Protein Database,21103955,Q5T3U5
UniProtKB,Q5T3U5,Q5T3U5
UniProt Accession,MRP7_HUMAN,Q5T3U5
HUGO Gene Nomenclature Committee (HGNC),HGNC:74,Q9UNQ0
GenAtlas,ABCG2,Q9UNQ0
GenBank Gene Database,AF103796,Q9UNQ0
GenBank Protein Database,4185796,Q9UNQ0
Guide to Pharmacology,792,Q9UNQ0
UniProtKB,Q9UNQ0,Q9UNQ0
UniProt Accession,ABCG2_HUMAN,Q9UNQ0
HUGO Gene Nomenclature Committee (HGNC),HGNC:10959,Q9Y6L6
GenAtlas,SLCO1B1,Q9Y6L6
GenBank Gene Database,AF060500,Q9Y6L6
GenBank Protein Database,5051630,Q9Y6L6
Guide to Pharmacology,1220,Q9Y6L6
UniProtKB,Q9Y6L6,Q9Y6L6
UniProt Accession,SO1B1_HUMAN,Q9Y6L6
HUGO Gene Nomenclature Committee (HGNC),HGNC:10961,Q9NPD5
GenBank Gene Database,AJ251506,Q9NPD5
GenBank Protein Database,9187497,Q9NPD5
Guide to Pharmacology,1221,Q9NPD5
UniProtKB,Q9NPD5,Q9NPD5
UniProt Accession,SO1B3_HUMAN,Q9NPD5
HUGO Gene Nomenclature Committee (HGNC),HGNC:14604,Q9BXJ7
GenAtlas,AMN,Q9BXJ7
GenBank Gene Database,AF328788,Q9BXJ7
GenBank Protein Database,13507259,Q9BXJ7
UniProtKB,Q9BXJ7,Q9BXJ7
UniProt Accession,AMNLS_HUMAN,Q9BXJ7
HUGO Gene Nomenclature Committee (HGNC),HGNC:11652,P20061
GenAtlas,TCN1,P20061
GenBank Gene Database,J05068,P20061
GenBank Protein Database,307479,P20061
UniProtKB,P20061,P20061
UniProt Accession,TCO1_HUMAN,P20061
HUGO Gene Nomenclature Committee (HGNC),HGNC:11653,P20062
GenAtlas,TCN2,P20062
GenBank Gene Database,M60396,P20062
GenBank Protein Database,339196,P20062
UniProtKB,P20062,P20062
UniProt Accession,TCO2_HUMAN,P20062
HUGO Gene Nomenclature Committee (HGNC),HGNC:4268,P27352
UniProtKB,P27352,P27352
UniProt Accession,IF_HUMAN,P27352
HUGO Gene Nomenclature Committee (HGNC),HGNC:2548,O60494
GenAtlas,CUBN,O60494
GenBank Gene Database,AF034611,O60494
GenBank Protein Database,3929529,O60494
UniProtKB,O60494,O60494
UniProt Accession,CUBN_HUMAN,O60494
HUGO Gene Nomenclature Committee (HGNC),HGNC:6694,P98164
GenAtlas,LRP2,P98164
GenBank Gene Database,U33837,P98164
GenBank Protein Database,1809240,P98164
UniProtKB,P98164,P98164
UniProt Accession,LRP2_HUMAN,P98164
HUGO Gene Nomenclature Committee (HGNC),HGNC:51,P33527
GenAtlas,ABCC1,P33527
GenBank Gene Database,L05628,P33527
GenBank Protein Database,1835659,P33527
Guide to Pharmacology,779,P33527
UniProtKB,P33527,P33527
UniProt Accession,MRP1_HUMAN,P33527
HUGO Gene Nomenclature Committee (HGNC),HGNC:17027,Q8TF71
GenBank Gene Database,AB057445,Q8TF71
GenBank Protein Database,18640047,Q8TF71
UniProtKB,Q8TF71,Q8TF71
UniProt Accession,MOT10_HUMAN,Q8TF71
HUGO Gene Nomenclature Committee (HGNC),HGNC:10928,O60669
GenAtlas,SLC16A7,O60669
GenBank Gene Database,AF058056,O60669
GenBank Protein Database,3047402,O60669
Guide to Pharmacology,990,O60669
UniProtKB,O60669,O60669
UniProt Accession,MOT2_HUMAN,O60669
HUGO Gene Nomenclature Committee (HGNC),HGNC:10922,P53985
GenAtlas,SLC16A1,P53985
GenBank Gene Database,L31801,P53985
GenBank Protein Database,561722,P53985
Guide to Pharmacology,988,P53985
UniProtKB,P53985,P53985
UniProt Accession,MOT1_HUMAN,P53985
HUGO Gene Nomenclature Committee (HGNC),HGNC:10955,Q92959
GenBank Gene Database,U70867,Q92959
GenBank Protein Database,1617590,Q92959
UniProtKB,Q92959,Q92959
UniProt Accession,SO2A1_HUMAN,Q92959
HUGO Gene Nomenclature Committee (HGNC),HGNC:10924,O15427
GenAtlas,SLC16A3,O15427
GenBank Gene Database,U81800,O15427
GenBank Protein Database,2463634,O15427
UniProtKB,O15427,O15427
UniProt Accession,MOT4_HUMAN,O15427
HUGO Gene Nomenclature Committee (HGNC),HGNC:10966,O15244
GenBank Gene Database,X98333,O15244
GenBank Protein Database,2281942,O15244
Guide to Pharmacology,1020,O15244
UniProtKB,O15244,O15244
UniProt Accession,S22A2_HUMAN,O15244
HUGO Gene Nomenclature Committee (HGNC),HGNC:10963,O15245
GenBank Gene Database,X98332,O15245
GenBank Protein Database,2511670,O15245
Guide to Pharmacology,1019,O15245
UniProtKB,O15245,O15245
UniProt Accession,S22A1_HUMAN,O15245
HUGO Gene Nomenclature Committee (HGNC),HGNC:10967,O75751
GenBank Gene Database,AJ001417,O75751
GenBank Protein Database,3581982,O75751
Guide to Pharmacology,1021,O75751
UniProtKB,O75751,O75751
UniProt Accession,S22A3_HUMAN,O75751
HUGO Gene Nomenclature Committee (HGNC),HGNC:10969,O76082
GenAtlas,SLC22A5,O76082
GenBank Gene Database,AF057164,O76082
GenBank Protein Database,3273741,O76082
UniProtKB,O76082,O76082
UniProt Accession,S22A5_HUMAN,O76082
HUGO Gene Nomenclature Committee (HGNC),HGNC:10968,Q9H015
GenAtlas,SLC22A4,Q9H015
GenBank Gene Database,AB007448,Q9H015
GenBank Protein Database,2605501,Q9H015
UniProtKB,Q9H015,Q9H015
UniProt Accession,S22A4_HUMAN,Q9H015
HUGO Gene Nomenclature Committee (HGNC),HGNC:18798,Q8WWI5
GenAtlas,SLC44A1,Q8WWI5
GenBank Gene Database,AJ245620,Q8WWI5
GenBank Protein Database,19571182,Q8WWI5
Guide to Pharmacology,1204,Q8WWI5
UniProtKB,Q8WWI5,Q8WWI5
UniProt Accession,CTL1_HUMAN,Q8WWI5
HUGO Gene Nomenclature Committee (HGNC),HGNC:13941,Q53GD3
GenAtlas,SLC44A4,Q53GD3
GenBank Gene Database,AK027397,Q53GD3
GenBank Protein Database,14042044,Q53GD3
UniProtKB,Q53GD3,Q53GD3
UniProt Accession,CTL4_HUMAN,Q53GD3
HUGO Gene Nomenclature Committee (HGNC),HGNC:17292,Q8IWA5
GenAtlas,SLC44A2,Q8IWA5
GenBank Gene Database,AJ245621,Q8IWA5
GenBank Protein Database,6996444,Q8IWA5
UniProtKB,Q8IWA5,Q8IWA5
UniProt Accession,CTL2_HUMAN,Q8IWA5
HUGO Gene Nomenclature Committee (HGNC),HGNC:28689,Q8N4M1
GenAtlas,SLC44A3,Q8N4M1
GenBank Gene Database,AC093429,Q8N4M1
UniProtKB,Q8N4M1,Q8N4M1
UniProt Accession,CTL3_HUMAN,Q8N4M1
HUGO Gene Nomenclature Committee (HGNC),HGNC:14025,Q9GZV3
GenAtlas,SLC5A7,Q9GZV3
GenBank Gene Database,AF276871,Q9GZV3
GenBank Protein Database,10998442,Q9GZV3
Guide to Pharmacology,914,Q9GZV3
UniProtKB,Q9GZV3,Q9GZV3
UniProt Accession,SC5A7_HUMAN,Q9GZV3
HUGO Gene Nomenclature Committee (HGNC),HGNC:10974,Q9UHI7
GenAtlas,SLC23A1,Q9UHI7
GenBank Gene Database,AF058317,Q9UHI7
GenBank Protein Database,3789785,Q9UHI7
Guide to Pharmacology,1041,Q9UHI7
UniProtKB,Q9UHI7,Q9UHI7
UniProt Accession,S23A1_HUMAN,Q9UHI7
HUGO Gene Nomenclature Committee (HGNC),HGNC:18044,Q99624
GenAtlas,SLC38A3,Q99624
GenBank Gene Database,AF244548,Q99624
GenBank Protein Database,10242111,Q99624
UniProtKB,Q99624,Q99624
UniProt Accession,S38A3_HUMAN,Q99624
HUGO Gene Nomenclature Committee (HGNC),HGNC:10943,Q15758
GenAtlas,SLC1A5,Q15758
GenBank Gene Database,U53347,Q15758
GenBank Protein Database,1478281,Q15758
Guide to Pharmacology,874,Q15758
UniProtKB,Q15758,Q15758
UniProt Accession,AAAT_HUMAN,Q15758
HUGO Gene Nomenclature Committee (HGNC),HGNC:11066,Q9UHI5
GenAtlas,SLC7A8,Q9UHI5
GenBank Gene Database,AF171669,Q9UHI5
GenBank Protein Database,6642960,Q9UHI5
UniProtKB,Q9UHI5,Q9UHI5
UniProt Accession,LAT2_HUMAN,Q9UHI5
HUGO Gene Nomenclature Committee (HGNC),HGNC:10923,P36021
GenAtlas,SLC16A2,P36021
GenBank Gene Database,U05321,P36021
GenBank Protein Database,458255,P36021
UniProtKB,P36021,P36021
UniProt Accession,MOT8_HUMAN,P36021
HUGO Gene Nomenclature Committee (HGNC),HGNC:10972,Q8TCC7
GenBank Gene Database,AF097491,Q8TCC7
GenBank Protein Database,4378059,Q8TCC7
Guide to Pharmacology,1027,Q8TCC7
UniProtKB,Q8TCC7,Q8TCC7
UniProt Accession,S22A8_HUMAN,Q8TCC7
HUGO Gene Nomenclature Committee (HGNC),HGNC:55,O15439
GenAtlas,ABCC4,O15439
GenBank Gene Database,AF071202,O15439
GenBank Protein Database,3335173,O15439
Guide to Pharmacology,782,O15439
UniProtKB,O15439,O15439
UniProt Accession,MRP4_HUMAN,O15439
HUGO Gene Nomenclature Committee (HGNC),HGNC:56,O15440
GenBank Gene Database,AF104942,O15440
GenBank Protein Database,4140698,O15440
Guide to Pharmacology,783,O15440
UniProtKB,O15440,O15440
UniProt Accession,MRP5_HUMAN,O15440
HUGO Gene Nomenclature Committee (HGNC),HGNC:14639,Q96J66
GenBank Gene Database,AY040219,Q96J66
GenBank Protein Database,15027829,Q96J66
UniProtKB,Q96J66,Q96J66
UniProt Accession,ABCCB_HUMAN,Q96J66
HUGO Gene Nomenclature Committee (HGNC),HGNC:30521,Q96NT5
GenAtlas,SLC46A1,Q96NT5
GenBank Gene Database,AK054669,Q96NT5
GenBank Protein Database,16549261,Q96NT5
Guide to Pharmacology,1213,Q96NT5
UniProtKB,Q96NT5,Q96NT5
UniProt Accession,PCFT_HUMAN,Q96NT5
HUGO Gene Nomenclature Committee (HGNC),HGNC:29683,Q9H2D1
GenAtlas,SLC25A32,Q9H2D1
GenBank Gene Database,AF283645,Q9H2D1
GenBank Protein Database,11545417,Q9H2D1
UniProtKB,Q9H2D1,Q9H2D1
UniProt Accession,MFTC_HUMAN,Q9H2D1
HUGO Gene Nomenclature Committee (HGNC),HGNC:1664,Q8WTV0
GenAtlas,SCARB1,Q8WTV0
GenBank Gene Database,Z22555,Q8WTV0
GenBank Protein Database,397607,Q8WTV0
UniProtKB,Q8WTV0,Q8WTV0
UniProt Accession,SCRB1_HUMAN,Q8WTV0
HUGO Gene Nomenclature Committee (HGNC),HGNC:29,O95477
GenAtlas,ABCA1,O95477
GenBank Gene Database,AF275948,O95477
GenBank Protein Database,9247086,O95477
UniProtKB,O95477,O95477
UniProt Accession,ABCA1_HUMAN,O95477
HUGO Gene Nomenclature Committee (HGNC),HGNC:7898,Q9UHC9
GenAtlas,NPC1L1,Q9UHC9
GenBank Gene Database,AF192522,Q9UHC9
GenBank Protein Database,6643036,Q9UHC9
Guide to Pharmacology,2629,Q9UHC9
UniProtKB,Q9UHC9,Q9UHC9
UniProt Accession,NPCL1_HUMAN,Q9UHC9
HUGO Gene Nomenclature Committee (HGNC),HGNC:73,P45844
GenAtlas,ABCG1,P45844
GenBank Gene Database,X91249,P45844
GenBank Protein Database,1160186,P45844
UniProtKB,P45844,P45844
UniProt Accession,ABCG1_HUMAN,P45844
HUGO Gene Nomenclature Committee (HGNC),HGNC:18120,Q9NSA0
GenAtlas,SLC22A11,Q9NSA0
GenBank Gene Database,AB026116,Q9NSA0
GenBank Protein Database,7707622,Q9NSA0
Guide to Pharmacology,1030,Q9NSA0
UniProtKB,Q9NSA0,Q9NSA0
UniProt Accession,S22AB_HUMAN,Q9NSA0
HUGO Gene Nomenclature Committee (HGNC),HGNC:10962,O94956
GenAtlas,SLCO2B1,O94956
GenBank Gene Database,AB026256,O94956
GenBank Protein Database,5006263,O94956
UniProtKB,O94956,O94956
UniProt Accession,SO2B1_HUMAN,O94956
HUGO Gene Nomenclature Committee (HGNC),HGNC:10971,Q9Y694
GenBank Gene Database,AF097518,Q9Y694
GenBank Protein Database,5001689,Q9Y694
UniProtKB,Q9Y694,Q9Y694
UniProt Accession,S22A7_HUMAN,Q9Y694
HUGO Gene Nomenclature Committee (HGNC),HGNC:10920,P46059
GenAtlas,SLC15A1,P46059
GenBank Gene Database,U13173,P46059
GenBank Protein Database,773588,P46059
Guide to Pharmacology,984,P46059
UniProtKB,P46059,P46059
UniProt Accession,S15A1_HUMAN,P46059
HUGO Gene Nomenclature Committee (HGNC),HGNC:10921,Q16348
GenAtlas,SLC15A2,Q16348
GenBank Gene Database,S78203,Q16348
GenBank Protein Database,999213,Q16348
UniProtKB,Q16348,Q16348
UniProt Accession,S15A2_HUMAN,Q16348
HUGO Gene Nomenclature Committee (HGNC),HGNC:25588,Q96FL8
GenBank Gene Database,AK001709,Q96FL8
GenBank Protein Database,7023138,Q96FL8
Guide to Pharmacology,1216,Q96FL8
UniProtKB,Q96FL8,Q96FL8
UniProt Accession,S47A1_HUMAN,Q96FL8
HUGO Gene Nomenclature Committee (HGNC),HGNC:26439,Q86VL8
Guide to Pharmacology,1217,Q86VL8
UniProtKB,Q86VL8,Q86VL8
UniProt Accession,S47A2_HUMAN,Q86VL8
HUGO Gene Nomenclature Committee (HGNC),HGNC:10939,P43005
GenAtlas,SLC1A1,P43005
GenBank Gene Database,U08989,P43005
GenBank Protein Database,507898,P43005
Guide to Pharmacology,870,P43005
UniProtKB,P43005,P43005
UniProt Accession,EAA3_HUMAN,P43005
HUGO Gene Nomenclature Committee (HGNC),HGNC:11063,Q01650
GenAtlas,SLC7A5,Q01650
GenBank Gene Database,AF077866,Q01650
GenBank Protein Database,3639058,Q01650
UniProtKB,Q01650,Q01650
UniProt Accession,LAT1_HUMAN,Q01650
HUGO Gene Nomenclature Committee (HGNC),HGNC:16484,Q9HAS3
GenBank Gene Database,AF305210,Q9HAS3
GenBank Protein Database,10732815,Q9HAS3
Guide to Pharmacology,1116,Q9HAS3
UniProtKB,Q9HAS3,Q9HAS3
UniProt Accession,S28A3_HUMAN,Q9HAS3
HUGO Gene Nomenclature Committee (HGNC),HGNC:13819,Q9NYB5
GenBank Gene Database,AF260704,Q9NYB5
GenBank Protein Database,7839587,Q9NYB5
UniProtKB,Q9NYB5,Q9NYB5
UniProt Accession,SO1C1_HUMAN,Q9NYB5
HUGO Gene Nomenclature Committee (HGNC),HGNC:46,Q2M3G0
GenAtlas,ABCB5,Q2M3G0
GenBank Gene Database,AY090613,Q2M3G0
UniProtKB,Q2M3G0,Q2M3G0
UniProt Accession,ABCB5_HUMAN,Q2M3G0
HUGO Gene Nomenclature Committee (HGNC),HGNC:18762,Q495M3
Guide to Pharmacology,1162,Q495M3
UniProtKB,Q495M3,Q495M3
UniProt Accession,S36A2_HUMAN,Q495M3
HUGO Gene Nomenclature Committee (HGNC),HGNC:23612,Q6ZQN7
GenBank Gene Database,AF401643,Q6ZQN7
GenBank Protein Database,33308060,Q6ZQN7
UniProtKB,Q6ZQN7,Q6ZQN7
UniProt Accession,SO4C1_HUMAN,Q6ZQN7
HUGO Gene Nomenclature Committee (HGNC),HGNC:10953,Q96BD0
GenBank Gene Database,AB031051,Q96BD0
GenBank Protein Database,6683743,Q96BD0
UniProtKB,Q96BD0,Q96BD0
UniProt Accession,SO4A1_HUMAN,Q96BD0
HUGO Gene Nomenclature Committee (HGNC),HGNC:18057,Q63ZE4
GenBank Gene Database,BK001421,Q63ZE4
GenBank Protein Database,52078132,Q63ZE4
UniProtKB,Q63ZE4,Q63ZE4
UniProt Accession,S22AA_HUMAN,Q63ZE4
HUGO Gene Nomenclature Committee (HGNC),HGNC:29955,Q86UW1
GenBank Gene Database,AY194243,Q86UW1
GenBank Protein Database,30348899,Q86UW1
UniProtKB,Q86UW1,Q86UW1
UniProt Accession,OSTA_HUMAN,Q86UW1
HUGO Gene Nomenclature Committee (HGNC),HGNC:29956,Q86UW2
GenBank Gene Database,AY194242,Q86UW2
GenBank Protein Database,30348897,Q86UW2
UniProtKB,Q86UW2,Q86UW2
UniProt Accession,OSTB_HUMAN,Q86UW2
HUGO Gene Nomenclature Committee (HGNC),HGNC:10952,Q9UIG8
GenBank Gene Database,AB031050,Q9UIG8
GenBank Protein Database,6683741,Q9UIG8
UniProtKB,Q9UIG8,Q9UIG8
UniProt Accession,SO3A1_HUMAN,Q9UIG8
HUGO Gene Nomenclature Committee (HGNC),HGNC:57,O95255
GenBank Gene Database,AF076622,O95255
GenBank Protein Database,3928849,O95255
UniProtKB,O95255,O95255
UniProt Accession,MRP6_HUMAN,O95255
HUGO Gene Nomenclature Committee (HGNC),HGNC:23097,Q7RTT9
Guide to Pharmacology,1120,Q7RTT9
UniProtKB,Q7RTT9,Q7RTT9
UniProt Accession,S29A4_HUMAN,Q7RTT9
HUGO Gene Nomenclature Committee (HGNC),HGNC:11042,P30531
GenAtlas,SLC6A1,P30531
GenBank Gene Database,X54673,P30531
GenBank Protein Database,31658,P30531
Guide to Pharmacology,929,P30531
UniProtKB,P30531,P30531
UniProt Accession,SC6A1_HUMAN,P30531
HUGO Gene Nomenclature Committee (HGNC),HGNC:11044,P48066
UniProtKB,P48066,P48066
UniProt Accession,S6A11_HUMAN,P48066
HUGO Gene Nomenclature Committee (HGNC),HGNC:11048,P23975
GenAtlas,SLC6A2,P23975
GenBank Gene Database,M65105,P23975
GenBank Protein Database,189258,P23975
Guide to Pharmacology,926,P23975
UniProtKB,P23975,P23975
UniProt Accession,SC6A2_HUMAN,P23975
HUGO Gene Nomenclature Committee (HGNC),HGNC:9221,Q01860
GenBank Gene Database,Z11898,Q01860
GenBank Protein Database,35169,Q01860
UniProtKB,Q01860,Q01860
UniProt Accession,PO5F1_HUMAN,Q01860
HUGO Gene Nomenclature Committee (HGNC),HGNC:9841,Q15311
UniProtKB,Q15311,Q15311
UniProt Accession,RBP1_HUMAN,Q15311
HUGO Gene Nomenclature Committee (HGNC),HGNC:11001,O00337
UniProtKB,O00337,O00337
UniProt Accession,S28A1_HUMAN,O00337
HUGO Gene Nomenclature Committee (HGNC),HGNC:11003,Q99808
GenAtlas,SLC29A1,Q99808
GenBank Gene Database,U81375,Q99808
GenBank Protein Database,1845345,Q99808
Guide to Pharmacology,1117,Q99808
UniProtKB,Q99808,Q99808
UniProt Accession,S29A1_HUMAN,Q99808
HUGO Gene Nomenclature Committee (HGNC),HGNC:11004,Q14542
UniProtKB,Q14542,Q14542
UniProt Accession,S29A2_HUMAN,Q14542
HUGO Gene Nomenclature Committee (HGNC),HGNC:11016,O15431
GenBank Gene Database,U83460,O15431
GenBank Protein Database,2315987,O15431
UniProtKB,O15431,O15431
UniProt Accession,COPT1_HUMAN,O15431
HUGO Gene Nomenclature Committee (HGNC),HGNC:11017,O15432
GenBank Gene Database,U83461,O15432
GenBank Protein Database,2315989,O15432
UniProtKB,O15432,O15432
UniProt Accession,COPT2_HUMAN,O15432
HUGO Gene Nomenclature Committee (HGNC),HGNC:870,P35670
GenBank Gene Database,U11700,P35670
GenBank Protein Database,551502,P35670
UniProtKB,P35670,P35670
UniProt Accession,ATP7B_HUMAN,P35670
HUGO Gene Nomenclature Committee (HGNC),HGNC:869,Q04656
GenBank Gene Database,L06133,Q04656
GenBank Protein Database,179253,Q04656
UniProtKB,Q04656,Q04656
UniProt Accession,ATP7A_HUMAN,Q04656
HUGO Gene Nomenclature Committee (HGNC),HGNC:10937,P41440
UniProtKB,P41440,P41440
UniProt Accession,S19A1_HUMAN,P41440
HUGO Gene Nomenclature Committee (HGNC),HGNC:3791,P15328
GenAtlas,FOLR1,P15328
GenBank Gene Database,M28099,P15328
UniProtKB,P15328,P15328
UniProt Accession,FOLR1_HUMAN,P15328
HUGO Gene Nomenclature Committee (HGNC),HGNC:11047,Q9UN76
GenAtlas,SLC6A14,Q9UN76
GenBank Gene Database,AF151978,Q9UN76
GenBank Protein Database,5732680,Q9UN76
Guide to Pharmacology,937,Q9UN76
UniProtKB,Q9UN76,Q9UN76
UniProt Accession,S6A14_HUMAN,Q9UN76
HUGO Gene Nomenclature Committee (HGNC),HGNC:20302,Q86VW1
GenBank Gene Database,AY145502,Q86VW1
GenBank Protein Database,24429900,Q86VW1
UniProtKB,Q86VW1,Q86VW1
UniProt Accession,S22AG_HUMAN,Q86VW1
HUGO Gene Nomenclature Committee (HGNC),HGNC:33,Q99758
GenBank Gene Database,U78735,Q99758
GenBank Protein Database,1699038,Q99758
UniProtKB,Q99758,Q99758
UniProt Accession,ABCA3_HUMAN,Q99758
HUGO Gene Nomenclature Committee (HGNC),HGNC:19119,Q8N695
Guide to Pharmacology,922,Q8N695
UniProtKB,Q8N695,Q8N695
UniProt Accession,SC5A8_HUMAN,Q8N695
HUGO Gene Nomenclature Committee (HGNC),HGNC:18761,Q7Z2H8
GenAtlas,SLC36A1,Q7Z2H8
GenBank Gene Database,AF516142,Q7Z2H8
GenBank Protein Database,31324239,Q7Z2H8
Guide to Pharmacology,1161,Q7Z2H8
UniProtKB,Q7Z2H8,Q7Z2H8
UniProt Accession,S36A1_HUMAN,Q7Z2H8
HUGO Gene Nomenclature Committee (HGNC),HGNC:17989,Q96S37
Guide to Pharmacology,1031,Q96S37
UniProtKB,Q96S37,Q96S37
UniProt Accession,S22AC_HUMAN,Q96S37
HUGO Gene Nomenclature Committee (HGNC),HGNC:13446,Q9NRM0
UniProtKB,Q9NRM0,Q9NRM0
UniProt Accession,GTR9_HUMAN,Q9NRM0
HUGO Gene Nomenclature Committee (HGNC),HGNC:2338,P29762
GenAtlas,CRABP1,P29762
GenBank Gene Database,S74445,P29762
GenBank Protein Database,241542,P29762
UniProtKB,P29762,P29762
UniProt Accession,RABP1_HUMAN,P29762
HUGO Gene Nomenclature Committee (HGNC),HGNC:2339,P29373
GenAtlas,CRABP2,P29373
GenBank Gene Database,M68867,P29373
GenBank Protein Database,181026,P29373
UniProtKB,P29373,P29373
UniProt Accession,RABP2_HUMAN,P29373
HUGO Gene Nomenclature Committee (HGNC),HGNC:10911,P55011
GenAtlas,SLC12A2,P55011
GenBank Gene Database,U30246,P55011
GenBank Protein Database,903682,P55011
Guide to Pharmacology,969,P55011
UniProtKB,P55011,P55011
UniProt Accession,S12A2_HUMAN,P55011
HUGO Gene Nomenclature Committee (HGNC),HGNC:10910,Q13621
GenAtlas,SLC12A1,Q13621
GenBank Gene Database,U58130,Q13621
GenBank Protein Database,1373425,Q13621
Guide to Pharmacology,968,Q13621
UniProtKB,Q13621,Q13621
UniProt Accession,S12A1_HUMAN,Q13621
HUGO Gene Nomenclature Committee (HGNC),HGNC:13818,Q9H2X9
GenAtlas,SLC12A5,Q9H2X9
GenBank Gene Database,AF208159,Q9H2X9
GenBank Protein Database,12003227,Q9H2X9
Guide to Pharmacology,972,Q9H2X9
UniProtKB,Q9H2X9,Q9H2X9
UniProt Accession,S12A5_HUMAN,Q9H2X9
HUGO Gene Nomenclature Committee (HGNC),HGNC:10914,Q9UHW9
GenAtlas,SLC12A6,Q9UHW9
GenBank Gene Database,AF116242,Q9UHW9
GenBank Protein Database,6693798,Q9UHW9
UniProtKB,Q9UHW9,Q9UHW9
UniProt Accession,S12A6_HUMAN,Q9UHW9
HUGO Gene Nomenclature Committee (HGNC),HGNC:10915,Q9Y666
GenAtlas,SLC12A7,Q9Y666
GenBank Gene Database,AF105365,Q9Y666
GenBank Protein Database,5106521,Q9Y666
UniProtKB,Q9Y666,Q9Y666
UniProt Accession,S12A7_HUMAN,Q9Y666
HUGO Gene Nomenclature Committee (HGNC),HGNC:10913,Q9UP95
GenAtlas,SLC12A4,Q9UP95
GenBank Gene Database,U55054,Q9UP95
GenBank Protein Database,1399212,Q9UP95
UniProtKB,Q9UP95,Q9UP95
UniProt Accession,S12A4_HUMAN,Q9UP95
HUGO Gene Nomenclature Committee (HGNC),HGNC:35,Q8WWZ7
GenBank Gene Database,AY028897,Q8WWZ7
GenBank Protein Database,17223620,Q8WWZ7
UniProtKB,Q8WWZ7,Q8WWZ7
UniProt Accession,ABCA5_HUMAN,Q8WWZ7
HUGO Gene Nomenclature Committee (HGNC),HGNC:13886,Q9H222
UniProtKB,Q9H222,Q9H222
UniProt Accession,ABCG5_HUMAN,Q9H222
HUGO Gene Nomenclature Committee (HGNC),HGNC:13887,Q9H221
UniProtKB,Q9H221,Q9H221
UniProt Accession,ABCG8_HUMAN,Q9H221
HUGO Gene Nomenclature Committee (HGNC),HGNC:49,Q9NUT2
GenBank Gene Database,AF047690,Q9NUT2
GenBank Protein Database,4321407,Q9NUT2
UniProtKB,Q9NUT2,Q9NUT2
UniProt Accession,ABCB8_HUMAN,Q9NUT2
HUGO Gene Nomenclature Committee (HGNC),HGNC:11002,O43868
Guide to Pharmacology,1115,O43868
UniProtKB,O43868,O43868
UniProt Accession,S28A2_HUMAN,O43868
HUGO Gene Nomenclature Committee (HGNC),HGNC:11050,P31645
GenAtlas,SLC6A4,P31645
GenBank Gene Database,X70697,P31645
GenBank Protein Database,36433,P31645
Guide to Pharmacology,928,P31645
UniProtKB,P31645,P31645
UniProt Accession,SC6A4_HUMAN,P31645
HUGO Gene Nomenclature Committee (HGNC),HGNC:11059,Q9UPY5
GenAtlas,SLC7A11,Q9UPY5
GenBank Gene Database,AB026891,Q9UPY5
GenBank Protein Database,5668545,Q9UPY5
Guide to Pharmacology,902,Q9UPY5
UniProtKB,Q9UPY5,Q9UPY5
UniProt Accession,XCT_HUMAN,Q9UPY5
HUGO Gene Nomenclature Committee (HGNC),HGNC:43,Q03518
GenAtlas,TAP1,Q03518
GenBank Gene Database,X66401,Q03518
UniProtKB,Q03518,Q03518
UniProt Accession,TAP1_HUMAN,Q03518
HUGO Gene Nomenclature Committee (HGNC),HGNC:11030,Q9Y6R1
UniProtKB,Q9Y6R1,Q9Y6R1
UniProt Accession,S4A4_HUMAN,Q9Y6R1
HUGO Gene Nomenclature Committee (HGNC),HGNC:11033,Q9Y6M7
UniProtKB,Q9Y6M7,Q9Y6M7
UniProt Accession,S4A7_HUMAN,Q9Y6M7
HUGO Gene Nomenclature Committee (HGNC),HGNC:11034,Q2Y0W8
UniProtKB,Q2Y0W8,Q2Y0W8
UniProt Accession,S4A8_HUMAN,Q2Y0W8
HUGO Gene Nomenclature Committee (HGNC),HGNC:18168,Q9BY07
UniProtKB,Q9BY07,Q9BY07
UniProt Accession,S4A5_HUMAN,Q9BY07
HUGO Gene Nomenclature Committee (HGNC),HGNC:13811,Q6U841
UniProtKB,Q6U841,Q6U841
UniProt Accession,S4A10_HUMAN,Q6U841
HUGO Gene Nomenclature Committee (HGNC),HGNC:45,P21439
GenBank Gene Database,M23234,P21439
GenBank Protein Database,307181,P21439
UniProtKB,P21439,P21439
UniProt Accession,MDR3_HUMAN,P21439
HUGO Gene Nomenclature Committee (HGNC),HGNC:11049,Q01959
GenAtlas,SLC6A3,Q01959
GenBank Gene Database,M96670,Q01959
GenBank Protein Database,553260,Q01959
Guide to Pharmacology,927,Q01959
UniProtKB,Q01959,Q01959
UniProt Accession,SC6A3_HUMAN,Q01959
HUGO Gene Nomenclature Committee (HGNC),HGNC:11005,P11166
GenAtlas,SLC2A1,P11166
GenBank Gene Database,K03195,P11166
GenBank Protein Database,183303,P11166
UniProtKB,P11166,P11166
UniProt Accession,GTR1_HUMAN,P11166
HUGO Gene Nomenclature Committee (HGNC),HGNC:11006,P11168
GenAtlas,SLC2A2,P11168
GenBank Gene Database,J03810,P11168
GenBank Protein Database,307125,P11168
UniProtKB,P11168,P11168
UniProt Accession,GTR2_HUMAN,P11168
HUGO Gene Nomenclature Committee (HGNC),HGNC:11007,P11169
UniProtKB,P11169,P11169
UniProt Accession,GTR3_HUMAN,P11169
HUGO Gene Nomenclature Committee (HGNC),HGNC:11009,P14672
GenAtlas,SLC2A4,P14672
GenBank Gene Database,M20747,P14672
GenBank Protein Database,307076,P14672
UniProtKB,P14672,P14672
UniProt Accession,GTR4_HUMAN,P14672
HUGO Gene Nomenclature Committee (HGNC),HGNC:11010,P22732
UniProtKB,P22732,P22732
UniProt Accession,GTR5_HUMAN,P22732
HUGO Gene Nomenclature Committee (HGNC),HGNC:11011,Q9UGQ3
UniProtKB,Q9UGQ3,Q9UGQ3
UniProt Accession,GTR6_HUMAN,Q9UGQ3
HUGO Gene Nomenclature Committee (HGNC),HGNC:13445,Q6PXP3
UniProtKB,Q6PXP3,Q6PXP3
UniProt Accession,GTR7_HUMAN,Q6PXP3
HUGO Gene Nomenclature Committee (HGNC),HGNC:13812,Q9NY64
UniProtKB,Q9NY64,Q9NY64
UniProt Accession,GTR8_HUMAN,Q9NY64
HUGO Gene Nomenclature Committee (HGNC),HGNC:13444,O95528
UniProtKB,O95528,O95528
UniProt Accession,GTR10_HUMAN,O95528
HUGO Gene Nomenclature Committee (HGNC),HGNC:14239,Q9BYW1
UniProtKB,Q9BYW1,Q9BYW1
UniProt Accession,GTR11_HUMAN,Q9BYW1
HUGO Gene Nomenclature Committee (HGNC),HGNC:18067,Q8TD20
UniProtKB,Q8TD20,Q8TD20
UniProt Accession,GTR12_HUMAN,Q8TD20
HUGO Gene Nomenclature Committee (HGNC),HGNC:11036,P13866
Guide to Pharmacology,915,P13866
UniProtKB,P13866,P13866
UniProt Accession,SC5A1_HUMAN,P13866
HUGO Gene Nomenclature Committee (HGNC),HGNC:11037,P31639
Guide to Pharmacology,916,P31639
UniProtKB,P31639,P31639
UniProt Accession,SC5A2_HUMAN,P31639
HUGO Gene Nomenclature Committee (HGNC),HGNC:11052,P31641
UniProtKB,P31641,P31641
UniProt Accession,SC6A6_HUMAN,P31641
HUGO Gene Nomenclature Committee (HGNC),HGNC:30603,Q3KNW5
UniProtKB,Q3KNW5,Q3KNW5
UniProt Accession,SOAT_HUMAN,Q3KNW5
HUGO Gene Nomenclature Committee (HGNC),HGNC:10919,Q15849
UniProtKB,Q15849,Q15849
UniProt Accession,UT2_HUMAN,Q15849
HUGO Gene Nomenclature Committee (HGNC),HGNC:10918,Q13336
Guide to Pharmacology,982,Q13336
UniProtKB,Q13336,Q13336
UniProt Accession,UT1_HUMAN,Q13336
HUGO Gene Nomenclature Committee (HGNC),HGNC:12530,P22309
GenBank Gene Database,M57899,P22309
GenBank Protein Database,184473,P22309
UniProtKB,P22309,P22309
UniProt Accession,UD11_HUMAN,P22309
HUGO Gene Nomenclature Committee (HGNC),HGNC:11763,P02786
UniProtKB,P02786,P02786
UniProt Accession,TFR1_HUMAN,P02786
HUGO Gene Nomenclature Committee (HGNC),HGNC:11740,P02787
GenAtlas,TF,P02787
GenBank Gene Database,M12530,P02787
GenBank Protein Database,339453,P02787
UniProtKB,P02787,P02787
UniProt Accession,TRFE_HUMAN,P02787
HUGO Gene Nomenclature Committee (HGNC),HGNC:3999,P02792
GenAtlas,FTL,P02792
GenBank Gene Database,M11147,P02792
GenBank Protein Database,182514,P02792
UniProtKB,P02792,P02792
UniProt Accession,FRIL_HUMAN,P02792
HUGO Gene Nomenclature Committee (HGNC),HGNC:3976,P02794
GenAtlas,FTH1,P02794
GenBank Gene Database,X00318,P02794
GenBank Protein Database,28435,P02794
UniProtKB,P02794,P02794
UniProt Accession,FRIH_HUMAN,P02794
HUGO Gene Nomenclature Committee (HGNC),HGNC:399,P02768
GenAtlas,ALB,P02768
GenBank Gene Database,V00494,P02768
GenBank Protein Database,28590,P02768
UniProtKB,P02768,P02768
UniProt Accession,ALBU_HUMAN,P02768
HUGO Gene Nomenclature Committee (HGNC),HGNC:2295,P00450
GenAtlas,CP,P00450
GenBank Gene Database,M13699,P00450
GenBank Protein Database,180256,P00450
UniProtKB,P00450,P00450
UniProt Accession,CERU_HUMAN,P00450
UniProtKB,Q19KS1,Q19KS1
UniProt Accession,Q19KS1_BOVIN,Q19KS1
HUGO Gene Nomenclature Committee (HGNC),HGNC:10908,P49281
Guide to Pharmacology,967,P49281
UniProtKB,P49281,P49281
UniProt Accession,NRAM2_HUMAN,P49281
UniProtKB,G3X745,G3X745
UniProt Accession,GPC1_BOVIN,G3X745
HUGO Gene Nomenclature Committee (HGNC),HGNC:11065,Q9UM01
UniProtKB,Q9UM01,Q9UM01
UniProt Accession,YLAT1_HUMAN,Q9UM01
UniProtKB,Q9WTN6,Q9WTN6
UniProt Accession,S22AL_MOUSE,Q9WTN6
HUGO Gene Nomenclature Committee (HGNC),HGNC:11041,Q9Y289
GenAtlas,SLC5A6,Q9Y289
GenBank Gene Database,AF116241,Q9Y289
GenBank Protein Database,5006439,Q9Y289
UniProtKB,Q9Y289,Q9Y289
UniProt Accession,SC5A6_HUMAN,Q9Y289
HUGO Gene Nomenclature Committee (HGNC),HGNC:14411,Q9BQT8
UniProtKB,Q9BQT8,Q9BQT8
UniProt Accession,ODC_HUMAN,Q9BQT8
HUGO Gene Nomenclature Committee (HGNC),HGNC:10917,Q13183
GenAtlas,SLC13A2,Q13183
GenBank Gene Database,U26209,Q13183
GenBank Protein Database,1098557,Q13183
UniProtKB,Q13183,Q13183
UniProt Accession,S13A2_HUMAN,Q13183
HUGO Gene Nomenclature Committee (HGNC),HGNC:23089,Q86YT5
UniProtKB,Q86YT5,Q86YT5
UniProt Accession,S13A5_HUMAN,Q86YT5
HUGO Gene Nomenclature Committee (HGNC),HGNC:10979,P53007
UniProtKB,P53007,P53007
UniProt Accession,TXTP_HUMAN,P53007
HUGO Gene Nomenclature Committee (HGNC),HGNC:18140,Q9UBD6
GenBank Gene Database,AF193809,Q9UBD6
GenBank Protein Database,6625732,Q9UBD6
UniProtKB,Q9UBD6,Q9UBD6
UniProt Accession,RHCG_HUMAN,Q9UBD6
UniProtKB,Q99870,Q99870
UniProt Accession,Q99870_HUMAN,Q99870
HUGO Gene Nomenclature Committee (HGNC),HGNC:10946,Q8WUM9
UniProtKB,Q8WUM9,Q8WUM9
UniProt Accession,S20A1_HUMAN,Q8WUM9
HUGO Gene Nomenclature Committee (HGNC),HGNC:10947,Q08357
UniProtKB,Q08357,Q08357
UniProt Accession,S20A2_HUMAN,Q08357
HUGO Gene Nomenclature Committee (HGNC),HGNC:11019,Q06495
UniProtKB,Q06495,Q06495
UniProt Accession,NPT2A_HUMAN,Q06495
HUGO Gene Nomenclature Committee (HGNC),HGNC:11020,O95436
UniProtKB,O95436,O95436
UniProt Accession,NPT2B_HUMAN,O95436
HUGO Gene Nomenclature Committee (HGNC),HGNC:20305,Q8N130
UniProtKB,Q8N130,Q8N130
UniProt Accession,NPT2C_HUMAN,Q8N130
HUGO Gene Nomenclature Committee (HGNC),HGNC:17995,Q9BX84
Guide to Pharmacology,498,Q9BX84
UniProtKB,Q9BX84,Q9BX84
UniProt Accession,TRPM6_HUMAN,Q9BX84
HUGO Gene Nomenclature Committee (HGNC),HGNC:31046,Q96GZ6
UniProtKB,Q96GZ6,Q96GZ6
UniProt Accession,S41A3_HUMAN,Q96GZ6
HUGO Gene Nomenclature Committee (HGNC),HGNC:103,Q9H8M5
UniProtKB,Q9H8M5,Q9H8M5
UniProt Accession,CNNM2_HUMAN,Q9H8M5
HUGO Gene Nomenclature Committee (HGNC),HGNC:17994,Q96QT4
Guide to Pharmacology,499,Q96QT4
UniProtKB,Q96QT4,Q96QT4
UniProt Accession,TRPM7_HUMAN,Q96QT4
HUGO Gene Nomenclature Committee (HGNC),HGNC:11068,P32418
GenAtlas,SLC8A1,P32418
GenBank Gene Database,M91368,P32418
GenBank Protein Database,180673,P32418
UniProtKB,P32418,P32418
UniProt Accession,NAC1_HUMAN,P32418
HUGO Gene Nomenclature Committee (HGNC),HGNC:1396,Q9P0X4
GenAtlas,CACNA1I,Q9P0X4
GenBank Gene Database,AF129133,Q9P0X4
GenBank Protein Database,5565888,Q9P0X4
IUPHAR,537,Q9P0X4
Guide to Pharmacology,537,Q9P0X4
UniProtKB,Q9P0X4,Q9P0X4
UniProt Accession,CAC1I_HUMAN,Q9P0X4
HUGO Gene Nomenclature Committee (HGNC),HGNC:7508,P15941
GenAtlas,MUC1,P15941
GenBank Gene Database,M21868,P15941
UniProtKB,P15941,P15941
UniProt Accession,MUC1_HUMAN,P15941
HUGO Gene Nomenclature Committee (HGNC),HGNC:14006,Q9H1D0
UniProtKB,Q9H1D0,Q9H1D0
UniProt Accession,TRPV6_HUMAN,Q9H1D0
HUGO Gene Nomenclature Committee (HGNC),HGNC:3145,Q9NQA5
Guide to Pharmacology,511,Q9NQA5
UniProtKB,Q9NQA5,Q9NQA5
UniProt Accession,TRPV5_HUMAN,Q9NQA5
HUGO Gene Nomenclature Committee (HGNC),HGNC:10483,P21817
GenAtlas,RYR1,P21817
GenBank Gene Database,J05200,P21817
GenBank Protein Database,337722,P21817
Guide to Pharmacology,747,P21817
UniProtKB,P21817,P21817
UniProt Accession,RYR1_HUMAN,P21817
HUGO Gene Nomenclature Committee (HGNC),HGNC:10484,Q92736
Guide to Pharmacology,748,Q92736
UniProtKB,Q92736,Q92736
UniProt Accession,RYR2_HUMAN,Q92736
HUGO Gene Nomenclature Committee (HGNC),HGNC:9011,Q9P0L9
Guide to Pharmacology,505,Q9P0L9
UniProtKB,Q9P0L9,Q9P0L9
UniProt Accession,PK2L1_HUMAN,Q9P0L9
HUGO Gene Nomenclature Committee (HGNC),HGNC:10485,Q15413
Guide to Pharmacology,749,Q15413
UniProtKB,Q15413,Q15413
UniProt Accession,RYR3_HUMAN,Q15413
HUGO Gene Nomenclature Committee (HGNC),HGNC:21716,Q7Z443
UniProtKB,Q7Z443,Q7Z443
UniProt Accession,PK1L3_HUMAN,Q7Z443
HUGO Gene Nomenclature Committee (HGNC),HGNC:17116,Q8NEC5
Guide to Pharmacology,388,Q8NEC5
UniProtKB,Q8NEC5,Q8NEC5
UniProt Accession,CTSR1_HUMAN,Q8NEC5
HUGO Gene Nomenclature Committee (HGNC),HGNC:1390,Q13936
GenAtlas,CACNA1C,Q13936
GenBank Gene Database,M92270,Q13936
IUPHAR,529,Q13936
Guide to Pharmacology,529,Q13936
UniProtKB,Q13936,Q13936
UniProt Accession,CAC1C_HUMAN,Q13936
HUGO Gene Nomenclature Committee (HGNC),HGNC:1388,O00555
GenAtlas,CACNA1A,O00555
GenBank Gene Database,AF004884,O00555
GenBank Protein Database,2213913,O00555
IUPHAR,532,O00555
UniProtKB,O00555,O00555
UniProt Accession,CAC1A_HUMAN,O00555
HUGO Gene Nomenclature Committee (HGNC),HGNC:1394,O43497
GenAtlas,CACNA1G,O43497
GenBank Gene Database,AF134986,O43497
GenBank Protein Database,6625659,O43497
IUPHAR,535,O43497
Guide to Pharmacology,535,O43497
UniProtKB,O43497,O43497
UniProt Accession,CAC1G_HUMAN,O43497
HUGO Gene Nomenclature Committee (HGNC),HGNC:1392,Q15878
Guide to Pharmacology,534,Q15878
UniProtKB,Q15878,Q15878
UniProt Accession,CAC1E_HUMAN,Q15878
HUGO Gene Nomenclature Committee (HGNC),HGNC:10751,P49908
UniProtKB,P49908,P49908
UniProt Accession,SEPP1_HUMAN,P49908
HUGO Gene Nomenclature Committee (HGNC),HGNC:12404,P49638
GenAtlas,TTPA,P49638
GenBank Gene Database,D49488,P49638
GenBank Protein Database,699601,P49638
UniProtKB,P49638,P49638
UniProt Accession,TTPA_HUMAN,P49638
HUGO Gene Nomenclature Committee (HGNC),HGNC:20627,Q9UDX3
GenAtlas,SEC14L4,Q9UDX3
GenBank Gene Database,AY158085,Q9UDX3
GenBank Protein Database,27803380,Q9UDX3
UniProtKB,Q9UDX3,Q9UDX3
UniProt Accession,S14L4_HUMAN,Q9UDX3
HUGO Gene Nomenclature Committee (HGNC),HGNC:10699,O76054
GenAtlas,SEC14L2,O76054
GenBank Gene Database,AL096881,O76054
GenBank Protein Database,5596693,O76054
UniProtKB,O76054,O76054
UniProt Accession,S14L2_HUMAN,O76054
HUGO Gene Nomenclature Committee (HGNC),HGNC:18655,Q9UDX4
GenAtlas,SEC14L3,Q9UDX4
GenBank Gene Database,AY158086,Q9UDX4
GenBank Protein Database,27803382,Q9UDX4
UniProtKB,Q9UDX4,Q9UDX4
UniProt Accession,S14L3_HUMAN,Q9UDX4
HUGO Gene Nomenclature Committee (HGNC),HGNC:24087,Q0VD83
UniProtKB,Q0VD83,Q0VD83
UniProt Accession,APOBR_HUMAN,Q0VD83
HUGO Gene Nomenclature Committee (HGNC),HGNC:6180,Q14643
Guide to Pharmacology,743,Q14643
UniProtKB,Q14643,Q14643
UniProt Accession,ITPR1_HUMAN,Q14643
HUGO Gene Nomenclature Committee (HGNC),HGNC:8512,P00480
GenAtlas,OTC,P00480
GenBank Gene Database,K02100,P00480
GenBank Protein Database,189407,P00480
UniProtKB,P00480,P00480
UniProt Accession,OTC_HUMAN,P00480
HUGO Gene Nomenclature Committee (HGNC),HGNC:6251,Q12809
GenAtlas,KCNH2,Q12809
GenBank Gene Database,U04270,Q12809
GenBank Protein Database,487738,Q12809
IUPHAR,572,Q12809
Guide to Pharmacology,572,Q12809
UniProtKB,Q12809,Q12809
UniProt Accession,KCNH2_HUMAN,Q12809
GenBank Gene Database,J01655,P02931
GenBank Protein Database,147010,P02931
UniProtKB,P02931,P02931
UniProt Accession,OMPF_ECOLI,P02931
GenBank Gene Database,EU372012,Q9K597
GenBank Protein Database,166079762,Q9K597
UniProtKB,Q9K597,Q9K597
UniProt Accession,Q9K597_ECOLX,Q9K597
HUGO Gene Nomenclature Committee (HGNC),HGNC:11038,P53794
UniProtKB,P53794,P53794
UniProt Accession,SC5A3_HUMAN,P53794
UniProtKB,B2ZDZ3,B2ZDZ3
UniProt Accession,B2ZDZ3_PIG,B2ZDZ3
GenBank Gene Database,AF047427,Q9Z4N6
UniProtKB,Q9Z4N6,Q9Z4N6
UniProt Accession,Q9Z4N6_MANHA,Q9Z4N6
HUGO Gene Nomenclature Committee (HGNC),HGNC:799,P05023
GenAtlas,ATP1A1,P05023
GenBank Gene Database,D00099,P05023
GenBank Protein Database,219942,P05023
UniProtKB,P05023,P05023
UniProt Accession,AT1A1_HUMAN,P05023
HUGO Gene Nomenclature Committee (HGNC),HGNC:819,P20648
GenAtlas,ATP4A,P20648
GenBank Gene Database,J05451,P20648
GenBank Protein Database,561634,P20648
UniProtKB,P20648,P20648
UniProt Accession,ATP4A_HUMAN,P20648
