resource,identifier,polypeptide_id
HUGO Gene Nomenclature Committee (HGNC),HGNC:11583,P05543
GenAtlas,SERPINA7,P05543
GenBank Gene Database,M14091,P05543
GenBank Protein Database,338697,P05543
UniProtKB,P05543,P05543
UniProt Accession,THBG_HUMAN,P05543
HUGO Gene Nomenclature Committee (HGNC),HGNC:399,P02768
GenAtlas,ALB,P02768
GenBank Gene Database,V00494,P02768
GenBank Protein Database,28590,P02768
UniProtKB,P02768,P02768
UniProt Accession,ALBU_HUMAN,P02768
HUGO Gene Nomenclature Committee (HGNC),HGNC:3562,O15540
GenAtlas,FABP7,O15540
GenBank Gene Database,AJ002962,O15540
GenBank Protein Database,2632065,O15540
UniProtKB,O15540,O15540
UniProt Accession,FABP7_HUMAN,O15540
HUGO Gene Nomenclature Committee (HGNC),HGNC:4187,P02774
GenAtlas,GC,P02774
GenBank Gene Database,L10641,P02774
GenBank Protein Database,639896,P02774
UniProtKB,P02774,P02774
UniProt Accession,VTDB_HUMAN,P02774
HUGO Gene Nomenclature Committee (HGNC),HGNC:15847,P82980
GenAtlas,RBP5,P82980
GenBank Gene Database,AY007436,P82980
GenBank Protein Database,13447447,P82980
UniProtKB,P82980,P82980
UniProt Accession,RET5_HUMAN,P82980
HUGO Gene Nomenclature Committee (HGNC),HGNC:30316,Q96R05
GenAtlas,RBP7,Q96R05
GenBank Gene Database,AY145438,Q96R05
GenBank Protein Database,24559768,Q96R05
UniProtKB,Q96R05,Q96R05
UniProt Accession,RET7_HUMAN,Q96R05
HUGO Gene Nomenclature Committee (HGNC),HGNC:9922,P02753
GenAtlas,RBP4,P02753
GenBank Gene Database,X00129,P02753
GenBank Protein Database,35897,P02753
Guide to Pharmacology,2549,P02753
UniProtKB,P02753,P02753
UniProt Accession,RET4_HUMAN,P02753
HUGO Gene Nomenclature Committee (HGNC),HGNC:9920,P50120
GenAtlas,RBP2,P50120
GenBank Gene Database,U13831,P50120
GenBank Protein Database,535390,P50120
UniProtKB,P50120,P50120
UniProt Accession,RET2_HUMAN,P50120
HUGO Gene Nomenclature Committee (HGNC),HGNC:12404,P49638
GenAtlas,TTPA,P49638
GenBank Gene Database,D49488,P49638
GenBank Protein Database,699601,P49638
UniProtKB,P49638,P49638
UniProt Accession,TTPA_HUMAN,P49638
HUGO Gene Nomenclature Committee (HGNC),HGNC:10699,O76054
GenAtlas,SEC14L2,O76054
GenBank Gene Database,AL096881,O76054
GenBank Protein Database,5596693,O76054
UniProtKB,O76054,O76054
UniProt Accession,S14L2_HUMAN,O76054
HUGO Gene Nomenclature Committee (HGNC),HGNC:18655,Q9UDX4
GenAtlas,SEC14L3,Q9UDX4
GenBank Gene Database,AY158086,Q9UDX4
GenBank Protein Database,27803382,Q9UDX4
UniProtKB,Q9UDX4,Q9UDX4
UniProt Accession,S14L3_HUMAN,Q9UDX4
HUGO Gene Nomenclature Committee (HGNC),HGNC:1540,P08185
GenAtlas,SERPINA6,P08185
GenBank Gene Database,J02943,P08185
GenBank Protein Database,179971,P08185
UniProtKB,P08185,P08185
UniProt Accession,CBG_HUMAN,P08185
HUGO Gene Nomenclature Committee (HGNC),HGNC:11653,P20062
GenAtlas,TCN2,P20062
GenBank Gene Database,M60396,P20062
GenBank Protein Database,339196,P20062
UniProtKB,P20062,P20062
UniProt Accession,TCO2_HUMAN,P20062
HUGO Gene Nomenclature Committee (HGNC),HGNC:8498,P02763
GenAtlas,ORM1,P02763
GenBank Gene Database,X02544,P02763
GenBank Protein Database,757907,P02763
UniProtKB,P02763,P02763
UniProt Accession,A1AG1_HUMAN,P02763
HUGO Gene Nomenclature Committee (HGNC),HGNC:12405,P02766
GenAtlas,TTR,P02766
GenBank Gene Database,K02091,P02766
GenBank Protein Database,189582,P02766
Guide to Pharmacology,2851,P02766
UniProtKB,P02766,P02766
UniProt Accession,TTHY_HUMAN,P02766
HUGO Gene Nomenclature Committee (HGNC),HGNC:10839,P04278
GenAtlas,SHBG,P04278
GenBank Gene Database,X16349,P04278
GenBank Protein Database,296673,P04278
UniProtKB,P04278,P04278
UniProt Accession,SHBG_HUMAN,P04278
HUGO Gene Nomenclature Committee (HGNC),HGNC:3613,P12314
GenAtlas,FCGR1A,P12314
GenBank Gene Database,X14356,P12314
GenBank Protein Database,31332,P12314
UniProtKB,P12314,P12314
UniProt Accession,FCGR1_HUMAN,P12314
HUGO Gene Nomenclature Committee (HGNC),HGNC:11005,P11166
GenAtlas,SLC2A1,P11166
GenBank Gene Database,K03195,P11166
GenBank Protein Database,183303,P11166
UniProtKB,P11166,P11166
UniProt Accession,GTR1_HUMAN,P11166
HUGO Gene Nomenclature Committee (HGNC),HGNC:10937,P41440
UniProtKB,P41440,P41440
UniProt Accession,S19A1_HUMAN,P41440
UniProtKB,P70174,P70174
UniProt Accession,HRH1_MOUSE,P70174
HUGO Gene Nomenclature Committee (HGNC),HGNC:2339,P29373
GenAtlas,CRABP2,P29373
GenBank Gene Database,M68867,P29373
GenBank Protein Database,181026,P29373
UniProtKB,P29373,P29373
UniProt Accession,RABP2_HUMAN,P29373
HUGO Gene Nomenclature Committee (HGNC),HGNC:2338,P29762
GenAtlas,CRABP1,P29762
GenBank Gene Database,S74445,P29762
GenBank Protein Database,241542,P29762
UniProtKB,P29762,P29762
UniProt Accession,RABP1_HUMAN,P29762
HUGO Gene Nomenclature Committee (HGNC),HGNC:40,P08183
GenAtlas,ABCB1,P08183
GenBank Gene Database,M14758,P08183
GenBank Protein Database,307180,P08183
UniProtKB,P08183,P08183
UniProt Accession,MDR1_HUMAN,P08183
HUGO Gene Nomenclature Committee (HGNC),HGNC:10959,Q9Y6L6
GenAtlas,SLCO1B1,Q9Y6L6
GenBank Gene Database,AF060500,Q9Y6L6
GenBank Protein Database,5051630,Q9Y6L6
Guide to Pharmacology,1220,Q9Y6L6
UniProtKB,Q9Y6L6,Q9Y6L6
UniProt Accession,SO1B1_HUMAN,Q9Y6L6
HUGO Gene Nomenclature Committee (HGNC),HGNC:3556,P12104
GenBank Gene Database,BC069466,P12104
GenBank Protein Database,46854681,P12104
UniProtKB,P12104,P12104
UniProt Accession,FABPI_HUMAN,P12104
HUGO Gene Nomenclature Committee (HGNC),HGNC:11740,P02787
GenAtlas,TF,P02787
GenBank Gene Database,M12530,P02787
GenBank Protein Database,339453,P02787
UniProtKB,P02787,P02787
UniProt Accession,TRFE_HUMAN,P02787
HUGO Gene Nomenclature Committee (HGNC),HGNC:5472,P17936
GenAtlas,IGFBP3,P17936
GenBank Gene Database,M31159,P17936
GenBank Protein Database,183116,P17936
UniProtKB,P17936,P17936
UniProt Accession,IBP3_HUMAN,P17936
HUGO Gene Nomenclature Committee (HGNC),HGNC:5468,P35858
UniProtKB,P35858,P35858
UniProt Accession,ALS_HUMAN,P35858
HUGO Gene Nomenclature Committee (HGNC),HGNC:3555,P07148
GenBank Gene Database,M10617,P07148
GenBank Protein Database,182358,P07148
UniProtKB,P07148,P07148
UniProt Accession,FABPL_HUMAN,P07148
HUGO Gene Nomenclature Committee (HGNC),HGNC:3559,P15090
GenAtlas,FABP4,P15090
GenBank Gene Database,J02874,P15090
GenBank Protein Database,178347,P15090
Guide to Pharmacology,2534,P15090
UniProtKB,P15090,P15090
UniProt Accession,FABP4_HUMAN,P15090
HUGO Gene Nomenclature Committee (HGNC),HGNC:3557,P05413
GenAtlas,FABP3,P05413
GenBank Gene Database,X56549,P05413
GenBank Protein Database,31293,P05413
Guide to Pharmacology,2533,P05413
UniProtKB,P05413,P05413
UniProt Accession,FABPH_HUMAN,P05413
HUGO Gene Nomenclature Committee (HGNC),HGNC:3560,Q01469
GenAtlas,FABP5,Q01469
GenBank Gene Database,M94856,Q01469
GenBank Protein Database,182354,Q01469
Guide to Pharmacology,2535,Q01469
UniProtKB,Q01469,Q01469
UniProt Accession,FABP5_HUMAN,Q01469
HUGO Gene Nomenclature Committee (HGNC),HGNC:12698,P98155
GenBank Gene Database,L20470,P98155
GenBank Protein Database,409426,P98155
UniProtKB,P98155,P98155
UniProt Accession,VLDLR_HUMAN,P98155
HUGO Gene Nomenclature Committee (HGNC),HGNC:9919,P09455
GenAtlas,RBP1,P09455
GenBank Gene Database,M11433,P09455
GenBank Protein Database,190948,P09455
UniProtKB,P09455,P09455
UniProt Accession,RET1_HUMAN,P09455
HUGO Gene Nomenclature Committee (HGNC),HGNC:9921,P10745
GenAtlas,RBP3,P10745
GenBank Gene Database,M33875,P10745
GenBank Protein Database,186541,P10745
UniProtKB,P10745,P10745
UniProt Accession,RET3_HUMAN,P10745
HUGO Gene Nomenclature Committee (HGNC),HGNC:7,P01023
GenAtlas,A2M,P01023
GenBank Gene Database,M11313,P01023
GenBank Protein Database,177870,P01023
UniProtKB,P01023,P01023
UniProt Accession,A2MG_HUMAN,P01023
HUGO Gene Nomenclature Committee (HGNC),HGNC:13916,O95445
GenBank Gene Database,AF118393,O95445
GenBank Protein Database,6289103,O95445
UniProtKB,O95445,O95445
UniProt Accession,APOM_HUMAN,O95445
HUGO Gene Nomenclature Committee (HGNC),HGNC:2295,P00450
GenAtlas,CP,P00450
GenBank Gene Database,M13699,P00450
GenBank Protein Database,180256,P00450
UniProtKB,P00450,P00450
UniProt Accession,CERU_HUMAN,P00450
HUGO Gene Nomenclature Committee (HGNC),HGNC:798,O00244
GenAtlas,ATOX1,O00244
GenBank Gene Database,U70660,O00244
UniProtKB,O00244,O00244
UniProt Accession,ATOX1_HUMAN,O00244
HUGO Gene Nomenclature Committee (HGNC),HGNC:1613,O14618
UniProtKB,O14618,O14618
UniProt Accession,CCS_HUMAN,O14618
HUGO Gene Nomenclature Committee (HGNC),HGNC:2264,Q14061
UniProtKB,Q14061,Q14061
UniProt Accession,COX17_HUMAN,Q14061
HUGO Gene Nomenclature Committee (HGNC),HGNC:4866,Q9BQS7
UniProtKB,Q9BQS7,Q9BQS7
UniProt Accession,HEPH_HUMAN,Q9BQS7
HUGO Gene Nomenclature Committee (HGNC),HGNC:3542,P12259
GenAtlas,F5,P12259
GenBank Gene Database,M16967,P12259
GenBank Protein Database,182412,P12259
UniProtKB,P12259,P12259
UniProt Accession,FA5_HUMAN,P12259
HUGO Gene Nomenclature Committee (HGNC),HGNC:3546,P00451
GenAtlas,F8,P00451
GenBank Gene Database,M14113,P00451
GenBank Protein Database,182818,P00451
UniProtKB,P00451,P00451
UniProt Accession,FA8_HUMAN,P00451
HUGO Gene Nomenclature Committee (HGNC),HGNC:7428,Q14872
UniProtKB,Q14872,Q14872
UniProt Accession,MTF1_HUMAN,Q14872
HUGO Gene Nomenclature Committee (HGNC),HGNC:6547,P01130
GenAtlas,LDLR,P01130
GenBank Gene Database,L00352,P01130
GenBank Protein Database,307121,P01130
UniProtKB,P01130,P01130
UniProt Accession,LDLR_HUMAN,P01130
HUGO Gene Nomenclature Committee (HGNC),HGNC:12726,P04275
GenAtlas,VWF,P04275
GenBank Gene Database,X04385,P04275
GenBank Protein Database,37947,P04275
UniProtKB,P04275,P04275
UniProt Accession,VWF_HUMAN,P04275
HUGO Gene Nomenclature Committee (HGNC),HGNC:10966,O15244
GenBank Gene Database,X98333,O15244
GenBank Protein Database,2281942,O15244
Guide to Pharmacology,1020,O15244
UniProtKB,O15244,O15244
UniProt Accession,S22A2_HUMAN,O15244
HUGO Gene Nomenclature Committee (HGNC),HGNC:25588,Q96FL8
GenBank Gene Database,AK001709,Q96FL8
GenBank Protein Database,7023138,Q96FL8
Guide to Pharmacology,1216,Q96FL8
UniProtKB,Q96FL8,Q96FL8
UniProt Accession,S47A1_HUMAN,Q96FL8
HUGO Gene Nomenclature Committee (HGNC),HGNC:4026,P54710
GenAtlas,FXYD2,P54710
GenBank Gene Database,U50743,P54710
GenBank Protein Database,1575004,P54710
UniProtKB,P54710,P54710
UniProt Accession,ATNG_HUMAN,P54710
HUGO Gene Nomenclature Committee (HGNC),HGNC:799,P05023
GenAtlas,ATP1A1,P05023
GenBank Gene Database,D00099,P05023
GenBank Protein Database,219942,P05023
UniProtKB,P05023,P05023
UniProt Accession,AT1A1_HUMAN,P05023
HUGO Gene Nomenclature Committee (HGNC),HGNC:804,P05026
UniProtKB,P05026,P05026
UniProt Accession,AT1B1_HUMAN,P05026
HUGO Gene Nomenclature Committee (HGNC),HGNC:805,P14415
UniProtKB,P14415,P14415
UniProt Accession,AT1B2_HUMAN,P14415
HUGO Gene Nomenclature Committee (HGNC),HGNC:806,P54709
UniProtKB,P54709,P54709
UniProt Accession,AT1B3_HUMAN,P54709
HUGO Gene Nomenclature Committee (HGNC),HGNC:14073,Q13733
UniProtKB,Q13733,Q13733
UniProt Accession,AT1A4_HUMAN,Q13733
HUGO Gene Nomenclature Committee (HGNC),HGNC:800,P50993
UniProtKB,P50993,P50993
UniProt Accession,AT1A2_HUMAN,P50993
HUGO Gene Nomenclature Committee (HGNC),HGNC:801,P13637
UniProtKB,P13637,P13637
UniProt Accession,AT1A3_HUMAN,P13637
HUGO Gene Nomenclature Committee (HGNC),HGNC:10963,O15245
GenBank Gene Database,X98332,O15245
GenBank Protein Database,2511670,O15245
Guide to Pharmacology,1019,O15245
UniProtKB,O15245,O15245
UniProt Accession,S22A1_HUMAN,O15245
HUGO Gene Nomenclature Committee (HGNC),HGNC:8752,Q9UKL6
GenAtlas,PCTP,Q9UKL6
GenBank Gene Database,AF151638,Q9UKL6
GenBank Protein Database,6049276,Q9UKL6
UniProtKB,Q9UKL6,Q9UKL6
UniProt Accession,PPCT_HUMAN,Q9UKL6
HUGO Gene Nomenclature Committee (HGNC),HGNC:8630,P30086
GenAtlas,PEBP1,P30086
GenBank Gene Database,D16111,P30086
GenBank Protein Database,435638,P30086
UniProtKB,P30086,P30086
UniProt Accession,PEBP1_HUMAN,P30086
HUGO Gene Nomenclature Committee (HGNC),HGNC:1434,P05937
UniProtKB,P05937,P05937
UniProt Accession,CALB1_HUMAN,P05937
HUGO Gene Nomenclature Committee (HGNC),HGNC:1436,P29377
GenBank Gene Database,X65869,P29377
GenBank Protein Database,29602,P29377
UniProtKB,P29377,P29377
UniProt Accession,S100G_HUMAN,P29377
HUGO Gene Nomenclature Committee (HGNC),HGNC:914,P61769
GenBank Gene Database,AY187687,P61769
GenBank Protein Database,27763813,P61769
UniProtKB,P61769,P61769
UniProt Accession,B2MG_HUMAN,P61769
HUGO Gene Nomenclature Committee (HGNC),HGNC:6720,P02788
GenAtlas,LTF,P02788
GenBank Gene Database,X53961,P02788
GenBank Protein Database,34416,P02788
UniProtKB,P02788,P02788
UniProt Accession,TRFL_HUMAN,P02788
UniProtKB,P02773,P02773
UniProt Accession,FETA_RAT,P02773
HUGO Gene Nomenclature Committee (HGNC),HGNC:10962,O94956
GenAtlas,SLCO2B1,O94956
GenBank Gene Database,AB026256,O94956
GenBank Protein Database,5006263,O94956
UniProtKB,O94956,O94956
UniProt Accession,SO2B1_HUMAN,O94956
HUGO Gene Nomenclature Committee (HGNC),HGNC:387,P17516
GenAtlas,AKR1C4,P17516
GenBank Gene Database,S68287,P17516
GenBank Protein Database,4261710,P17516
UniProtKB,P17516,P17516
UniProt Accession,AK1C4_HUMAN,P17516
HUGO Gene Nomenclature Committee (HGNC),HGNC:386,P42330
GenAtlas,AKR1C3,P42330
GenBank Gene Database,S68288,P42330
GenBank Protein Database,4261711,P42330
Guide to Pharmacology,1382,P42330
UniProtKB,P42330,P42330
UniProt Accession,AK1C3_HUMAN,P42330
HUGO Gene Nomenclature Committee (HGNC),HGNC:385,P52895
GenAtlas,AKR1C2,P52895
GenBank Gene Database,U05598,P52895
GenBank Protein Database,531160,P52895
UniProtKB,P52895,P52895
UniProt Accession,AK1C2_HUMAN,P52895
HUGO Gene Nomenclature Committee (HGNC),HGNC:6156,P05106
GenAtlas,ITGB3,P05106
GenBank Gene Database,J02703,P05106
GenBank Protein Database,306786,P05106
UniProtKB,P05106,P05106
UniProt Accession,ITB3_HUMAN,P05106
HUGO Gene Nomenclature Committee (HGNC),HGNC:1455,P27797
GenAtlas,CALR,P27797
GenBank Gene Database,M32294,P27797
GenBank Protein Database,337487,P27797
UniProtKB,P27797,P27797
UniProt Accession,CALR_HUMAN,P27797
HUGO Gene Nomenclature Committee (HGNC),HGNC:8941,P01009
GenAtlas,SERPINA1,P01009
GenBank Gene Database,K01396,P01009
GenBank Protein Database,177829,P01009
UniProtKB,P01009,P01009
UniProt Accession,A1AT_HUMAN,P01009
