category,description,polypeptide_id
component,extracellular exosome,P05543
component,extracellular region,P05543
component,extracellular space,P05543
function,hormone binding,P05543
function,serine-type endopeptidase inhibitor activity,P05543
process,aging,P05543
process,negative regulation of endopeptidase activity,P05543
process,post-embryonic development,P05543
process,response to corticosterone,P05543
process,response to drug,P05543
process,response to peptide hormone,P05543
process,response to prostaglandin E,P05543
process,response to vitamin A,P05543
process,thyroid hormone transport,P05543
component,blood microparticle,P02768
component,endoplasmic reticulum,P02768
component,extracellular exosome,P02768
component,extracellular region,P02768
component,extracellular space,P02768
component,Golgi apparatus,P02768
component,myelin sheath,P02768
component,nucleus,P02768
component,platelet alpha granule lumen,P02768
component,protein complex,P02768
function,antioxidant activity,P02768
function,chaperone binding,P02768
function,copper ion binding,P02768
function,DNA binding,P02768
function,drug binding,P02768
function,fatty acid binding,P02768
function,pyridoxal phosphate binding,P02768
function,toxic substance binding,P02768
process,bile acid and bile salt transport,P02768
process,bile acid metabolic process,P02768
process,blood coagulation,P02768
process,cellular response to starvation,P02768
process,hemolysis by symbiont of host erythrocytes,P02768
process,lipoprotein metabolic process,P02768
process,maintenance of mitochondrion location,P02768
process,negative regulation of apoptotic process,P02768
process,negative regulation of programmed cell death,P02768
process,platelet activation,P02768
process,platelet degranulation,P02768
process,receptor-mediated endocytosis,P02768
process,retina homeostasis,P02768
process,small molecule metabolic process,P02768
process,sodium-independent organic anion transport,P02768
process,transmembrane transport,P02768
process,transport,P02768
component,cell periphery,O15540
component,cell projection,O15540
component,cell-cell junction,O15540
component,cytoplasm,O15540
component,cytosol,O15540
component,neuronal cell body,O15540
component,nucleoplasm,O15540
function,lipid binding,O15540
function,transporter activity,O15540
process,cell proliferation in forebrain,O15540
process,epithelial cell proliferation,O15540
process,negative regulation of cell proliferation,O15540
process,nervous system development,O15540
process,neurogenesis,O15540
process,prepulse inhibition,O15540
process,small molecule metabolic process,O15540
process,triglyceride catabolic process,O15540
component,axon,P02774
component,blood microparticle,P02774
component,cytosol,P02774
component,extracellular exosome,P02774
component,extracellular region,P02774
component,extracellular space,P02774
component,lysosomal lumen,P02774
component,perinuclear region of cytoplasm,P02774
function,actin binding,P02774
function,calcidiol binding,P02774
function,vitamin D binding,P02774
function,vitamin transporter activity,P02774
process,female pregnancy,P02774
process,lactation,P02774
process,response to estradiol,P02774
process,response to nutrient levels,P02774
process,small molecule metabolic process,P02774
process,steroid metabolic process,P02774
process,vitamin D metabolic process,P02774
process,vitamin transport,P02774
component,cytoplasm,P82980
component,extracellular exosome,P82980
function,retinal binding,P82980
function,retinoid binding,P82980
function,retinol binding,P82980
function,transporter activity,P82980
component,cytoplasm,Q96R05
function,retinal binding,Q96R05
function,retinol binding,Q96R05
function,transporter activity,Q96R05
component,cytosol,P02753
component,extracellular exosome,P02753
component,extracellular region,P02753
component,extracellular space,P02753
component,protein complex,P02753
function,retinal binding,P02753
function,retinol binding,P02753
function,retinol transporter activity,P02753
process,cardiac muscle tissue development,P02753
process,embryonic organ morphogenesis,P02753
process,embryonic retina morphogenesis in camera-type eye,P02753
process,embryonic skeletal system development,P02753
process,eye development,P02753
process,female genitalia morphogenesis,P02753
process,gluconeogenesis,P02753
process,glucose homeostasis,P02753
process,heart development,P02753
process,heart trabecula formation,P02753
process,lung development,P02753
process,maintenance of gastrointestinal epithelium,P02753
process,negative regulation of cardiac muscle cell proliferation,P02753
process,"phototransduction, visible light",P02753
process,positive regulation of immunoglobulin secretion,P02753
process,positive regulation of insulin secretion,P02753
process,response to ethanol,P02753
process,response to retinoic acid,P02753
process,retinoid metabolic process,P02753
process,retinol metabolic process,P02753
process,retinol transport,P02753
process,urinary bladder development,P02753
process,uterus development,P02753
process,vagina development,P02753
process,visual perception,P02753
component,cytosol,P50120
function,retinal binding,P50120
function,retinoid binding,P50120
function,retinol binding,P50120
function,transporter activity,P50120
process,epidermis development,P50120
process,"phototransduction, visible light",P50120
process,retinoid metabolic process,P50120
process,vitamin A metabolic process,P50120
component,cytosol,P49638
component,late endosome,P49638
function,"phosphatidylinositol-3,4-bisphosphate binding",P49638
function,"phosphatidylinositol-4,5-bisphosphate binding",P49638
function,transporter activity,P49638
function,vitamin E binding,P49638
process,embryonic placenta development,P49638
process,intermembrane transport,P49638
process,intracellular pH reduction,P49638
process,lipid metabolic process,P49638
process,negative regulation of cell death,P49638
process,negative regulation of establishment of blood-brain barrier,P49638
process,response to nutrient,P49638
process,response to pH,P49638
process,response to toxic substance,P49638
process,transport,P49638
process,vitamin E metabolic process,P49638
process,vitamin transport,P49638
component,cytoplasm,O76054
component,cytosol,O76054
component,extracellular exosome,O76054
component,integral component of membrane,O76054
component,nucleus,O76054
function,enzyme activator activity,O76054
function,phospholipid binding,O76054
function,"transferase activity, transferring alkyl or aryl (other than methyl) groups",O76054
function,transporter activity,O76054
function,vitamin E binding,O76054
process,positive regulation of cholesterol biosynthetic process,O76054
process,"positive regulation of transcription, DNA-templated",O76054
process,regulation of cholesterol biosynthetic process,O76054
process,"transcription, DNA-templated",O76054
component,extracellular exosome,Q9UDX4
component,integral component of membrane,Q9UDX4
component,intracellular,Q9UDX4
function,lipid binding,Q9UDX4
function,transporter activity,Q9UDX4
component,extracellular exosome,P08185
component,extracellular space,P08185
function,serine-type endopeptidase inhibitor activity,P08185
function,steroid binding,P08185
process,glucocorticoid metabolic process,P08185
process,negative regulation of endopeptidase activity,P08185
process,transport,P08185
component,endosome,P20062
component,extracellular exosome,P20062
component,extracellular region,P20062
component,extracellular space,P20062
component,lysosomal lumen,P20062
function,cobalamin binding,P20062
function,metal ion binding,P20062
process,cobalamin metabolic process,P20062
process,cobalamin transport,P20062
process,cobalt ion transport,P20062
process,small molecule metabolic process,P20062
process,vitamin metabolic process,P20062
process,water-soluble vitamin metabolic process,P20062
component,blood microparticle,P02763
component,extracellular exosome,P02763
component,extracellular region,P02763
component,extracellular space,P02763
process,acute-phase response,P02763
process,inflammatory response,P02763
process,negative regulation of interleukin-6 production,P02763
process,negative regulation of tumor necrosis factor production,P02763
process,regulation of immune system process,P02763
process,transport,P02763
component,cytoplasm,P02766
component,extracellular exosome,P02766
component,extracellular region,P02766
component,extracellular space,P02766
component,protein complex,P02766
function,hormone binding,P02766
function,identical protein binding,P02766
process,cellular protein metabolic process,P02766
process,extracellular matrix organization,P02766
process,"phototransduction, visible light",P02766
process,retinoid metabolic process,P02766
process,retinol metabolic process,P02766
process,transport,P02766
component,extracellular exosome,P04278
component,extracellular region,P04278
function,androgen binding,P04278
process,primary spermatocyte growth,P04278
component,clathrin-coated endocytic vesicle membrane,P12314
component,early endosome membrane,P12314
component,integral component of membrane,P12314
component,plasma membrane,P12314
function,receptor signaling protein activity,P12314
process,antigen processing and presentation of exogenous peptide antigen via MHC class I,P12314
process,"antigen processing and presentation of exogenous peptide antigen via MHC class I, TAP-dependent",P12314
process,antigen processing and presentation of peptide antigen via MHC class I,P12314
process,cytokine-mediated signaling pathway,P12314
process,Fc-gamma receptor signaling pathway involved in phagocytosis,P12314
process,immune response,P12314
process,innate immune response,P12314
process,interferon-gamma-mediated signaling pathway,P12314
process,intracellular signal transduction,P12314
process,"phagocytosis, engulfment",P12314
process,regulation of immune response,P12314
process,signal transduction,P12314
component,basolateral plasma membrane,P11166
component,blood microparticle,P11166
component,caveola,P11166
component,cell-cell junction,P11166
component,cortical actin cytoskeleton,P11166
component,cytosol,P11166
component,extracellular exosome,P11166
component,female pronucleus,P11166
component,Golgi membrane,P11166
component,integral component of plasma membrane,P11166
component,melanosome,P11166
component,membrane,P11166
component,midbody,P11166
component,plasma membrane,P11166
function,D-glucose transmembrane transporter activity,P11166
function,dehydroascorbic acid transporter activity,P11166
function,glucose transmembrane transporter activity,P11166
function,identical protein binding,P11166
function,protein self-association,P11166
function,xenobiotic transporter activity,P11166
process,carbohydrate metabolic process,P11166
process,cellular response to glucose starvation,P11166
process,energy reserve metabolic process,P11166
process,glucose transmembrane transport,P11166
process,glucose transport,P11166
process,hexose transport,P11166
process,L-ascorbic acid metabolic process,P11166
process,lactose biosynthetic process,P11166
process,protein complex assembly,P11166
process,regulation of insulin secretion,P11166
process,response to osmotic stress,P11166
process,small molecule metabolic process,P11166
process,transmembrane transport,P11166
process,vitamin metabolic process,P11166
process,water-soluble vitamin metabolic process,P11166
component,apical plasma membrane,P41440
component,basolateral plasma membrane,P41440
component,integral component of plasma membrane,P41440
component,plasma membrane,P41440
function,folic acid binding,P41440
function,folic acid transporter activity,P41440
function,methotrexate transporter activity,P41440
function,reduced folate carrier activity,P41440
process,folic acid metabolic process,P41440
process,folic acid transport,P41440
process,methotrexate transport,P41440
process,reduced folate transmembrane transport,P41440
process,small molecule metabolic process,P41440
process,transmembrane transport,P41440
process,vitamin metabolic process,P41440
process,water-soluble vitamin metabolic process,P41440
component,cytosol,P70174
component,integral component of plasma membrane,P70174
component,plasma membrane,P70174
function,calcium ion transmembrane transporter activity,P70174
function,histamine receptor activity,P70174
process,calcium ion import,P70174
process,cellular response to histamine,P70174
process,eosinophil chemotaxis,P70174
process,G-protein coupled receptor signaling pathway,P70174
process,inflammatory response,P70174
process,manganese ion transmembrane transport,P70174
process,memory,P70174
process,phospholipase C-activating G-protein coupled receptor signaling pathway,P70174
process,positive regulation of vasoconstriction,P70174
process,regulation of synaptic plasticity,P70174
process,regulation of vascular permeability,P70174
process,regulation of vasoconstriction,P70174
process,rhythmic process,P70174
process,visual learning,P70174
component,cytoplasm,P29373
component,cytosol,P29373
component,endoplasmic reticulum,P29373
component,extracellular exosome,P29373
component,nucleoplasm,P29373
function,retinal binding,P29373
function,retinoic acid binding,P29373
function,retinoid binding,P29373
function,retinol binding,P29373
function,transporter activity,P29373
process,embryonic forelimb morphogenesis,P29373
process,epidermis development,P29373
process,positive regulation of collateral sprouting,P29373
process,regulation of retinoic acid receptor signaling pathway,P29373
process,"regulation of transcription, DNA-templated",P29373
process,retinoic acid metabolic process,P29373
process,signal transduction,P29373
component,cytosol,P29762
function,retinal binding,P29762
function,retinoic acid binding,P29762
function,retinoid binding,P29762
function,retinol binding,P29762
function,transporter activity,P29762
process,multicellular organismal development,P29762
process,retinoic acid catabolic process,P29762
process,signal transduction,P29762
component,cell surface,P08183
component,extracellular exosome,P08183
component,integral component of membrane,P08183
component,membrane,P08183
component,plasma membrane,P08183
function,ATP binding,P08183
function,"ATPase activity, coupled to transmembrane movement of substances",P08183
function,transporter activity,P08183
function,xenobiotic-transporting ATPase activity,P08183
process,drug transmembrane transport,P08183
process,G2/M transition of mitotic cell cycle,P08183
process,response to drug,P08183
process,small molecule metabolic process,P08183
process,stem cell proliferation,P08183
process,transmembrane transport,P08183
process,transport,P08183
component,basolateral plasma membrane,Q9Y6L6
component,integral component of plasma membrane,Q9Y6L6
component,membrane,Q9Y6L6
component,plasma membrane,Q9Y6L6
function,bile acid transmembrane transporter activity,Q9Y6L6
function,sodium-independent organic anion transmembrane transporter activity,Q9Y6L6
process,anion transmembrane transport,Q9Y6L6
process,bile acid and bile salt transport,Q9Y6L6
process,bile acid metabolic process,Q9Y6L6
process,organic anion transport,Q9Y6L6
process,small molecule metabolic process,Q9Y6L6
process,sodium-independent organic anion transport,Q9Y6L6
process,transmembrane transport,Q9Y6L6
component,cytosol,P12104
function,fatty acid binding,P12104
function,transporter activity,P12104
process,digestion,P12104
process,small molecule metabolic process,P12104
process,triglyceride catabolic process,P12104
component,apical plasma membrane,P02787
component,basal part of cell,P02787
component,basal plasma membrane,P02787
component,blood microparticle,P02787
component,cell surface,P02787
component,coated pit,P02787
component,cytoplasmic membrane-bounded vesicle,P02787
component,early endosome,P02787
component,endocytic vesicle,P02787
component,endosome membrane,P02787
component,extracellular exosome,P02787
component,extracellular region,P02787
component,extracellular space,P02787
component,extrinsic component of external side of plasma membrane,P02787
component,HFE-transferrin receptor complex,P02787
component,late endosome,P02787
component,perinuclear region of cytoplasm,P02787
component,recycling endosome,P02787
component,secretory granule lumen,P02787
component,vesicle,P02787
function,ferric iron binding,P02787
function,ferric iron transmembrane transporter activity,P02787
function,ferrous iron binding,P02787
function,transferrin receptor binding,P02787
process,blood coagulation,P02787
process,cellular iron ion homeostasis,P02787
process,cellular response to iron ion,P02787
process,ferrous iron import into cell,P02787
process,iron ion homeostasis,P02787
process,platelet activation,P02787
process,platelet degranulation,P02787
process,positive regulation of receptor-mediated endocytosis,P02787
process,regulation of protein stability,P02787
process,retina homeostasis,P02787
process,transferrin transport,P02787
process,transmembrane transport,P02787
component,extracellular exosome,P17936
component,extracellular region,P17936
component,extracellular space,P17936
component,insulin-like growth factor binding protein complex,P17936
component,insulin-like growth factor ternary complex,P17936
component,nucleus,P17936
function,fibronectin binding,P17936
function,insulin-like growth factor binding,P17936
function,insulin-like growth factor I binding,P17936
function,insulin-like growth factor II binding,P17936
function,metal ion binding,P17936
function,protein tyrosine phosphatase activator activity,P17936
process,apoptotic process,P17936
process,cellular protein metabolic process,P17936
process,negative regulation of cell proliferation,P17936
process,negative regulation of protein phosphorylation,P17936
process,negative regulation of signal transduction,P17936
process,negative regulation of smooth muscle cell migration,P17936
process,negative regulation of smooth muscle cell proliferation,P17936
process,osteoblast differentiation,P17936
process,positive regulation of apoptotic process,P17936
process,positive regulation of catalytic activity,P17936
process,positive regulation of insulin-like growth factor receptor signaling pathway,P17936
process,positive regulation of MAPK cascade,P17936
process,positive regulation of myoblast differentiation,P17936
process,protein phosphorylation,P17936
process,regulation of cell growth,P17936
process,regulation of glucose metabolic process,P17936
process,regulation of insulin-like growth factor receptor signaling pathway,P17936
process,type B pancreatic cell proliferation,P17936
component,extracellular exosome,P35858
component,extracellular region,P35858
component,extracellular space,P35858
component,insulin-like growth factor ternary complex,P35858
component,nucleoplasm,P35858
function,insulin-like growth factor binding,P35858
process,cell adhesion,P35858
process,cellular protein metabolic process,P35858
process,signal transduction,P35858
component,apical cortex,P07148
component,cytoplasm,P07148
component,cytosol,P07148
component,extracellular exosome,P07148
component,nucleoplasm,P07148
component,peroxisomal matrix,P07148
function,antioxidant activity,P07148
function,bile acid binding,P07148
function,chromatin binding,P07148
function,drug binding,P07148
function,fatty acid binding,P07148
function,long-chain fatty acid transporter activity,P07148
function,phospholipid binding,P07148
process,cellular lipid metabolic process,P07148
process,cellular response to hydrogen peroxide,P07148
process,cellular response to hypoxia,P07148
process,intestinal absorption,P07148
process,mitophagy in response to mitochondrial depolarization,P07148
process,negative regulation of apoptotic process,P07148
process,negative regulation of cysteine-type endopeptidase activity involved in apoptotic process,P07148
process,positive regulation of cell proliferation,P07148
process,positive regulation of defense response to virus by host,P07148
process,positive regulation of fatty acid beta-oxidation,P07148
process,positive regulation of hydrolase activity,P07148
process,small molecule metabolic process,P07148
process,triglyceride catabolic process,P07148
process,xenophagy,P07148
component,cytoplasm,P15090
component,cytosol,P15090
component,extracellular exosome,P15090
component,lipid particle,P15090
component,nucleus,P15090
function,fatty acid binding,P15090
function,transporter activity,P15090
process,brown fat cell differentiation,P15090
process,cellular response to lithium ion,P15090
process,cholesterol homeostasis,P15090
process,cytokine production,P15090
process,negative regulation of protein kinase activity,P15090
process,"negative regulation of transcription, DNA-templated",P15090
process,positive regulation of inflammatory response,P15090
process,small molecule metabolic process,P15090
process,triglyceride catabolic process,P15090
process,white fat cell differentiation,P15090
component,cytosol,P05413
component,extracellular exosome,P05413
component,extracellular space,P05413
component,sarcoplasm,P05413
function,cytoskeletal protein binding,P05413
function,icosatetraenoic acid binding,P05413
function,long-chain fatty acid binding,P05413
function,long-chain fatty acid transporter activity,P05413
function,oleic acid binding,P05413
process,cholesterol homeostasis,P05413
process,fatty acid metabolic process,P05413
process,long-chain fatty acid import,P05413
process,negative regulation of cell proliferation,P05413
process,phospholipid homeostasis,P05413
process,positive regulation of phospholipid biosynthetic process,P05413
process,regulation of fatty acid oxidation,P05413
process,response to drug,P05413
process,response to fatty acid,P05413
process,response to insulin,P05413
process,small molecule metabolic process,P05413
process,triglyceride catabolic process,P05413
component,cytoplasm,Q01469
component,cytosol,Q01469
component,extracellular exosome,Q01469
component,nucleoplasm,Q01469
function,fatty acid binding,Q01469
function,lipid binding,Q01469
function,transporter activity,Q01469
process,epidermis development,Q01469
process,glucose metabolic process,Q01469
process,glucose transport,Q01469
process,lipid metabolic process,Q01469
process,phosphatidylcholine biosynthetic process,Q01469
process,small molecule metabolic process,Q01469
process,triglyceride catabolic process,Q01469
component,apical part of cell,P98155
component,cell surface,P98155
component,coated pit,P98155
component,integral component of membrane,P98155
component,membrane,P98155
component,nucleus,P98155
component,perinuclear region of cytoplasm,P98155
component,plasma membrane,P98155
component,receptor complex,P98155
component,very-low-density lipoprotein particle,P98155
function,apolipoprotein binding,P98155
function,calcium ion binding,P98155
function,calcium-dependent protein binding,P98155
function,glycoprotein binding,P98155
function,glycoprotein transporter activity,P98155
function,low-density lipoprotein receptor activity,P98155
function,reelin receptor activity,P98155
function,very-low-density lipoprotein particle binding,P98155
function,very-low-density lipoprotein particle receptor activity,P98155
process,cellular response to glucose starvation,P98155
process,cellular response to hypoxia,P98155
process,cellular response to insulin stimulus,P98155
process,cellular response to interleukin-1,P98155
process,cellular response to lipopolysaccharide,P98155
process,cerebral cortex development,P98155
process,cholesterol metabolic process,P98155
process,dendrite morphogenesis,P98155
process,glycoprotein transport,P98155
process,heart development,P98155
process,lipid transport,P98155
process,memory,P98155
process,negative regulation of transcription from RNA polymerase II promoter,P98155
process,nervous system development,P98155
process,positive regulation of dendrite development,P98155
process,positive regulation of protein kinase activity,P98155
process,receptor-mediated endocytosis,P98155
process,reelin-mediated signaling pathway,P98155
process,response to drug,P98155
process,response to nutrient,P98155
process,signal transduction,P98155
process,ventral spinal cord development,P98155
process,very-low-density lipoprotein particle clearance,P98155
component,cytoplasm,P09455
component,cytosol,P09455
component,nucleoplasm,P09455
function,retinal binding,P09455
function,retinoid binding,P09455
function,retinol binding,P09455
function,transporter activity,P09455
process,"phototransduction, visible light",P09455
process,retinoic acid biosynthetic process,P09455
process,retinoid metabolic process,P09455
process,vitamin A metabolic process,P09455
component,extracellular region,P10745
component,extracellular space,P10745
component,extracellular vesicle,P10745
component,interphotoreceptor matrix,P10745
function,retinal binding,P10745
function,retinoid binding,P10745
function,retinol binding,P10745
function,serine-type peptidase activity,P10745
process,lipid metabolic process,P10745
process,"phototransduction, visible light",P10745
process,retinoid metabolic process,P10745
process,transport,P10745
process,visual perception,P10745
component,blood microparticle,P01023
component,cytosol,P01023
component,extracellular exosome,P01023
component,extracellular region,P01023
component,platelet alpha granule lumen,P01023
function,calcium-dependent protein binding,P01023
function,enzyme binding,P01023
function,growth factor binding,P01023
function,interleukin-1 binding,P01023
function,interleukin-8 binding,P01023
function,protease binding,P01023
function,receptor binding,P01023
function,serine-type endopeptidase inhibitor activity,P01023
function,tumor necrosis factor binding,P01023
process,blood coagulation,P01023
process,"blood coagulation, intrinsic pathway",P01023
process,extracellular matrix disassembly,P01023
process,extracellular matrix organization,P01023
process,"negative regulation of complement activation, lectin pathway",P01023
process,negative regulation of endopeptidase activity,P01023
process,platelet activation,P01023
process,platelet degranulation,P01023
process,regulation of small GTPase mediated signal transduction,P01023
process,small GTPase mediated signal transduction,P01023
process,stem cell differentiation,P01023
component,discoidal high-density lipoprotein particle,O95445
component,extracellular exosome,O95445
component,extracellular region,O95445
component,high-density lipoprotein particle,O95445
component,integral component of plasma membrane,O95445
component,low-density lipoprotein particle,O95445
component,spherical high-density lipoprotein particle,O95445
component,very-low-density lipoprotein particle,O95445
function,antioxidant activity,O95445
function,lipid transporter activity,O95445
function,phospholipid binding,O95445
process,cholesterol efflux,O95445
process,cholesterol homeostasis,O95445
process,high-density lipoprotein particle assembly,O95445
process,high-density lipoprotein particle clearance,O95445
process,high-density lipoprotein particle remodeling,O95445
process,lipoprotein metabolic process,O95445
process,negative regulation of plasma lipoprotein particle oxidation,O95445
process,"phototransduction, visible light",O95445
process,response to glucose,O95445
process,retinoid metabolic process,O95445
process,reverse cholesterol transport,O95445
component,blood microparticle,P00450
component,extracellular exosome,P00450
component,extracellular region,P00450
component,extracellular space,P00450
component,lysosomal membrane,P00450
function,chaperone binding,P00450
function,copper ion binding,P00450
function,ferroxidase activity,P00450
process,cellular iron ion homeostasis,P00450
process,copper ion transport,P00450
process,transmembrane transport,P00450
component,cytosol,O00244
function,copper chaperone activity,O00244
function,copper ion binding,O00244
function,copper ion transmembrane transporter activity,O00244
function,copper-dependent protein binding,O00244
function,metallochaperone activity,O00244
process,cellular copper ion homeostasis,O00244
process,copper ion transport,O00244
process,intracellular copper ion transport,O00244
process,response to oxidative stress,O00244
process,response to reactive oxygen species,O00244
component,cytoplasm,O14618
component,cytosol,O14618
component,nucleus,O14618
function,copper ion binding,O14618
function,protein disulfide oxidoreductase activity,O14618
function,superoxide dismutase activity,O14618
function,superoxide dismutase copper chaperone activity,O14618
function,zinc ion binding,O14618
process,intracellular copper ion transport,O14618
process,positive regulation of oxidoreductase activity,O14618
process,removal of superoxide radicals,O14618
process,response to reactive oxygen species,O14618
process,superoxide metabolic process,O14618
component,cytoplasm,Q14061
component,mitochondrial intermembrane space,Q14061
function,copper chaperone activity,Q14061
function,copper ion binding,Q14061
function,cuprous ion binding,Q14061
process,brain development,Q14061
process,copper ion transport,Q14061
process,generation of precursor metabolites and energy,Q14061
process,heart development,Q14061
process,mitochondrial respiratory chain complex IV assembly,Q14061
process,positive regulation of cell proliferation,Q14061
process,positive regulation of cytochrome-c oxidase activity,Q14061
component,basolateral plasma membrane,Q9BQS7
component,integral component of membrane,Q9BQS7
component,intracellular,Q9BQS7
component,perinuclear region of cytoplasm,Q9BQS7
component,plasma membrane,Q9BQS7
function,copper ion binding,Q9BQS7
function,ferrous iron binding,Q9BQS7
function,ferroxidase activity,Q9BQS7
process,cellular iron ion homeostasis,Q9BQS7
process,copper ion transport,Q9BQS7
process,iron ion transport,Q9BQS7
component,endoplasmic reticulum lumen,P12259
component,endoplasmic reticulum-Golgi intermediate compartment membrane,P12259
component,ER to Golgi transport vesicle,P12259
component,extracellular region,P12259
component,extracellular space,P12259
component,extracellular vesicle,P12259
component,Golgi membrane,P12259
component,membrane,P12259
component,plasma membrane,P12259
component,platelet alpha granule lumen,P12259
function,copper ion binding,P12259
process,blood circulation,P12259
process,blood coagulation,P12259
process,cellular protein metabolic process,P12259
process,COPII vesicle coating,P12259
process,ER to Golgi vesicle-mediated transport,P12259
process,membrane organization,P12259
process,platelet activation,P12259
process,platelet degranulation,P12259
process,post-translational protein modification,P12259
process,protein N-linked glycosylation via asparagine,P12259
component,endoplasmic reticulum lumen,P00451
component,endoplasmic reticulum-Golgi intermediate compartment membrane,P00451
component,ER to Golgi transport vesicle,P00451
component,extracellular region,P00451
component,extracellular space,P00451
component,Golgi membrane,P00451
component,plasma membrane,P00451
component,platelet alpha granule lumen,P00451
function,copper ion binding,P00451
function,oxidoreductase activity,P00451
process,acute-phase response,P00451
process,blood coagulation,P00451
process,"blood coagulation, intrinsic pathway",P00451
process,cellular protein metabolic process,P00451
process,COPII vesicle coating,P00451
process,ER to Golgi vesicle-mediated transport,P00451
process,membrane organization,P00451
process,platelet activation,P00451
process,platelet degranulation,P00451
process,post-translational protein modification,P00451
process,protein N-linked glycosylation via asparagine,P00451
component,apical part of cell,P01130
component,basolateral plasma membrane,P01130
component,cell surface,P01130
component,clathrin-coated endocytic vesicle membrane,P01130
component,coated pit,P01130
component,early endosome,P01130
component,endosome membrane,P01130
component,external side of plasma membrane,P01130
component,Golgi apparatus,P01130
component,integral component of plasma membrane,P01130
component,late endosome,P01130
component,low-density lipoprotein particle,P01130
component,lysosome,P01130
component,membrane,P01130
component,PCSK9-LDLR complex,P01130
component,plasma membrane,P01130
component,receptor complex,P01130
function,calcium ion binding,P01130
function,clathrin heavy chain binding,P01130
function,glycoprotein binding,P01130
function,low-density lipoprotein particle binding,P01130
function,low-density lipoprotein receptor activity,P01130
function,protease binding,P01130
function,receptor activity,P01130
function,very-low-density lipoprotein particle receptor activity,P01130
function,virus receptor activity,P01130
process,cholesterol homeostasis,P01130
process,cholesterol import,P01130
process,cholesterol metabolic process,P01130
process,cholesterol transport,P01130
process,endocytosis,P01130
process,intestinal cholesterol absorption,P01130
process,lipid metabolic process,P01130
process,lipoprotein catabolic process,P01130
process,lipoprotein metabolic process,P01130
process,low-density lipoprotein particle clearance,P01130
process,phospholipid transport,P01130
process,"phototransduction, visible light",P01130
process,positive regulation of triglyceride biosynthetic process,P01130
process,receptor-mediated endocytosis,P01130
process,regulation of cholesterol homeostasis,P01130
process,regulation of phosphatidylcholine catabolic process,P01130
process,retinoid metabolic process,P01130
process,small molecule metabolic process,P01130
component,endoplasmic reticulum,P04275
component,external side of plasma membrane,P04275
component,extracellular exosome,P04275
component,extracellular matrix,P04275
component,extracellular region,P04275
component,platelet alpha granule,P04275
component,platelet alpha granule lumen,P04275
component,proteinaceous extracellular matrix,P04275
component,Weibel-Palade body,P04275
function,chaperone binding,P04275
function,collagen binding,P04275
function,glycoprotein binding,P04275
function,identical protein binding,P04275
function,immunoglobulin binding,P04275
function,integrin binding,P04275
function,protease binding,P04275
function,protein homodimerization activity,P04275
function,protein N-terminus binding,P04275
process,blood coagulation,P04275
process,"blood coagulation, intrinsic pathway",P04275
process,cell adhesion,P04275
process,cell-substrate adhesion,P04275
process,extracellular matrix organization,P04275
process,hemostasis,P04275
process,liver development,P04275
process,placenta development,P04275
process,platelet activation,P04275
process,platelet degranulation,P04275
process,protein homooligomerization,P04275
process,response to wounding,P04275
component,extracellular exosome,O15244
component,integral component of plasma membrane,O15244
component,membrane,O15244
component,plasma membrane,O15244
function,choline transmembrane transporter activity,O15244
function,dopamine transmembrane transporter activity,O15244
function,organic cation transmembrane transporter activity,O15244
function,quaternary ammonium group transmembrane transporter activity,O15244
process,ammonium transmembrane transport,O15244
process,body fluid secretion,O15244
process,choline transport,O15244
process,dopamine transport,O15244
process,drug transmembrane transport,O15244
process,neurotransmitter biosynthetic process,O15244
process,neurotransmitter secretion,O15244
process,organic cation transport,O15244
process,quaternary ammonium group transport,O15244
process,small molecule metabolic process,O15244
process,synaptic transmission,O15244
process,transmembrane transport,O15244
component,integral component of membrane,Q96FL8
component,membrane-bounded vesicle,Q96FL8
component,plasma membrane,Q96FL8
function,drug transmembrane transporter activity,Q96FL8
function,monovalent cation,Q96FL8
process,drug transmembrane transport,Q96FL8
process,organic cation transport,Q96FL8
process,transmembrane transport,Q96FL8
component,basolateral plasma membrane,P54710
component,extracellular exosome,P54710
component,integral component of plasma membrane,P54710
component,intracellular membrane-bounded organelle,P54710
component,plasma membrane,P54710
component,sodium,P54710
function,ion channel activity,P54710
function,sodium,P54710
function,sodium channel regulator activity,P54710
function,transporter activity,P54710
process,ATP hydrolysis coupled transmembrane transport,P54710
process,establishment or maintenance of transmembrane electrochemical gradient,P54710
process,ion transmembrane transport,P54710
process,potassium ion import across plasma membrane,P54710
process,regulation of cell growth,P54710
process,regulation of cell proliferation,P54710
process,regulation of sodium ion transmembrane transporter activity,P54710
process,sodium ion export from cell,P54710
process,transmembrane transport,P54710
process,transport,P54710
component,apical plasma membrane,P05023
component,basolateral plasma membrane,P05023
component,caveola,P05023
component,endoplasmic reticulum,P05023
component,endosome,P05023
component,extracellular exosome,P05023
component,extracellular vesicle,P05023
component,Golgi apparatus,P05023
component,integral component of membrane,P05023
component,intercalated disc,P05023
component,intracellular membrane-bounded organelle,P05023
component,melanosome,P05023
component,membrane,P05023
component,myelin sheath,P05023
component,neuronal postsynaptic density,P05023
component,plasma membrane,P05023
component,protein complex,P05023
component,sarcolemma,P05023
component,sodium,P05023
component,T-tubule,P05023
function,ADP binding,P05023
function,ATP binding,P05023
function,chaperone binding,P05023
function,phosphatase activity,P05023
function,potassium ion binding,P05023
function,sodium,P05023
function,sodium ion binding,P05023
function,steroid hormone binding,P05023
process,ATP hydrolysis coupled proton transport,P05023
process,cardiac muscle contraction,P05023
process,cell communication by electrical coupling involved in cardiac conduction,P05023
process,cellular potassium ion homeostasis,P05023
process,cellular response to mechanical stimulus,P05023
process,cellular response to steroid hormone stimulus,P05023
process,cellular sodium ion homeostasis,P05023
process,establishment or maintenance of transmembrane electrochemical gradient,P05023
process,ion transmembrane transport,P05023
process,membrane hyperpolarization,P05023
process,membrane repolarization,P05023
process,membrane repolarization during cardiac muscle cell action potential,P05023
process,negative regulation of glucocorticoid biosynthetic process,P05023
process,negative regulation of heart contraction,P05023
process,positive regulation of heart contraction,P05023
process,positive regulation of striated muscle contraction,P05023
process,potassium ion import,P05023
process,potassium ion import across plasma membrane,P05023
process,protein dephosphorylation,P05023
process,regulation of blood pressure,P05023
process,regulation of cardiac muscle cell contraction,P05023
process,regulation of sodium ion transport,P05023
process,regulation of the force of heart contraction,P05023
process,relaxation of cardiac muscle,P05023
process,response to drug,P05023
process,response to glycoside,P05023
process,sodium ion export from cell,P05023
process,transmembrane transport,P05023
component,apical plasma membrane,P05026
component,basolateral plasma membrane,P05026
component,caveola,P05026
component,extracellular exosome,P05026
component,extracellular vesicle,P05026
component,intercalated disc,P05026
component,intracellular,P05026
component,membrane,P05026
component,myelin sheath,P05026
component,plasma membrane,P05026
component,sarcolemma,P05026
component,sodium,P05026
function,ATPase activator activity,P05026
function,ATPase binding,P05026
function,MHC class II protein complex binding,P05026
function,sodium,P05026
process,ATP hydrolysis coupled transmembrane transport,P05026
process,ATP metabolic process,P05026
process,blood coagulation,P05026
process,cardiac muscle contraction,P05026
process,cell adhesion,P05026
process,cell communication by electrical coupling involved in cardiac conduction,P05026
process,cellular calcium ion homeostasis,P05026
process,cellular potassium ion homeostasis,P05026
process,cellular sodium ion homeostasis,P05026
process,establishment or maintenance of transmembrane electrochemical gradient,P05026
process,ion transmembrane transport,P05026
process,leukocyte migration,P05026
process,membrane repolarization,P05026
process,membrane repolarization during cardiac muscle cell action potential,P05026
process,mitophagy in response to mitochondrial depolarization,P05026
process,positive regulation of ATPase activity,P05026
process,positive regulation of calcium,P05026
process,positive regulation of defense response to virus by host,P05026
process,positive regulation of potassium ion import,P05026
process,positive regulation of potassium ion transmembrane transporter activity,P05026
process,positive regulation of sodium ion export from cell,P05026
process,potassium ion import,P05026
process,potassium ion import across plasma membrane,P05026
process,protein localization to plasma membrane,P05026
process,protein stabilization,P05026
process,protein transport into plasma membrane raft,P05026
process,regulation of cardiac muscle contraction by calcium ion signaling,P05026
process,regulation of gene expression,P05026
process,relaxation of cardiac muscle,P05026
process,response to hypoxia,P05026
process,sodium ion export from cell,P05026
process,transmembrane transport,P05026
process,xenophagy,P05026
component,apical plasma membrane,P14415
component,cytoplasm,P14415
component,plasma membrane,P14415
component,sodium,P14415
function,ATPase activator activity,P14415
function,ATPase binding,P14415
function,sodium,P14415
process,ATP hydrolysis coupled transmembrane transport,P14415
process,blood coagulation,P14415
process,cell adhesion,P14415
process,cell communication by electrical coupling involved in cardiac conduction,P14415
process,cellular potassium ion homeostasis,P14415
process,cellular sodium ion homeostasis,P14415
process,establishment or maintenance of transmembrane electrochemical gradient,P14415
process,ion transmembrane transport,P14415
process,leukocyte migration,P14415
process,membrane repolarization,P14415
process,positive regulation of ATPase activity,P14415
process,positive regulation of potassium ion import,P14415
process,positive regulation of potassium ion transmembrane transporter activity,P14415
process,positive regulation of sodium ion export from cell,P14415
process,potassium ion import,P14415
process,protein stabilization,P14415
process,sodium ion export from cell,P14415
process,transmembrane transport,P14415
process,transport,P14415
component,caveola,P54709
component,extracellular exosome,P54709
component,melanosome,P54709
component,plasma membrane,P54709
component,sodium,P54709
function,ATPase activator activity,P54709
function,ATPase binding,P54709
function,sodium,P54709
process,ATP hydrolysis coupled transmembrane transport,P54709
process,blood coagulation,P54709
process,cellular potassium ion homeostasis,P54709
process,cellular sodium ion homeostasis,P54709
process,establishment or maintenance of transmembrane electrochemical gradient,P54709
process,ion transmembrane transport,P54709
process,leukocyte migration,P54709
process,membrane repolarization,P54709
process,positive regulation of ATPase activity,P54709
process,positive regulation of potassium ion import,P54709
process,positive regulation of potassium ion transmembrane transporter activity,P54709
process,positive regulation of sodium ion export from cell,P54709
process,potassium ion import,P54709
process,protein localization to plasma membrane,P54709
process,protein stabilization,P54709
process,sodium ion export from cell,P54709
process,transmembrane transport,P54709
process,transport,P54709
component,integral component of plasma membrane,Q13733
component,intracellular membrane-bounded organelle,Q13733
component,plasma membrane,Q13733
component,sodium,Q13733
function,ATP binding,Q13733
function,metal ion binding,Q13733
function,sodium,Q13733
process,ATP hydrolysis coupled proton transport,Q13733
process,cellular potassium ion homeostasis,Q13733
process,cellular sodium ion homeostasis,Q13733
process,establishment or maintenance of transmembrane electrochemical gradient,Q13733
process,fertilization,Q13733
process,ion transmembrane transport,Q13733
process,potassium ion import,Q13733
process,potassium ion transport,Q13733
process,regulation of cellular pH,Q13733
process,regulation of membrane potential,Q13733
process,sodium ion export from cell,Q13733
process,sodium ion transport,Q13733
process,sperm motility,Q13733
process,spermatogenesis,Q13733
process,transmembrane transport,Q13733
component,caveola,P50993
component,cytoplasm,P50993
component,cytosol,P50993
component,dendritic spine,P50993
component,endosome,P50993
component,extracellular vesicle,P50993
component,intercalated disc,P50993
component,intracellular membrane-bounded organelle,P50993
component,membrane,P50993
component,myelin sheath,P50993
component,plasma membrane,P50993
component,sodium,P50993
component,T-tubule,P50993
function,ATP binding,P50993
function,chaperone binding,P50993
function,metal ion binding,P50993
function,sodium,P50993
function,steroid hormone binding,P50993
process,adult locomotory behavior,P50993
process,ATP hydrolysis coupled proton transport,P50993
process,ATP metabolic process,P50993
process,cardiac muscle contraction,P50993
process,cell communication by electrical coupling involved in cardiac conduction,P50993
process,cellular potassium ion homeostasis,P50993
process,cellular response to mechanical stimulus,P50993
process,cellular response to steroid hormone stimulus,P50993
process,cellular sodium ion homeostasis,P50993
process,establishment or maintenance of transmembrane electrochemical gradient,P50993
process,ion transmembrane transport,P50993
process,locomotion,P50993
process,membrane depolarization during cardiac muscle cell action potential,P50993
process,membrane repolarization,P50993
process,negative regulation of calcium,P50993
process,negative regulation of calcium ion transmembrane transport,P50993
process,negative regulation of cytosolic calcium ion concentration,P50993
process,negative regulation of heart contraction,P50993
process,negative regulation of striated muscle contraction,P50993
process,neurotransmitter uptake,P50993
process,potassium ion import,P50993
process,potassium ion import across plasma membrane,P50993
process,potassium ion transport,P50993
process,regulation of blood pressure,P50993
process,regulation of cardiac muscle cell contraction,P50993
process,regulation of cardiac muscle contraction by regulation of the release of sequestered calcium ion,P50993
process,regulation of glutamate uptake involved in transmission of nerve impulse,P50993
process,regulation of respiratory gaseous exchange by neurological system process,P50993
process,regulation of smooth muscle contraction,P50993
process,regulation of striated muscle contraction,P50993
process,"regulation of synaptic transmission, glutamatergic",P50993
process,regulation of the force of heart contraction,P50993
process,regulation of vasoconstriction,P50993
process,relaxation of cardiac muscle,P50993
process,response to glycoside,P50993
process,response to nicotine,P50993
process,sodium ion export from cell,P50993
process,sodium ion transport,P50993
process,transmembrane transport,P50993
process,visual learning,P50993
component,axon,P13637
component,dendritic spine head,P13637
component,dendritic spine neck,P13637
component,endoplasmic reticulum,P13637
component,extracellular vesicle,P13637
component,Golgi apparatus,P13637
component,integral component of membrane,P13637
component,myelin sheath,P13637
component,nucleus,P13637
component,plasma membrane,P13637
component,sodium,P13637
component,synapse,P13637
function,ATP binding,P13637
function,chaperone binding,P13637
function,metal ion binding,P13637
function,sodium,P13637
function,steroid hormone binding,P13637
process,adult locomotory behavior,P13637
process,ATP hydrolysis coupled proton transport,P13637
process,cell communication by electrical coupling involved in cardiac conduction,P13637
process,cellular potassium ion homeostasis,P13637
process,cellular response to steroid hormone stimulus,P13637
process,cellular sodium ion homeostasis,P13637
process,establishment or maintenance of transmembrane electrochemical gradient,P13637
process,ion transmembrane transport,P13637
process,ionotropic glutamate receptor signaling pathway,P13637
process,memory,P13637
process,potassium ion import,P13637
process,response to drug,P13637
process,response to glycoside,P13637
process,sodium ion export from cell,P13637
process,transmembrane transport,P13637
process,visual learning,P13637
component,basolateral plasma membrane,O15245
component,integral component of plasma membrane,O15245
component,membrane,O15245
component,plasma membrane,O15245
function,acetylcholine transmembrane transporter activity,O15245
function,dopamine transmembrane transporter activity,O15245
function,norepinephrine transmembrane transporter activity,O15245
function,organic cation transmembrane transporter activity,O15245
function,quaternary ammonium group transmembrane transporter activity,O15245
function,secondary active organic cation transmembrane transporter activity,O15245
process,ammonium transmembrane transport,O15245
process,dopamine transport,O15245
process,drug transmembrane transport,O15245
process,epinephrine transport,O15245
process,establishment or maintenance of transmembrane electrochemical gradient,O15245
process,neurotransmitter transport,O15245
process,norepinephrine transport,O15245
process,organic cation transport,O15245
process,protein homooligomerization,O15245
process,quaternary ammonium group transport,O15245
process,small molecule metabolic process,O15245
process,transmembrane transport,O15245
component,cytosol,Q9UKL6
function,phosphatidylcholine binding,Q9UKL6
function,phosphatidylcholine transporter activity,Q9UKL6
process,cholesterol metabolic process,Q9UKL6
process,lipid transport,Q9UKL6
process,phospholipid transport,Q9UKL6
component,cytosol,P30086
component,extracellular exosome,P30086
component,nucleus,P30086
function,ATP binding,P30086
function,enzyme binding,P30086
function,phosphatidylethanolamine binding,P30086
function,poly(A) RNA binding,P30086
function,protein kinase binding,P30086
function,serine-type endopeptidase inhibitor activity,P30086
process,activation of MAPKK activity,P30086
process,axon guidance,P30086
process,epidermal growth factor receptor signaling pathway,P30086
process,Fc-epsilon receptor signaling pathway,P30086
process,fibroblast growth factor receptor signaling pathway,P30086
process,innate immune response,P30086
process,insulin receptor signaling pathway,P30086
process,MAPK cascade,P30086
process,neurotrophin TRK receptor signaling pathway,P30086
process,Ras protein signal transduction,P30086
process,small GTPase mediated signal transduction,P30086
process,vascular endothelial growth factor receptor signaling pathway,P30086
component,axon,P05937
component,cytosol,P05937
component,dendrite,P05937
component,dendritic spine,P05937
component,extracellular exosome,P05937
component,neuronal cell body,P05937
component,nucleus,P05937
component,synapse,P05937
component,terminal bouton,P05937
function,calcium ion binding,P05937
function,vitamin D binding,P05937
function,zinc ion binding,P05937
process,cellular protein metabolic process,P05937
process,cellular response to organic substance,P05937
process,locomotory behavior,P05937
process,long-term memory,P05937
process,metanephric collecting duct development,P05937
process,metanephric connecting tubule development,P05937
process,metanephric distal convoluted tubule development,P05937
process,metanephric part of ureteric bud development,P05937
process,regulation of cytosolic calcium ion concentration,P05937
process,regulation of long-term synaptic potentiation,P05937
process,regulation of presynaptic cytosolic calcium ion concentration,P05937
process,retina layer formation,P05937
process,short-term memory,P05937
component,apical plasma membrane,P29377
component,basolateral plasma membrane,P29377
function,calcium ion binding,P29377
function,vitamin D binding,P29377
component,cytoplasm,P61769
component,early endosome lumen,P61769
component,early endosome membrane,P61769
component,endoplasmic reticulum lumen,P61769
component,ER to Golgi transport vesicle membrane,P61769
component,external side of plasma membrane,P61769
component,extracellular exosome,P61769
component,extracellular region,P61769
component,extracellular space,P61769
component,focal adhesion,P61769
component,Golgi apparatus,P61769
component,Golgi membrane,P61769
component,HFE-transferrin receptor complex,P61769
component,membrane,P61769
component,MHC class I protein complex,P61769
component,phagocytic vesicle membrane,P61769
component,plasma membrane,P61769
function,glycoprotein binding,P61769
function,identical protein binding,P61769
process,antibacterial humoral response,P61769
process,antigen processing and presentation of endogenous peptide antigen via MHC class I,P61769
process,antigen processing and presentation of exogenous peptide antigen via MHC class I,P61769
process,"antigen processing and presentation of exogenous peptide antigen via MHC class I, TAP-dependent",P61769
process,"antigen processing and presentation of exogenous peptide antigen via MHC class I, TAP-independent",P61769
process,"antigen processing and presentation of exogenous protein antigen via MHC class Ib, TAP-dependent",P61769
process,antigen processing and presentation of peptide antigen via MHC class I,P61769
process,cellular protein metabolic process,P61769
process,cellular response to iron ion,P61769
process,cellular response to lipopolysaccharide,P61769
process,cytokine-mediated signaling pathway,P61769
process,defense response to Gram-negative bacterium,P61769
process,defense response to Gram-positive bacterium,P61769
process,innate immune response,P61769
process,interferon-gamma-mediated signaling pathway,P61769
process,iron ion homeostasis,P61769
process,negative regulation of receptor binding,P61769
process,positive regulation of ferrous iron binding,P61769
process,positive regulation of ferrous iron import into cell,P61769
process,positive regulation of protein binding,P61769
process,positive regulation of receptor binding,P61769
process,positive regulation of receptor-mediated endocytosis,P61769
process,positive regulation of T cell cytokine production,P61769
process,positive regulation of T cell mediated cytotoxicity,P61769
process,positive regulation of transferrin receptor binding,P61769
process,protein refolding,P61769
process,regulation of defense response to virus by virus,P61769
process,regulation of immune response,P61769
process,regulation of membrane depolarization,P61769
process,response to cadmium ion,P61769
process,response to drug,P61769
process,retina homeostasis,P61769
process,T cell differentiation in thymus,P61769
process,viral process,P61769
component,cell surface,P02788
component,cytoplasm,P02788
component,extracellular exosome,P02788
component,extracellular region,P02788
component,extracellular space,P02788
component,nucleus,P02788
component,phagocytic vesicle lumen,P02788
component,protein complex,P02788
component,secretory granule,P02788
component,specific granule,P02788
function,DNA binding,P02788
function,heparin binding,P02788
function,iron ion binding,P02788
function,protein serine/threonine kinase activator activity,P02788
function,serine-type endopeptidase activity,P02788
process,antibacterial humoral response,P02788
process,antifungal humoral response,P02788
process,bone morphogenesis,P02788
process,cellular protein metabolic process,P02788
process,humoral immune response,P02788
process,innate immune response in mucosa,P02788
process,interaction with host,P02788
process,ion transport,P02788
process,iron assimilation by chelation and transport,P02788
process,negative regulation by host of viral process,P02788
process,negative regulation of apoptotic process,P02788
process,negative regulation of ATPase activity,P02788
process,negative regulation of lipopolysaccharide-mediated signaling pathway,P02788
process,negative regulation of osteoclast development,P02788
process,negative regulation of single-species biofilm formation in or on host organism,P02788
process,negative regulation of tumor necrosis factor (ligand) superfamily member 11 production,P02788
process,negative regulation of viral genome replication,P02788
process,negative regulation of viral process,P02788
process,ossification,P02788
process,phagosome maturation,P02788
process,positive regulation of bone mineralization involved in bone maturation,P02788
process,positive regulation of chondrocyte proliferation,P02788
process,positive regulation of I-kappaB kinase/NF-kappaB signaling,P02788
process,positive regulation of NF-kappaB transcription factor activity,P02788
process,positive regulation of osteoblast differentiation,P02788
process,positive regulation of osteoblast proliferation,P02788
process,positive regulation of protein serine/threonine kinase activity,P02788
process,positive regulation of toll-like receptor 4 signaling pathway,P02788
process,regulation of cytokine production,P02788
process,regulation of tumor necrosis factor production,P02788
process,response to host immune response,P02788
process,retina homeostasis,P02788
process,"transcription, DNA-templated",P02788
component,cytoplasm,P02773
component,extracellular space,P02773
function,metal ion binding,P02773
process,animal organ regeneration,P02773
process,liver development,P02773
process,ovulation from ovarian follicle,P02773
process,pancreas development,P02773
process,progesterone metabolic process,P02773
process,response to organic substance,P02773
process,sexual reproduction,P02773
process,SMAD protein signal transduction,P02773
component,integral component of plasma membrane,O94956
component,plasma membrane,O94956
function,bile acid transmembrane transporter activity,O94956
function,organic anion transmembrane transporter activity,O94956
function,sodium-independent organic anion transmembrane transporter activity,O94956
process,anion transmembrane transport,O94956
process,bile acid and bile salt transport,O94956
process,sodium-independent organic anion transport,O94956
process,transmembrane transport,O94956
component,cytoplasm,P17516
component,cytosol,P17516
component,extracellular exosome,P17516
function,aldo-keto reductase (NADP) activity,P17516
function,androsterone dehydrogenase activity,P17516
function,bile acid transmembrane transporter activity,P17516
function,chlordecone reductase activity,P17516
function,electron carrier activity,P17516
function,"oxidoreductase activity, acting on NAD(P)H, quinone or similar compound as acceptor",P17516
function,retinal dehydrogenase activity,P17516
process,androgen metabolic process,P17516
process,bile acid and bile salt transport,P17516
process,bile acid biosynthetic process,P17516
process,bile acid metabolic process,P17516
process,cellular response to jasmonic acid stimulus,P17516
process,daunorubicin metabolic process,P17516
process,doxorubicin metabolic process,P17516
process,"phototransduction, visible light",P17516
process,retinoid metabolic process,P17516
process,small molecule metabolic process,P17516
process,steroid metabolic process,P17516
component,cytoplasm,P42330
component,cytosol,P42330
component,extracellular exosome,P42330
component,intracellular,P42330
component,nucleus,P42330
function,15-hydroxyprostaglandin-D dehydrogenase (NADP+) activity,P42330
function,alditol,P42330
function,aldo-keto reductase (NADP) activity,P42330
function,androsterone dehydrogenase activity,P42330
function,delta4-3-oxosteroid 5beta-reductase activity,P42330
function,dihydrotestosterone 17-beta-dehydrogenase activity,P42330
function,geranylgeranyl reductase activity,P42330
function,indanol dehydrogenase activity,P42330
function,ketoreductase activity,P42330
function,ketosteroid monooxygenase activity,P42330
function,"oxidoreductase activity, acting on NAD(P)H, quinone or similar compound as acceptor",P42330
function,"phenanthrene 9,10-monooxygenase activity",P42330
function,prostaglandin D2 11-ketoreductase activity,P42330
function,prostaglandin-F synthase activity,P42330
function,retinal dehydrogenase activity,P42330
function,retinol dehydrogenase activity,P42330
function,testosterone 17-beta-dehydrogenase (NADP+) activity,P42330
function,testosterone dehydrogenase (NAD+) activity,P42330
function,"trans-1,2-dihydrobenzene-1,2-diol dehydrogenase activity",P42330
process,arachidonic acid metabolic process,P42330
process,cellular response to cadmium ion,P42330
process,cellular response to calcium ion,P42330
process,cellular response to corticosteroid stimulus,P42330
process,cellular response to jasmonic acid stimulus,P42330
process,cellular response to prostaglandin D stimulus,P42330
process,cellular response to prostaglandin stimulus,P42330
process,cellular response to reactive oxygen species,P42330
process,cellular response to starvation,P42330
process,cyclooxygenase pathway,P42330
process,daunorubicin metabolic process,P42330
process,doxorubicin metabolic process,P42330
process,farnesol catabolic process,P42330
process,G-protein coupled receptor signaling pathway,P42330
process,keratinocyte differentiation,P42330
process,male gonad development,P42330
process,multicellular organismal macromolecule metabolic process,P42330
process,negative regulation of retinoic acid biosynthetic process,P42330
process,oxidation-reduction process,P42330
process,"phototransduction, visible light",P42330
process,positive regulation of cell death,P42330
process,positive regulation of cell proliferation,P42330
process,positive regulation of endothelial cell apoptotic process,P42330
process,positive regulation of protein kinase B signaling,P42330
process,positive regulation of reactive oxygen species metabolic process,P42330
process,progesterone metabolic process,P42330
process,prostaglandin metabolic process,P42330
process,"protein import into nucleus, translocation",P42330
process,regulation of retinoic acid receptor signaling pathway,P42330
process,regulation of testosterone biosynthetic process,P42330
process,renal absorption,P42330
process,response to nutrient,P42330
process,retinal metabolic process,P42330
process,retinoid metabolic process,P42330
process,small molecule metabolic process,P42330
process,steroid metabolic process,P42330
process,testosterone biosynthetic process,P42330
component,cytoplasm,P52895
function,alditol,P52895
function,bile acid binding,P52895
function,carboxylic acid binding,P52895
function,ketosteroid monooxygenase activity,P52895
function,"oxidoreductase activity, acting on NAD(P)H, quinone or similar compound as acceptor",P52895
function,"phenanthrene 9,10-monooxygenase activity",P52895
function,"trans-1,2-dihydrobenzene-1,2-diol dehydrogenase activity",P52895
process,cellular response to jasmonic acid stimulus,P52895
process,cellular response to prostaglandin D stimulus,P52895
process,daunorubicin metabolic process,P52895
process,digestion,P52895
process,doxorubicin metabolic process,P52895
process,epithelial cell differentiation,P52895
process,G-protein coupled receptor signaling pathway,P52895
process,oxidation-reduction process,P52895
process,positive regulation of cell proliferation,P52895
process,positive regulation of protein kinase B signaling,P52895
process,progesterone metabolic process,P52895
process,prostaglandin metabolic process,P52895
process,steroid metabolic process,P52895
component,alphav-beta3 integrin-vitronectin complex,P05106
component,cell surface,P05106
component,extracellular exosome,P05106
component,filopodium membrane,P05106
component,focal adhesion,P05106
component,integral component of plasma membrane,P05106
component,integrin alphav-beta3 complex,P05106
component,integrin complex,P05106
component,lamellipodium membrane,P05106
component,melanosome,P05106
component,microvillus membrane,P05106
component,nucleus,P05106
component,plasma membrane,P05106
component,platelet alpha granule membrane,P05106
component,receptor complex,P05106
component,ruffle membrane,P05106
function,cell adhesion molecule binding,P05106
function,enzyme binding,P05106
function,extracellular matrix binding,P05106
function,fibronectin binding,P05106
function,identical protein binding,P05106
function,platelet-derived growth factor receptor binding,P05106
function,protease binding,P05106
function,protein disulfide isomerase activity,P05106
function,vascular endothelial growth factor receptor 2 binding,P05106
function,virus receptor activity,P05106
process,activation of protein kinase activity,P05106
process,angiogenesis involved in wound healing,P05106
process,apolipoprotein A-I-mediated signaling pathway,P05106
process,axon guidance,P05106
process,blood coagulation,P05106
process,cell adhesion,P05106
process,cell growth,P05106
process,cell migration,P05106
process,cell-matrix adhesion,P05106
process,cell-substrate adhesion,P05106
process,cell-substrate junction assembly,P05106
process,extracellular matrix organization,P05106
process,heterotypic cell-cell adhesion,P05106
process,integrin-mediated signaling pathway,P05106
process,leukocyte migration,P05106
process,mesodermal cell differentiation,P05106
process,negative chemotaxis,P05106
process,negative regulation of lipid storage,P05106
process,negative regulation of lipid transport,P05106
process,negative regulation of lipoprotein metabolic process,P05106
process,negative regulation of low-density lipoprotein particle receptor biosynthetic process,P05106
process,negative regulation of macrophage derived foam cell differentiation,P05106
process,platelet activation,P05106
process,platelet aggregation,P05106
process,platelet degranulation,P05106
process,positive regulation of endothelial cell migration,P05106
process,positive regulation of endothelial cell proliferation,P05106
process,positive regulation of peptidyl-tyrosine phosphorylation,P05106
process,positive regulation of protein phosphorylation,P05106
process,positive regulation of vascular endothelial growth factor receptor signaling pathway,P05106
process,protein folding,P05106
process,regulation of bone resorption,P05106
process,smooth muscle cell migration,P05106
process,substrate adhesion-dependent cell spreading,P05106
process,tube development,P05106
process,vascular endothelial growth factor receptor signaling pathway,P05106
process,viral entry into host cell,P05106
process,wound healing,P05106
component,acrosomal vesicle,P27797
component,cell surface,P27797
component,cytoplasm,P27797
component,cytosol,P27797
component,endocytic vesicle lumen,P27797
component,endoplasmic reticulum,P27797
component,endoplasmic reticulum lumen,P27797
component,external side of plasma membrane,P27797
component,extracellular exosome,P27797
component,extracellular region,P27797
component,extracellular space,P27797
component,focal adhesion,P27797
component,Golgi apparatus,P27797
component,integral component of lumenal side of endoplasmic reticulum membrane,P27797
component,intracellular,P27797
component,membrane,P27797
component,MHC class I peptide loading complex,P27797
component,nucleus,P27797
component,perinuclear region of cytoplasm,P27797
component,polysome,P27797
component,proteinaceous extracellular matrix,P27797
component,sarcoplasmic reticulum lumen,P27797
component,smooth endoplasmic reticulum,P27797
function,androgen receptor binding,P27797
function,calcium ion binding,P27797
function,carbohydrate binding,P27797
function,chaperone binding,P27797
function,complement component C1q binding,P27797
function,DNA binding,P27797
function,glycoprotein binding,P27797
function,hormone binding,P27797
function,integrin binding,P27797
function,iron ion binding,P27797
function,mRNA binding,P27797
function,peptide binding,P27797
function,poly(A) RNA binding,P27797
function,protein binding involved in protein folding,P27797
function,ubiquitin protein ligase binding,P27797
function,unfolded protein binding,P27797
function,zinc ion binding,P27797
process,antigen processing and presentation of exogenous peptide antigen via MHC class I,P27797
process,"antigen processing and presentation of exogenous peptide antigen via MHC class I, TAP-dependent",P27797
process,antigen processing and presentation of peptide antigen via MHC class I,P27797
process,ATF6-mediated unfolded protein response,P27797
process,cardiac muscle cell differentiation,P27797
process,cell cycle arrest,P27797
process,cellular calcium ion homeostasis,P27797
process,cellular protein metabolic process,P27797
process,cellular response to lithium ion,P27797
process,cellular senescence,P27797
process,chaperone-mediated protein folding,P27797
process,cortical actin cytoskeleton organization,P27797
process,endoplasmic reticulum unfolded protein response,P27797
process,glucocorticoid receptor signaling pathway,P27797
process,negative regulation of intracellular steroid hormone receptor signaling pathway,P27797
process,negative regulation of neuron differentiation,P27797
process,negative regulation of retinoic acid receptor signaling pathway,P27797
process,negative regulation of transcription from RNA polymerase II promoter,P27797
process,"negative regulation of transcription, DNA-templated",P27797
process,negative regulation of translation,P27797
process,peptide antigen assembly with MHC class I protein complex,P27797
process,positive regulation of cell cycle,P27797
process,positive regulation of cell proliferation,P27797
process,positive regulation of dendritic cell chemotaxis,P27797
process,positive regulation of DNA replication,P27797
process,positive regulation of gene expression,P27797
process,positive regulation of phagocytosis,P27797
process,positive regulation of substrate adhesion-dependent cell spreading,P27797
process,post-translational protein modification,P27797
process,protein export from nucleus,P27797
process,protein folding,P27797
process,protein folding in endoplasmic reticulum,P27797
process,protein localization to nucleus,P27797
process,protein maturation by protein folding,P27797
process,protein N-linked glycosylation via asparagine,P27797
process,protein stabilization,P27797
process,receptor-mediated endocytosis,P27797
process,regulation of apoptotic process,P27797
process,regulation of meiotic nuclear division,P27797
process,"regulation of transcription, DNA-templated",P27797
process,response to drug,P27797
process,response to estradiol,P27797
process,response to testosterone,P27797
process,sequestering of calcium ion,P27797
process,spermatogenesis,P27797
component,endoplasmic reticulum,P01009
component,endoplasmic reticulum lumen,P01009
component,endoplasmic reticulum-Golgi intermediate compartment membrane,P01009
component,ER to Golgi transport vesicle,P01009
component,extracellular exosome,P01009
component,extracellular region,P01009
component,extracellular space,P01009
component,Golgi apparatus,P01009
component,Golgi membrane,P01009
component,platelet alpha granule lumen,P01009
component,proteinaceous extracellular matrix,P01009
function,glycoprotein binding,P01009
function,identical protein binding,P01009
function,protease binding,P01009
function,serine-type endopeptidase inhibitor activity,P01009
process,acute-phase response,P01009
process,blood coagulation,P01009
process,cellular protein metabolic process,P01009
process,COPII vesicle coating,P01009
process,ER to Golgi vesicle-mediated transport,P01009
process,membrane organization,P01009
process,negative regulation of endopeptidase activity,P01009
process,platelet activation,P01009
process,platelet degranulation,P01009
process,post-translational protein modification,P01009
process,protein N-linked glycosylation via asparagine,P01009
