ref-id,title,url,parent_key
L5566,FDA pharmacology report,https://www.accessdata.fda.gov/drugsatfda_docs/nda/2002/21-286_Benicar_biopharmr_P1.pdf,BE0000530
L5695,PMC,https://www.ncbi.nlm.nih.gov/pmc/articles/PMC2683610/,BE0000530
L5695,PMC,https://www.ncbi.nlm.nih.gov/pmc/articles/PMC2683610/,BE0000685
L5518,"Medicines UK document, Codeine phosphate tablets",https://www.medicines.org.uk/emc/product/2616/smpc,BE0009633
L5518,"Medicines UK document, Codeine phosphate tablets",https://www.medicines.org.uk/emc/product/2616/smpc,BE0009634
L5518,"Medicines UK document, Codeine phosphate tablets",https://www.medicines.org.uk/emc/product/2616/smpc,BE0009635
L5518,"Medicines UK document, Codeine phosphate tablets",https://www.medicines.org.uk/emc/product/2616/smpc,BE0009636
L3868,FDA reports,https://www.fda.gov/downloads/Drugs/DevelopmentApprovalProcess/DevelopmentResources/UCM421134.pdf,BE0001032
L3868,FDA reports,https://www.fda.gov/downloads/Drugs/DevelopmentApprovalProcess/DevelopmentResources/UCM421134.pdf,BE0001004
L1162,Empowerpharmacy,https://www.empowerpharmacy.com/drugs/testosterone-propionate-injection.html,BE0000685
L1162,Empowerpharmacy,https://www.empowerpharmacy.com/drugs/testosterone-propionate-injection.html,BE0000530
L867,Pharmaceuticals and Medical Devices Agency (PMDA): Topiroxostat review,https://www.pmda.go.jp/files/000153624.pdf,BE0000530
L867,Pharmaceuticals and Medical Devices Agency (PMDA): Topiroxostat review,https://www.pmda.go.jp/files/000153624.pdf,BE0000925
L161,Link,http://dailymed.nlm.nih.gov/dailymed/lookup.cfm?setid=d2a87691-c9ad-4753-97a1-311fccfe6515,BE0000925
L161,Link,http://dailymed.nlm.nih.gov/dailymed/lookup.cfm?setid=d2a87691-c9ad-4753-97a1-311fccfe6515,BE0000530
L1186,JCcardiol,http://www.hellenicjcardiol.org/archive/full_text/2009/3/2009_3_199.pdf,BE0000530
L1143,Tc-99m compounds,http://eknygos.lsmuni.lt/springer/439/173-337.pdf,BE0000530
L1343,Researchgate,https://www.researchgate.net/publication/229817671_Aranidipine_MPC-1304_a_New_Dihydropyridine_Calcium_Antagonist_A_Review_of_Its_Antihypertensive_Action,BE0000530
L1343,Researchgate,https://www.researchgate.net/publication/229817671_Aranidipine_MPC-1304_a_New_Dihydropyridine_Calcium_Antagonist_A_Review_of_Its_Antihypertensive_Action,BE0000925
L1126,Lacidipine Summary of Product Characteristics,http://mri.cts-mrp.eu/download/NL_H_2992_002_FinalSPC.pdf,BE0000530
L1126,Lacidipine Summary of Product Characteristics,http://mri.cts-mrp.eu/download/NL_H_2992_002_FinalSPC.pdf,BE0000925
L1065,Coenzyme Q,http://fodsupport.org/pdf/Description_of_CoQ_10.pdf,BE0000499
L1065,Coenzyme Q,http://fodsupport.org/pdf/Description_of_CoQ_10.pdf,BE0004020
L492,Drug Information,http://www.nuclearonline.org/PI/Cardiogen.pdf,BE0000229
L492,Drug Information,http://www.nuclearonline.org/PI/Cardiogen.pdf,BE0000732
L492,Drug Information,http://www.nuclearonline.org/PI/Cardiogen.pdf,BE0004994
L492,Drug Information,http://www.nuclearonline.org/PI/Cardiogen.pdf,BE0005018
L492,Drug Information,http://www.nuclearonline.org/PI/Cardiogen.pdf,BE0005026
L492,Drug Information,http://www.nuclearonline.org/PI/Cardiogen.pdf,BE0005031
L492,Drug Information,http://www.nuclearonline.org/PI/Cardiogen.pdf,BE0005034
L492,Drug Information,http://www.nuclearonline.org/PI/Cardiogen.pdf,BE0005047
L2401,FDA reports,https://www.accessdata.fda.gov/drugsatfda_docs/nda/2014/205060Orig1s000PharmR.pdf,BE0000935
L2401,FDA reports,https://www.accessdata.fda.gov/drugsatfda_docs/nda/2014/205060Orig1s000PharmR.pdf,BE0001179
L2422,COPPER(II) OXIDE - National Library of Medicine HSDB Database - Toxnet,https://toxnet.nlm.nih.gov/cgi-bin/sis/search/a?dbs+hsdb:@term+@DOCNO+266,BE0000530
L2422,COPPER(II) OXIDE - National Library of Medicine HSDB Database - Toxnet,https://toxnet.nlm.nih.gov/cgi-bin/sis/search/a?dbs+hsdb:@term+@DOCNO+266,BE0001140
L2287,Sunvepra,http://www.medicines.org.au/files/bqpsunve.pdf,BE0001032
L2293,Autralian Public Assessment,https://www.tga.gov.au/sites/default/files/auspar-asunaprevir-151214.pdf,BE0001032
L2287,Sunvepra,http://www.medicines.org.au/files/bqpsunve.pdf,BE0001004
L2287,Sunvepra,http://www.medicines.org.au/files/bqpsunve.pdf,BE0001042
L1407,"Deltyba, INN-Delamanid - European Medicines Agency - Europa EU",http://www.ema.europa.eu/docs/en_GB/document_library/EPAR_-_Product_Information/human/002552/WC500166232.pdf,BE0000530
L1407,"Deltyba, INN-Delamanid - European Medicines Agency - Europa EU",http://www.ema.europa.eu/docs/en_GB/document_library/EPAR_-_Product_Information/human/002552/WC500166232.pdf,BE0000925
L4834,Clinical trials,https://clinicaltrials.gov/ct2/show/NCT02181660,BE0000530
