synonyms,polypeptide_id
"3.6.3.44,ATP-binding cassette sub-family B member 1,MDR1,P-glycoprotein 1,PGY1",P08183
"ATP-binding cassette sub-family C member 2,Canalicular multidrug resistance protein,CMOAT,CMOAT1,CMRP,MRP2,Multidrug resistance-associated protein 2",Q92887
"ATP-binding cassette sub-family C member 3,CMOAT2,MLP2,MOAT-D,MRP3,Multi-specific organic anion transporter D,Multidrug resistance-associated protein 3",O15438
"ATP-binding cassette sub-family B member 11,BSEP",O95342
"OATP,OATP-1,OATP-A,OATP1,OATP1A2,Organic anion-transporting polypeptide 1,SLC21A3,Sodium-independent organic anion transporter,Solute carrier family 21 member 3",P46721
"Apical sodium-dependent bile acid transporter,ASBT,IBAT,Ileal Na(+)/bile acid cotransporter,Ileal sodium-dependent bile acid transporter,ISBT,Na(+)-dependent ileal bile acid transporter,NTCP2,Sodium/taurocholate cotransporting polypeptide, ileal,Solute carrier family 10 member 2",Q12908
"Cell growth-inhibiting gene 29 protein,Na(+)/bile acid cotransporter,Na(+)/taurocholate transport protein,NTCP,Sodium/taurocholate cotransporting polypeptide,Solute carrier family 10 member 1",Q14973
"hOAT1,hPAHT,hROAT1,OAT1,Organic anion transporter 1,PAH transporter,PAHT,Renal organic anion transporter 1",Q4U2R8
"ATP-binding cassette sub-family C member 10,MRP7,SIMRP7",Q5T3U5
"ABCP,BCRP,BCRP1,Breast cancer resistance protein,CDw338,Mitoxantrone resistance-associated protein,MXR,Placenta-specific ATP-binding cassette transporter,Urate exporter",Q9UNQ0
"Liver-specific organic anion transporter 1,LST-1,LST1,OATP-2,OATP-C,OATP1B1,OATP2,OATPC,SLC21A6,Sodium-independent organic anion-transporting polypeptide 2,Solute carrier family 21 member 6",Q9Y6L6
"Liver-specific organic anion transporter 2,LST-2,LST2,OATP-8,OATP1B3,OATP8,Organic anion transporter 8,Organic anion-transporting polypeptide 8,SLC21A8,Solute carrier family 21 member 8",Q9NPD5
Amnionless protein precursor,Q9BXJ7
"Haptocorrin,HC,Protein R,TC I,TC-1,TC1,TCI,Transcobalamin I",P20061
"TC II,TC-2,TC2,TCII,Transcobalamin II",P20062
"IF,IFMH,INF,Intrinsic factor",P27352
"460 kDa receptor,IFCR,Intestinal intrinsic factor receptor,Intrinsic factor-cobalamin receptor,Intrinsic factor-vitamin B12 receptor",O60494
"Glycoprotein 330,gp330,LRP-2,Megalin",P98164
"ATP-binding cassette sub-family C member 1,Leukotriene C(4) transporter,LTC4 transporter,MRP,MRP1",P33527
"Aromatic amino acid transporter 1,MCT 10,MCT10,Solute carrier family 16 member 10,T-type amino acid transporter 1,TAT1",Q8TF71
"MCT 2,MCT2,Solute carrier family 16 member 7",O60669
"MCT 1,MCT1,Solute carrier family 16 member 1",P53985
"OATP2A1,PGT,Prostaglandin transporter,SLC21A2,Solute carrier family 21 member 2",Q92959
"MCT 4,MCT4,Solute carrier family 16 member 3",O15427
"hOCT2,OCT2,Organic cation transporter 2",O15244
"hOCT1,OCT1,Organic cation transporter 1",O15245
"EMT,EMTH,Extraneuronal monoamine transporter,OCT3,Organic cation transporter 3",O75751
"High-affinity sodium-dependent carnitine cotransporter,OCTN2,Organic cation/carnitine transporter 2",O76082
"Ergothioneine transporter,ET transporter,ETT,OCTN1,Organic cation/carnitine transporter 1,UT2H",Q9H015
"CD92,CDW92,CTL1,Solute carrier family 44 member 1",Q8WWI5
"C6orf29,CTL4,NG22,Solute carrier family 44 member 4",Q53GD3
"CTL2,Solute carrier family 44 member 2",Q8IWA5
"CTL3,Solute carrier family 44 member 3",Q8N4M1
"CHT,CHT1,Hemicholinium-3-sensitive choline transporter,Solute carrier family 5 member 7",Q9GZV3
"hSVCT1,Na(+)/L-ascorbic acid transporter 1,Sodium-dependent vitamin C transporter 1,SVCT1,Yolk sac permease-like molecule 3,YSPL3",Q9UHI7
"G17,N-system amino acid transporter 1,Na(+)-coupled neutral amino acid transporter 3,NAT1,SN1,SNAT3,Solute carrier family 38 member 3,System N amino acid transporter 1",Q99624
"ASCT2,ATB(0),Baboon M7 virus receptor,M7V1,RD114/simian type D retrovirus receptor,RDR,RDRC,Sodium-dependent neutral amino acid transporter type 2,Solute carrier family 1 member 5",Q15758
"hLAT2,L-type amino acid transporter 2,LAT2,Solute carrier family 7 member 8",Q9UHI5
"MCT 7,MCT 8,MCT8,Monocarboxylate transporter 7,Solute carrier family 16 member 2,X-linked PEST-containing transporter,XPCT",P36021
"hOAT3,OAT3,Organic anion transporter 3",Q8TCC7
"ATP-binding cassette sub-family C member 4,MOAT-B,MRP/cMOAT-related ABC transporter,MRP4,Multi-specific organic anion transporter B",O15439
"ATP-binding cassette sub-family C member 5,MOAT-C,MRP5,Multi-specific organic anion transporter C,pABC11,SMRP",O15440
"MRP8,Multidrug resistance-associated protein 8",Q96J66
"G21,HCP1,Heme carrier protein 1,PCFT,PCFT/HCP1,Solute carrier family 46 member 1",Q96NT5
"MFT,MFTC,Solute carrier family 25 member 32",Q9H2D1
"CD36 and LIMPII analogous 1,CD36 antigen-like 1,CD36L1,CLA-1,CLA1,Collagen type I receptor, thrombospondin receptor-like 1,SR-BI,SRB1",Q8WTV0
"ABC-1,ABC1,ATP-binding cassette 1,ATP-binding cassette transporter 1,CERP,Cholesterol efflux regulatory protein",O95477
Niemann-Pick C1-like protein 1 precursor,Q9UHC9
"ABC8,ATP-binding cassette transporter 8,White protein homolog,WHT1",P45844
"OAT4,Organic anion transporter 4",Q9NSA0
"KIAA0880,OATP-B,OATP-RP2,OATP2B1,OATPB,OATPRP2,Organic anion transporter B,Organic anion transporter polypeptide-related protein 2,SLC21A9,Solute carrier family 21 member 9",O94956
"hOAT2,NLT,Novel liver transporter,OAT2,Organic anion transporter 2",Q9Y694
"Intestinal H(+)/peptide cotransporter,Oligopeptide transporter, small intestine isoform,PEPT1,Peptide transporter 1",P46059
"Kidney H(+)/peptide cotransporter,Oligopeptide transporter, kidney isoform,PEPT2,Peptide transporter 2",Q16348
"MATE-1,MATE1,Solute carrier family 47 member 1",Q96FL8
"Kidney-specific H(+)/organic cation antiporter,MATE-2,MATE2,Solute carrier family 47 member 2",Q86VL8
"EAAC1,EAAT3,Excitatory amino-acid carrier 1,Neuronal and epithelial glutamate transporter,Sodium-dependent glutamate/aspartate transporter 3,Solute carrier family 1 member 1",P43005
"4F2 LC,4F2 light chain,4F2LC,CD98 light chain,CD98LC,hLAT1,Integral membrane protein E16,L-type amino acid transporter 1,LAT1,MPE16,Solute carrier family 7 member 5,y+ system cationic amino acid transporter",Q01650
"CNT 3,CNT3,Concentrative Na(+)-nucleoside cotransporter 3,hCNT3",Q9HAS3
"OAT-RP-5,OATP-14,OATP-F,OATP14,OATP1C1,OATPF,OATPRP5,Organic anion transporter F,Organic anion transporter polypeptide-related protein 5,Organic anion-transporting polypeptide 14,SLC21A14,Solute carrier family 21 member 14,Thyroxine transporter",Q9NYB5
"ABCB5 P-gp,P-glycoprotein ABCB5",Q2M3G0
"PAT2,Proton/amino acid transporter 2,Solute carrier family 36 member 2,TRAMD1,Tramdorin-1",Q495M3
"OATP-H,OATP-M1,OATP4C1,OATPX,Organic anion transporter M1,SLC21A20,Solute carrier family 21 member 20",Q6ZQN7
"Colon organic anion transporter,OATP-E,OATP-RP1,OATP1,OATP4A1,OATPE,OATPRP1,Organic anion transporter polypeptide-related protein 1,Organic anion-transporting polypeptide E,POAT,SLC21A12,Sodium-independent organic anion transporter E,Solute carrier family 21 member 12",Q96BD0
"OAT5,Organic anion transporter 5",Q63ZE4
"OST-alpha,OSTA,Solute carrier family 51 subunit alpha",Q86UW1
"OST-beta,OSTB,Solute carrier family 51 subunit beta",Q86UW2
"OATP-D,OATP-RP3,OATP3A1,OATPD,OATPRP3,Organic anion transporter polypeptide-related protein 3,Organic anion-transporting polypeptide D,PGE1 transporter,SLC21A11,Sodium-independent organic anion transporter D,Solute carrier family 21 member 11",Q9UIG8
"Anthracycline resistance-associated protein,ARA,ATP-binding cassette sub-family C member 6,MOAT-E,MRP6,Multi-specific organic anion transporter E",O95255
"ENT4,hENT4,Plasma membrane monoamine transporter,PMAT,Solute carrier family 29 member 4",Q7RTT9
"GABATR,GABT1,GAT-1,GAT1,Solute carrier family 6 member 1",P30531
"GABT3,GAT-3,GAT3,Solute carrier family 6 member 11",P48066
"NAT1,NET,NET1,Norepinephrine transporter,SLC6A5,Solute carrier family 6 member 2",P23975
"Oct-3,Oct-4,OCT3,OCT4,Octamer-binding protein 3,Octamer-binding protein 4,Octamer-binding transcription factor 3,OTF-3,OTF3",Q01860
"76 kDa Ral-interacting protein,Dinitrophenyl S-glutathione ATPase,DNP-SG ATPase,Ral-interacting protein 1,RalBP1,RLIP1,RLIP76",Q15311
"CNT 1,CNT1,Concentrative nucleoside transporter 1,hCNT1,Na(+)/nucleoside cotransporter 1,Sodium-coupled nucleoside transporter 1,Solute carrier family 28 member 1",O00337
"ENT1,Equilibrative NBMPR-sensitive nucleoside transporter,Equilibrative nitrobenzylmercaptopurine riboside-sensitive nucleoside transporter,Nucleoside transporter, es-type,Solute carrier family 29 member 1",Q99808
"36 kDa nucleolar protein HNP36,Delayed-early response protein 12,DER12,ENT2,Equilibrative NBMPR-insensitive nucleoside transporter,Equilibrative nitrobenzylmercaptopurine riboside-insensitive nucleoside transporter,HNP36,Hydrophobic nucleolar protein, 36 kDa,Nucleoside transporter, ei-type,Solute carrier family 29 member 2",Q14542
"Copper transporter 1,COPT1,CTR1,hCTR1,Solute carrier family 31 member 1",O15431
"Copper transporter 2,COPT2,CTR2,hCTR2,Solute carrier family 31 member 2",O15432
"3.6.3.54,Copper pump 2,PWD,WC1,Wilson disease-associated protein,WND",P35670
"3.6.3.54,Copper pump 1,MC1,Menkes disease-associated protein,MNK",Q04656
"FLOT1,FOLT,IFC-1,Intestinal folate carrier 1,Placental folate transporter,Reduced folate carrier protein,RFC,RFC1,Solute carrier family 19 member 1",P41440
"Adult folate-binding protein,FBP,Folate receptor 1,Folate receptor, adult,FOLR,FR-alpha,KB cells FBP,Ovarian tumor-associated antigen MOv18",P15328
"Amino acid transporter ATB0+,Solute carrier family 6 member 14",Q9UN76
"Carnitine transporter 2,CT2,Flipt 2,FLIPT2,Fly-like putative transporter 2,OCT6,Organic cation transporter OKB1,Organic cation/carnitine transporter 6",Q86VW1
"ABC-C transporter,ABC3,ATP-binding cassette 3,ATP-binding cassette transporter 3",Q99758
"AIT,Apical iodide transporter,Electrogenic sodium monocarboxylate cotransporter,SMCT,SMCT1,Sodium iodide-related cotransporter,Solute carrier family 5 member 8",Q8N695
"PAT1,Proton/amino acid transporter 1,Solute carrier family 36 member 1",Q7Z2H8
"OATL4,Organic anion transporter 4-like protein,Renal-specific transporter,RST,URAT1,Urate anion exchanger 1",Q96S37
"Glucose transporter type 9,GLUT-9,GLUT9",Q9NRM0
"Cellular retinoic acid-binding protein I,CRABP-I,RBP5",P29762
"Cellular retinoic acid-binding protein II,CRABP-II",P29373
"Basolateral Na-K-Cl symporter,Bumetanide-sensitive sodium-(potassium)-chloride cotransporter 1,NKCC1",P55011
"Bumetanide-sensitive sodium-(potassium)-chloride cotransporter 2,Kidney-specific Na-K-Cl symporter,NKCC2",Q13621
"Electroneutral potassium-chloride cotransporter 2,hKCC2,K-Cl cotransporter 2,KCC2,KIAA1176,Neuronal K-Cl cotransporter",Q9H2X9
"Electroneutral potassium-chloride cotransporter 3,K-Cl cotransporter 3,KCC3",Q9UHW9
"Electroneutral potassium-chloride cotransporter 4,K-Cl cotransporter 4,KCC4",Q9Y666
"Electroneutral potassium-chloride cotransporter 1,Erythroid K-Cl cotransporter 1,hKCC1,KCC1",Q9UP95
KIAA1888,Q8WWZ7
Sterolin-1,Q9H222
Sterolin-2,Q9H221
"M-ABC1,MABC1,Mitochondrial ATP-binding cassette 1",Q9NUT2
"CNT 2,CNT2,Concentrative nucleoside transporter 2,hCNT2,Na(+)/nucleoside cotransporter 2,Sodium-coupled nucleoside transporter 2,Sodium/purine nucleoside co-transporter,Solute carrier family 28 member 2,SPNT",O43868
"5HT transporter,5HTT,HTT,SERT,Solute carrier family 6 member 4",P31645
"Amino acid transport system xc-,Calcium channel blocker resistance protein CCBR1,Solute carrier family 7 member 11,xCT",Q9UPY5
"ABCB2,APT1,ATP-binding cassette sub-family B member 2,Peptide supply factor 1,Peptide transporter involved in antigen processing 1,Peptide transporter PSF1,Peptide transporter TAP1,PSF-1,PSF1,Really interesting new gene 4 protein,RING4,Y3",Q03518
"kNBC1,Na(+)/HCO3(-) cotransporter,NBC,NBC1,NBCE1,Sodium bicarbonate cotransporter,Solute carrier family 4 member 4",Q9Y6R1
"Bicarbonate transporter,BT,Electroneutral Na/HCO(3) cotransporter,NBC2,NBC2B,NBC3,NBCn1,SBC2,SLC4A6,Sodium bicarbonate cotransporter 2,Sodium bicarbonate cotransporter 2b,Solute carrier family 4 member 7",Q9Y6M7
"Electroneutral Na(+)-driven Cl-HCO3 exchanger,k-NBC3,KIAA0739,NBC,NBC3,NDCBE1,Solute carrier family 4 member 8",Q2Y0W8
"NBC4,NBCe2,Solute carrier family 4 member 5",Q9BY07
"NCBE,Solute carrier family 4 member 10",Q6U841
"ATP-binding cassette sub-family B member 4,MDR3,Multidrug resistance protein 3,P-glycoprotein 3,PGY3",P21439
"DA transporter,DAT1,Solute carrier family 6 member 3",Q01959
"Glucose transporter type 1, erythrocyte/brain,GLUT-1,GLUT1,HepG2 glucose transporter",P11166
"Glucose transporter type 2, liver,GLUT-2,GLUT2",P11168
"Glucose transporter type 3, brain,GLUT-3,GLUT3",P11169
"Glucose transporter type 4, insulin-responsive,GLUT-4,GLUT4",P14672
"Fructose transporter,Glucose transporter type 5, small intestine,GLUT-5,GLUT5",P22732
"Glucose transporter type 6,Glucose transporter type 9,GLUT-6,GLUT-9,GLUT9",Q9UGQ3
"Glucose transporter type 7,GLUT-7,GLUT7",Q6PXP3
"Glucose transporter type 8,Glucose transporter type X1,GLUT-8,GLUT8,GLUTX1",Q9NY64
"Glucose transporter type 10,GLUT-10,GLUT10",O95528
"Glucose transporter type 10,Glucose transporter type 11,GLUT-10,GLUT-11,GLUT10,GLUT11",Q9BYW1
"Glucose transporter type 12,GLUT-12,GLUT12,GLUT8",Q8TD20
"High affinity sodium-glucose cotransporter,Na(+)/glucose cotransporter 1,NAGT,SGLT1,Solute carrier family 5 member 1",P13866
"Low affinity sodium-glucose cotransporter,Na(+)/glucose cotransporter 2,SGLT2,Solute carrier family 5 member 2",P31639
Solute carrier family 6 member 6,P31641
"SOAT,Sodium-dependent organic anion transporter",Q3KNW5
"HUT2,Solute carrier family 14 member 2,Urea transporter, kidney,UT2",Q15849
"HUT11,JK,RACH1,Solute carrier family 14 member 1,Urea transporter, erythrocyte,UT1,UTE",Q13336
"2.4.1.17,Bilirubin-specific UDPGT isozyme 1,GNT1,hUG-BR1,UDP-glucuronosyltransferase 1-A,UDP-glucuronosyltransferase 1A1,UDPGT 1-1,UGT-1A,UGT1,UGT1A",P22309
"p90,T9,TR",P02786
"Beta-1 metal-binding globulin,Siderophilin,Transferrin",P02787
Ferritin L subunit,P02792
"1.16.3.1,Cell proliferation-inducing gene 15 protein,Ferritin H subunit,FTH,FTHL6",P02794
Serum albumin precursor,P02768
"1.16.3.1,Ferroxidase",P00450
"DCT1,Divalent cation transporter 1,Divalent metal transporter 1,DMT-1,DMT1,NRAMP 2,NRAMP2,Solute carrier family 11 member 2",P49281
"Monocyte amino acid permease 2,MOP-2,Solute carrier family 7 member 7,y(+)L-type amino acid transporter 1,y+LAT-1,Y+LAT1",Q9UM01
"Octn3,Organic cation/carnitine transporter 3,Slc22a9,Solute carrier family 22 member 9",Q9WTN6
"Na(+)-dependent multivitamin transporter,SMVT,Solute carrier family 5 member 6",Q9Y289
"ODC,Solute carrier family 25 member 21",Q9BQT8
"Na(+)/dicarboxylate cotransporter 1,NaDC-1,NADC1,Renal sodium/dicarboxylate cotransporter,SDCT1",Q13183
"Na(+)/citrate cotransporter,NACT,Sodium-coupled citrate transporter,Sodium-dependent citrate transporter",Q86YT5
"Citrate transport protein,CTP,SLC20A3,Solute carrier family 25 member 1,Tricarboxylate carrier protein",P53007
"C15orf6,CDRC2,PDRC2,Rh family type C glycoprotein,Rh glycoprotein kidney,Rh type C glycoprotein,Rhesus blood group family type C glycoprotein,RHGK,Tumor-related protein DRC2",Q9UBD6
"Gibbon ape leukemia virus receptor 1,GLVR-1,GLVR1,Leukemia virus receptor 1 homolog,Phosphate transporter 1,PiT-1,PIT1,Solute carrier family 20 member 1",Q8WUM9
"Gibbon ape leukemia virus receptor 2,GLVR-2,GLVR2,hPit2,Phosphate transporter 2,PiT-2,PIT2,Solute carrier family 20 member 2",Q08357
"Na(+)-dependent phosphate cotransporter 2A,Na(+)/Pi cotransporter 2A,NaPi-2a,NaPi-3,NPT2,SLC17A2,Sodium-phosphate transport protein 2A,Sodium/phosphate cotransporter 2A,Solute carrier family 34 member 1",Q06495
"Na(+)-dependent phosphate cotransporter 2B,Na(+)/Pi cotransporter 2B,NaPi-2b,NaPi3b,Sodium-phosphate transport protein 2B,Sodium/phosphate cotransporter 2B,Solute carrier family 34 member 2",O95436
"Na(+)-dependent phosphate cotransporter 2C,Na(+)/Pi cotransporter 2C,NaPi-2c,NPT2C,NPTIIC,Sodium-phosphate transport protein 2C,Sodium/inorganic phosphate cotransporter IIC,Sodium/phosphate cotransporter 2C,Solute carrier family 34 member 3",Q8N130
"2.7.11.1,CHAK2,Channel kinase 2,Melastatin-related TRP cation channel 6",Q9BX84
"ACDP2,Ancient conserved domain-containing protein 2,Cyclin-M2",Q9H8M5
"2.7.11.1,CHAK1,Channel-kinase 1,Long transient receptor potential channel 7,LTrpC-7,LTRPC7",Q96QT4
"CNC,Na(+)/Ca(2+)-exchange protein 1,NCX1,Solute carrier family 8 member 1",P32418
"Ca(v)3.3,KIAA1120,Voltage-gated calcium channel subunit alpha Cav3.3",Q9P0X4
"Breast carcinoma-associated antigen DF3,CA 15-3,Cancer antigen 15-3,Carcinoma-associated mucin,EMA,Episialin,H23AG,KL-6,Krebs von den Lungen-6,MUC-1,Peanut-reactive urinary mucin,PEM,PEMT,Polymorphic epithelial mucin,PUM,Tumor-associated epithelial membrane antigen,Tumor-associated mucin",P15941
"Calcium transport protein 1,CaT-L,CaT-like,CaT1,ECAC2,Epithelial calcium channel 2,TrpV6",Q9H1D0
"Calcium transport protein 2,CaT2,ECaC,ECAC1,Epithelial calcium channel 1,Osm-9-like TRP channel 3,OTRPC3,TrpV5",Q9NQA5
"RYDR,RYR-1,Skeletal muscle calcium release channel,Skeletal muscle ryanodine receptor,Skeletal muscle-type ryanodine receptor,Type 1 ryanodine receptor",P21817
"Cardiac muscle ryanodine receptor,Cardiac muscle ryanodine receptor-calcium release channel,RYR-2,Type 2 ryanodine receptor",Q92736
"PKD2L,PKDL,Polycystin-2 homolog,Polycystin-2L1,Polycystin-L,Polycystin-L1,TRPP3",Q9P0L9
"Brain ryanodine receptor-calcium release channel,Brain-type ryanodine receptor,HBRR,RYR-3,Type 3 ryanodine receptor",Q15413
"PC1-like 3 protein,Polycystin-1L3",Q7Z443
CatSper1,Q8NEC5
"CACH2,CACN2,CACNL1A1,Calcium channel, L type, alpha-1 polypeptide, isoform 1, cardiac muscle,CCHL1A1,Voltage-gated calcium channel subunit alpha Cav1.2",Q13936
"BI,Brain calcium channel I,CACH4,CACN3,CACNL1A4,Calcium channel, L type, alpha-1 polypeptide isoform 4,Voltage-gated calcium channel subunit alpha Cav2.1",O00555
"Cav3.1c,KIAA1123,NBR13,Voltage-gated calcium channel subunit alpha Cav3.1",O43497
"BII,Brain calcium channel II,CACH6,CACNL1A6,Calcium channel, L type, alpha-1 polypeptide, isoform 6,Voltage-gated calcium channel subunit alpha Cav2.3",Q15878
"SELP,SeP",P49908
"Alpha-TTP,TPP1",P49638
"TAP3,Tocopherol-associated protein 3",Q9UDX3
"Alpha-tocopherol-associated protein,C22orf6,hTAP,KIAA1186,KIAA1658,SPF,Squalene transfer protein,Supernatant protein factor,TAP",O76054
"TAP2,Tocopherol-associated protein 2",Q9UDX4
"apoB-48R,APOB48R,Apolipoprotein B-100 receptor,Apolipoprotein B-48 receptor,Apolipoprotein B48 receptor",Q0VD83
"INSP3R1,IP3 receptor isoform 1,IP3R 1,Type 1 inositol 1,4,5-trisphosphate receptor,Type 1 InsP3 receptor",Q14643
"2.1.3.3,Ornithine transcarbamylase,OTCase",P00480
"Eag homolog,Eag-related protein 1,ERG,ERG-1,ERG1,Ether-a-go-go-related gene potassium channel 1,Ether-a-go-go-related protein 1,H-ERG,HERG,hERG-1,hERG1,Voltage-gated potassium channel subunit Kv11.1",Q12809
"cmlB,coa,cry,Outer membrane protein 1A,Outer membrane protein B,Outer membrane protein IA,Porin OmpF,tolF",P02931
"Outer membrane porin C,Outer membrane protein C,Uncharacterized protein",Q9K597
"Na(+)/myo-inositol cotransporter,SMIT1,Sodium/myo-inositol transporter 1,Solute carrier family 5 member 3",P53794
"Iron binding protein FbpA,Periplasmic iron binding protein A FbpA",Q9Z4N6
"3.6.3.9,Na(+)/K(+) ATPase alpha-1 subunit,Sodium pump subunit alpha-1",P05023
"3.6.3.10,Gastric H(+)/K(+) ATPase subunit alpha,Proton pump",P20648
