ref-id,isbn,citation,parent_key
T11,978-0321556660,"Stanfield, Cindy L.;Germann, William J. (2009). Principles of Human Physiology (3rd ed.). Benjamin-Cummings Publishing Company.",BE0000062
T403,978-1-60413-204-5,May S. (2009). Weight-Loss Drugs. Chelsea House Publishers.,BE0003476
T6,0471948470,"Sneader, Walter (1996). Drug Prototypes and Their Exploitation. John Wiley & Sons.",BE0000694
T18,0198031351,"Robert A. Davidoff (2002). Migraine : Manifestations, Pathogenesis, and Management (pp. 438). Oxford University Press.",BE0000451
T9,978-0781754002,"Saxena PR, Tfel-Hansen P (2005). Triptans, 5-HT 1B/1D receptor agonists in the acute treatment of migraines. In Headaches (3rd ed., pp. 469-503, 459-467). Lippincott Williams & Wilkins.",BE0000797
T9,978-0781754002,"Saxena PR, Tfel-Hansen P (2005). Triptans, 5-HT 1B/1D receptor agonists in the acute treatment of migraines. In Headaches (3rd ed., pp. 469-503, 459-467). Lippincott Williams & Wilkins.",BE0000460
T5,9783540298328,"Striessnig, J. (2004). Ca 2+ channel blockers. In Encyclopedic reference of molecular pharmacology (pp. 201-207). Berlin: Springer.",BE0002354
T5,9783540298328,"Geisslinger, G., & Lötsch, J. (2004). Non-steroidal anti-inflammatory drugs. In Encyclopedic reference of molecular pharmacology (pp. 667-671). Berlin: Springer.",BE0001640
T1,978-0-07-162442-8,"Goodman, Louis Sanford;Brunton, Laurence L.;Chabner, Bruce;Knollman, Bjorn (2011). The Pharmacological Basis of Therapeutics (12th ed.). McGraw-Hill Professional Publishing.",BE0000393
T1,978-0-07-162442-8,"Goodman, Louis Sanford;Brunton, Laurence L.;Chabner, Bruce;Knollman, Bjorn (2011). The Pharmacological Basis of Therapeutics (12th ed.). McGraw-Hill Professional Publishing.",BE0004688
T1,978-0-07-162442-8,"Goodman, Louis Sanford;Brunton, Laurence L.;Chabner, Bruce;Knollman, Bjorn (2011). The Pharmacological Basis of Therapeutics (12th ed.). McGraw-Hill Professional Publishing.",BE0004889
T1,978-0-07-162442-8,"Goodman, Louis Sanford;Brunton, Laurence L.;Chabner, Bruce;Knollman, Bjorn (2011). The Pharmacological Basis of Therapeutics (12th ed.). McGraw-Hill Professional Publishing.",BE0000112
T1,978-0-07-162442-8,"Goodman, Louis Sanford;Brunton, Laurence L.;Chabner, Bruce;Knollman, Bjorn (2011). The Pharmacological Basis of Therapeutics (12th ed.). McGraw-Hill Professional Publishing.",BE0000146
T7,0470021411,"Derek Chadwick, Jamie Goode (2005). The HERG Cardiac Potassium Channel: Structure, Function and Long QT Syndrome, Novartis Foundation Symposium. Wiley.",BE0000090
T5,9783540298328,"Hein, L. (2004). alpha-Adrenergic system. In Encyclopedic reference of molecular pharmacology (pp. 27-30). Berlin: Springer.",BE0000501
T5,9783540298328,"Hein, L. (2004). alpha-Adrenergic system. In Encyclopedic reference of molecular pharmacology (pp. 27-30). Berlin: Springer.",BE0000575
T5,9783540298328,"Hein, L. (2004). alpha-Adrenergic system. In Encyclopedic reference of molecular pharmacology (pp. 27-30). Berlin: Springer.",BE0000715
T5,9783540298328,"Striessnig, J. (2004). Ca 2+ channel blockers. In Encyclopedic reference of molecular pharmacology (pp. 201-207). Berlin: Springer.",BE0000430
T5,9783540298328,"Striessnig, J. (2004). Ca 2+ channel blockers. In Encyclopedic reference of molecular pharmacology (pp. 201-207). Berlin: Springer.",BE0000691
T17,978-81-250-2025-7,Desai; Meena P.; Vijayalakshmi Bhatia & P.S.N. Menon (2001). Pediatric Endocrine Disorders. Orient Blackswan.,BE0004886
T17,978-81-250-2025-7,Desai; Meena P.; Vijayalakshmi Bhatia & P.S.N. Menon (2001). Pediatric Endocrine Disorders. Orient Blackswan.,BE0004885
T8,978-0-7295-3929-6,"Bryant, Bronwen (2010). Pharmacology for Health Professionals (Paperback) (3rd ed.). Chatswood: Mosby Australia.",BE0000770
T1,978-0-07-162442-8,"Goodman, Louis Sanford;Brunton, Laurence L.;Chabner, Bruce;Knollman, Bjorn (2011). The Pharmacological Basis of Therapeutics (12th ed.). McGraw-Hill Professional Publishing.",BE0000945
T1,978-0-07-162442-8,"Goodman, Louis Sanford;Brunton, Laurence L.;Chabner, Bruce;Knollman, Bjorn (2011). The Pharmacological Basis of Therapeutics (12th ed.). McGraw-Hill Professional Publishing.",BE0004864
T1,978-0-07-162442-8,"Goodman, Louis Sanford;Brunton, Laurence L.;Chabner, Bruce;Knollman, Bjorn (2011). The Pharmacological Basis of Therapeutics (12th ed.). McGraw-Hill Professional Publishing.",BE0004872
T1,978-0-07-162442-8,"Goodman, Louis Sanford;Brunton, Laurence L.;Chabner, Bruce;Knollman, Bjorn (2011). The Pharmacological Basis of Therapeutics (12th ed.). McGraw-Hill Professional Publishing.",BE0000756
T1,978-0-07-162442-8,"Goodman, Louis Sanford;Brunton, Laurence L.;Chabner, Bruce;Knollman, Bjorn (2011). The Pharmacological Basis of Therapeutics (12th ed.). McGraw-Hill Professional Publishing.",BE0004897
T1,978-0-07-162442-8,"Goodman, Louis Sanford;Brunton, Laurence L.;Chabner, Bruce;Knollman, Bjorn (2011). The Pharmacological Basis of Therapeutics (12th ed.). McGraw-Hill Professional Publishing.",BE0000533
T1,978-0-07-162442-8,"Goodman, Louis Sanford;Brunton, Laurence L.;Chabner, Bruce;Knollman, Bjorn (2011). The Pharmacological Basis of Therapeutics (12th ed.). McGraw-Hill Professional Publishing.",BE0000650
T1,978-0-07-162442-8,"Goodman, Louis Sanford;Brunton, Laurence L.;Chabner, Bruce;Knollman, Bjorn (2011). The Pharmacological Basis of Therapeutics (12th ed.). McGraw-Hill Professional Publishing.",BE0000581
T1,978-0-07-162442-8,"Goodman, Louis Sanford;Brunton, Laurence L.;Chabner, Bruce;Knollman, Bjorn (2011). The Pharmacological Basis of Therapeutics (12th ed.). McGraw-Hill Professional Publishing.",BE0000389
T1,978-0-07-162442-8,"Goodman, Louis Sanford;Brunton, Laurence L.;Chabner, Bruce;Knollman, Bjorn (2011). The Pharmacological Basis of Therapeutics (12th ed.). McGraw-Hill Professional Publishing.",BE0004863
T1,978-0-07-162442-8,"Goodman, Louis Sanford;Brunton, Laurence L.;Chabner, Bruce;Knollman, Bjorn (2011). The Pharmacological Basis of Therapeutics (12th ed.). McGraw-Hill Professional Publishing.",BE0000647
T5,9783540298328,"Hein, L. (2004). alpha-Adrenergic system. In Encyclopedic reference of molecular pharmacology (pp. 27-30). Berlin: Springer.",BE0000289
T5,9783540298328,"Hein, L. (2004). alpha-Adrenergic system. In Encyclopedic reference of molecular pharmacology (pp. 27-30). Berlin: Springer.",BE0000572
T5,9783540298328,"Hein, L. (2004). alpha-Adrenergic system. In Encyclopedic reference of molecular pharmacology (pp. 27-30). Berlin: Springer.",BE0000342
T90,,Pillay V.V. (2013). Modern medical toxicology (4th ed.). Jaypee Brothers.,BE0009376
T90,,Pillay V.V. (2013). Modern medical toxicology (4th ed.). Jaypee Brothers.,BE0004888
T90,,Pillay V.V. (2013). Modern medical toxicology (4th ed.). Jaypee Brothers.,BE0004872
T90,,Pillay V.V. (2013). Modern medical toxicology (4th ed.). Jaypee Brothers.,BE0004862
T1,978-0-07-162442-8,"Goodman, Louis Sanford;Brunton, Laurence L.;Chabner, Bruce;Knollman, Bjorn (2011). The Pharmacological Basis of Therapeutics (12th ed.). McGraw-Hill Professional Publishing.",BE0000795
T34,978-1-4377-0310-8,"Bardal S, Waechter J, Martin D. (2011). Applied Pharmacology. Elsevier Health Sciences.",BE0000557
T160,,"Dasgupta A. and Klein K. (2014). Antioxidants in food, vitamins and supplements. Elsevier.",BE0009339
T159,,"Lustgarten M., Muller F. and Van Remmen H. (2011). Handbook of the Biology of Aging (7th ed.). Academic press.",BE0009339
T158,,Pattani K. (2010). Early diagnosis and treatment of cancer series: Head and Neck Cancer. Elsevier.,BE0009339
T19,3718658437,"Comper, Wayne D. (1996). Extracellular Matrix (2nd ed.). CRC Press LLC.",BE0001085
T59,,Barnett A.  (2012). Type 2 diabetes (2nd ed.). Oxford.,BE0000453
T77,,"Clark M., Harvey R., Finkel R., Rey J. and Whalen K. (2011). Pharmacology (5th ed.). Lippincott Williams & Wilkins.",BE0000557
T28,978-0-7020-3471-8,"43. (2012). In Rang and Dale's Pharmacology  (7th ed., pp. 534). Edinburgh: Elsevier/Churchill Livingstone.",BE0000795
T28,978-0-7020-3471-8,"43. (2012). In Rang and Dale's Pharmacology  (7th ed., pp. 534). Edinburgh: Elsevier/Churchill Livingstone.",BE0000381
T28,978-0-7020-3471-8,"43. (2012). In Rang and Dale's Pharmacology  (7th ed., pp. 534). Edinburgh: Elsevier/Churchill Livingstone.",BE0000523
T28,978-0-7020-3471-8,"43. (2012). In Rang and Dale's Pharmacology  (7th ed., pp. 534). Edinburgh: Elsevier/Churchill Livingstone.",BE0003592
T87,,Ganten D. and Mulrow P.J. (1990). Pharmacology of anti-hypertensive therapeutics (1st ed.). Springer .,BE0000172
T87,,Ganten D. and Mulrow P.J. (1990). Pharmacology of anti-hypertensive therapeutics (1st ed.). Springer .,BE0000694
T87,,Ganten D. and Mulrow P.J. (1990). Pharmacology of anti-hypertensive therapeutics (1st ed.). Springer .,BE0004863
T109,,Macdonald G. and Bartolome J.M. (2010). Progress in Medicinal Chemistry. Lawton and Witty.,BE0004889
T109,,Macdonald G. and Bartolome J.M. (2010). Progress in Medicinal Chemistry. Lawton and Witty.,BE0000756
T109,,Macdonald G. and Bartolome J.M. (2010). Progress in Medicinal Chemistry. Lawton and Witty.,BE0000451
T109,,Macdonald G. and Bartolome J.M. (2010). Progress in Medicinal Chemistry. Lawton and Witty.,BE0000945
T109,,Macdonald G. and Bartolome J.M. (2010). Progress in Medicinal Chemistry. Lawton and Witty.,BE0000650
T109,,Macdonald G. and Bartolome J.M. (2010). Progress in Medicinal Chemistry. Lawton and Witty.,BE0000486
T109,,Macdonald G. and Bartolome J.M. (2010). Progress in Medicinal Chemistry. Lawton and Witty.,BE0000749
T126,,"Honjo T., Alt F. and Neuberger M. (2004). Molecular biology of B cells. Elsevier .",BE0002446
T126,,"Honjo T., Alt F. and Neuberger M. (2004). Molecular biology of B cells. Elsevier .",BE0000066
T143,,Smith M. and Morton D. (2010). The digestive system  (2nd ed.). Churchill Livingstone.,BE0004791
T144,,"German A., Maddison J. and Guilford G. (2008). Small animal clinical pharmacology (2nd ed.). Elsevier.",BE0004849
T136,,Lee M. and Abrahams M.  (2012). Clinical pharmacology (11th ed.). Churchill Livingstone.,BE0000420
T137,,"Michael-Titus A., Revest P. and Shortland P. (2010). The nervous system (2nd ed.). Churchill Livingstone.",BE0000420
T136,,Lee M. and Abrahams M.  (2012). Clinical pharmacology (11th ed.). Churchill Livingstone.,BE0000632
T137,,"Michael-Titus A., Revest P. and Shortland P. (2010). The nervous system (2nd ed.). Churchill Livingstone.",BE0000632
T136,,Lee M. and Abrahams M.  (2012). Clinical pharmacology (11th ed.). Churchill Livingstone.,BE0000770
T137,,"Michael-Titus A., Revest P. and Shortland P. (2010). The nervous system (2nd ed.). Churchill Livingstone.",BE0000770
T195,3-7692-3483-9,"Steinhilber, D., Schubert M. and Roth H. (2005). Medizinische Chemie. Deutscher Apotheker Verlag.",BE0009376
T332,9780857113092,Alison Brayfield (2017). Martindale the Complete Drug Reference - Volume A (39th ed.). Pharmaceutical Press.,BE0000017
T332,9780857113092,Alison Brayfield (2017). Martindale the Complete Drug Reference - Volume A (39th ed.). Pharmaceutical Press.,BE0000262
T51,,Sneader W. (2005). Drug discovery a history. Wiley.,BE0000017
T52,,"Chian R., Nargund G. and Huang J. (2017). Development of In vitro maturation for human oocytes. Springer.",BE0000017
T51,,Sneader W. (2005). Drug discovery a history. Wiley.,BE0000262
T52,,"Chian R., Nargund G. and Huang J. (2017). Development of In vitro maturation for human oocytes. Springer.",BE0000262
T28,978-0-7020-3471-8,"Rang, H. P. and Dale, M. M. (2012). Rang and Dale's Pharmacology  (7th ed.). Edinburgh: Elsevier/Churchill Livingstone.",BE0000381
T28,978-0-7020-3471-8,"Rang, H. P. and Dale, M. M. (2012). Rang and Dale's Pharmacology  (7th ed.). Edinburgh: Elsevier/Churchill Livingstone.",BE0003592
T28,978-0-7020-3471-8,"Rang, H. P. and Dale, M. M. (2012). Rang and Dale's Pharmacology  (7th ed.). Edinburgh: Elsevier/Churchill Livingstone.",BE0000523
T28,978-0-7020-3471-8,"Rang, H. P. and Dale, M. M. (2012). Rang and Dale's Pharmacology  (7th ed.). Edinburgh: Elsevier/Churchill Livingstone.",BE0000471
T28,978-0-7020-3471-8,"Rang, H. P. and Dale, M. M. (2012). Rang and Dale's Pharmacology  (7th ed.). Edinburgh: Elsevier/Churchill Livingstone.",BE0000795
T59,,Barnett A.  (2012). Type 2 diabetes (2nd ed.). Oxford.,BE0000857
T166,0309069491,"Institute of Medicine (US) Panel on Dietary Antioxidants and Related Compounds (2000). Dietary Reference Intakes for Vitamin C, Vitamin E, Selenium, and Carotenoids. National Academies Press (US).",BE0009339
T233,,"Miguel P. Rocha, Florentino Fernández Riverola, Hagit Shatkay, Juan Manuel Corchado Rodríguez (2010). Advances in Bioinformatics. Springer.",BE0001032
